"Audio / Video",Show,Tour,Date,"Matinée / Evening",Master,Cast,"Master Notes","Trading Notes","NFT Date","NFT Forever","Not For Sale","Gifting Status","Limited Trade Status",Type,"Release Format","Trader Format","My Notes","Amount Recorded",Venue,City,Collected,Link
Video,"2:22 A Ghost Story","Center Theatre Group",2022-11-××,Unknown,Sbeve/QuoxWoodTrees,"Constance Wu (Jenny), Finn Wittrock (Sam), Anna Camp (Lauren), Adam Rothenberg (Ben), Nathan James (Officer Jones), Hannah Barefoot (Officer Miller)",,"Good quality video, video starts 5 minutes into the show and the right side of the stage is obstructed for 20 minutes before I was able to move to a better seat. After that, there is minimal obstructions and the action is captured well. Brief and miminal drifting, unfocusedness and drop-outs. Included is a full audio from this performance and a quality-enhanced edited version by @bsangeloni!",2023-06-01,,,"Gift at your Discretion",Unrestricted,Bootleg,"MP4 (HD) - 36.97 GB (Original) + MP4 (HD) - 7.48 GB (Remaster) + M4A (untracked) - 49.8 MB (Audio)","MP4 - 7.47 GB, M4A - 49.7 MB (untracked)",,"Full Show","Ahmanson Theatre","Los Angeles, CA",2026-08-20,https://encora.it/recordings/1137480/
Video,"21 Chump Street","Brooklyn Academy of Music",2014-06-07,Evening,,"Lin-Manuel Miranda (Narrator), Anthony Ramos (Justin Laboy), Lindsay Mendez (Naomi Rodriguez), Alex Boniello (Tevin/Boy/Cousin 1), Gerard Canonico (Derek/Cousin 2/Lawyer), Antwaun Holley (Andrew/Cousin 3/Police Officer)",,"Mini musical based on a true story and written by Lin-Manuel Miranda. Presented as part of the This American Life: One Night Only live event at BAM, hosted by Ira Glass. Multiple versions circulate, including one that is the entire video of the event. Screen shots are from the 4.33 GB video of the full event.",,,,"Gift at your Discretion",Unrestricted,Pro-Shot,,"MP4 - 165 MB",,"Full Show","Brooklyn Academy of Music - Howard Gilman Opera House","Brooklyn, NY",2026-08-21,https://encora.it/recordings/6680/
Video,"The 25th Annual Putnam County Spelling Bee",Off-Broadway,2005-02-15,Evening,Pigerty,"Lisa Howard (Rona Lisa Peretti), Celia Keenan-Bolger (Olive Ostrovsky), Dan Fogler (William Barfée), Sarah Saltzberg (Logainne Schwartzandgrubenierre), Derrick Baskin (Mitch Mahoney), Jesse Tyler Ferguson (Leaf Coneybear), Deborah S. Craig (Marcy Park), Jose Llana (Chip Tolentino), Jay Reiss (Douglas Panch)",,"There's a fair number of digital glitches and it takes a few minutes for the camera to get aimed, but overall a great video with clear sound. Includes NY1 review and interview segment. Multiple VOB & smalls versions circulate, with sizes including 4.4 GB, 2.86 GB, and 1.49 GB. The 2.86 GB version is the highest quality. Check with traders which version they have.",,,,"Gift at your Discretion",Unrestricted,Bootleg,"2.86 GB VOB","VOB + smalls - 2.85 GB",,"Full Show","Second Stage Theatre","New York, NY",2026-08-01,https://encora.it/recordings/9975/
Audio,"The 25th Annual Putnam County Spelling Bee","Broadway Center Stage",2024-10-13,Evening,Unknown,"Bonnie Milligan (Rona Lisa Peretti), Nina White (Olive Ostrovsky), Kevin McHale (William Barfée), Beanie Feldstein (Logainne Schwartzandgrubenierre), Alex Joseph Grayson (Mitch Mahoney), Noah Galvin (Leaf Coneybear), Leana Rae Concepcion (Marcy Park), Philippe Arroyo (Chip Tolentino), Taran Killam (Douglas Panch), Carla Hall (g/p Guest Speller)","The precursor to the current off-Broadway revival at KenCen, back when respectable people still set foot in that building. Bonnie was easily the best Rona I’ve ever seen. Funny, sassy, and a killer belt. Chef Carla Hall is a guest speller.",,,,,"Gift at your Discretion",Unrestricted,Bootleg,"M4A (untracked) - 52.5 MB","M4A - 52.5 MB (untracked)",,"Full Show","The Kennedy Center - Eisenhower Theater","Washington, DC",2026-08-13,https://encora.it/recordings/2032170/
Video,"The 25th Annual Putnam County Spelling Bee","Broadway Center Stage","2024-10-×× (2)",Unknown,juniper47,"Bonnie Milligan (Rona Lisa Peretti), Nina White (Olive Ostrovsky), Kevin McHale (William Barfée), Beanie Feldstein (Logainne Schwartzandgrubenierre), Alex Joseph Grayson (Mitch Mahoney), Noah Galvin (Leaf Coneybear), Leana Rae Concepcion (Marcy Park), Philippe Arroyo (Chip Tolentino), Taran Killam (Douglas Panch)","Filmed in 4K from rear orchestra. A bit more adjustments due to positioning compared to October 2024 (1), dropouts for applause and a few moments people when lights came up and when were coming in late. One head occasionally obstructs but is shot around as best as possible. Still a great capture that follows action well. Includes obstructed curtain call. 
NFT (NOT FOR TRADE) and sales only through master until February 28, 2026.",,2026-02-28,,NFS,"Never Gift",Unrestricted,Bootleg,"MP4 (4K) - 9.59 GB","MP4 - 9.58 GB",,"Full Show","The Kennedy Center - Eisenhower Theater","Washington, DC",2026-08-07,https://encora.it/recordings/2016594/
Video,"The 25th Annual Putnam County Spelling Bee","Broadway Center Stage",2024-10-××,Unknown,StarCuffedJeans,"Bonnie Milligan (Rona Lisa Peretti), Nina White (Olive Ostrovsky), Kevin McHale (William Barfée), Beanie Feldstein (Logainne Schwartzandgrubenierre), Alex Joseph Grayson (Mitch Mahoney), Noah Galvin (Leaf Coneybear), Leana Rae Concepcion (Marcy Park), Philippe Arroyo (Chip Tolentino), Taran Killam (Douglas Panch), Jesse Tyler Ferguson (g/p Guest Speller), Sarah Saltzberg (g/p Guest Speller), Jose Llana (g/p Guest Speller)",,,2026-02-01,,,"Gift at your Discretion",Unrestricted,Bootleg,"MP4 (HD) - 4.98 GB","MP4 - 4.97 GB",,"Full Show","The Kennedy Center - Eisenhower Theater","Washington, DC",2026-07-31,https://encora.it/recordings/2018661/
Audio,"The 25th Annual Putnam County Spelling Bee","Broadway Center Stage",2024-10-19,Matinee,BoqTheMunchkin,"Bonnie Milligan (Rona Lisa Peretti), Nina White (Olive Ostrovsky), Kevin McHale (William Barfée), Beanie Feldstein (Logainne Schwartzandgrubenierre), Alex Joseph Grayson (Mitch Mahoney), Noah Galvin (Leaf Coneybear), Leana Rae Concepcion (Marcy Park), Philippe Arroyo (Chip Tolentino), Taran Killam (Douglas Panch), Sarah Saltzberg (g/p Guest Speller), Jesse Tyler Ferguson (g/p Guest Speller), Jose Llana (g/p Guest Speller)","Recorded from rear center orchestra. Featuring original Broadway cast members guest spellers Jose Llana, Sarah Saltzberg, and Jesse Tyler Ferguson along with Sarah’s adorable son. Tons of energy and so many laughs with an absolutely perfect cast. I so hope this production transfers with this cast because it’s s-u-b-l-i-m-e! File includes company board photo and digital program. No TikTok, no Reddit, no Tumblr.",,,,,"Never Gift",Unrestricted,Bootleg,"M4A (untracked) - 53.8 MB","M4A - 53.7 MB (untracked)",,"Full Show","The Kennedy Center - Eisenhower Theater","Washington, DC",2026-08-09,https://encora.it/recordings/2005491/
Audio,"The 25th Annual Putnam County Spelling Bee","Broadway Center Stage",2024-10-12,Evening,Candlespin,"Bonnie Milligan (Rona Lisa Peretti), Nina White (Olive Ostrovsky), Kevin McHale (William Barfée), Beanie Feldstein (Logainne Schwartzandgrubenierre), Alex Joseph Grayson (Mitch Mahoney), Noah Galvin (Leaf Coneybear), Leana Rae Concepcion (Marcy Park), Philippe Arroyo (Chip Tolentino), Taran Killam (Douglas Panch)","I'm not sure who keeps editing this but Cobie Smulders and Carla Hall were NOT guest spellers at this performance.  Cobie I believe was there on Sunday the 13th.  She was NOT at the performance I recorded (As a big fan of hers, I ABSOLUTELY would have remembered if Taran was giving words to his RL wife lol).

My favorite musical of all time and it did not disappoint! Cast was amazing, audience was super energetic. 10/10",,,,,"Gift On Request",Unrestricted,Bootleg,"M4A (untracked) - 155 MB","M4A - 155 MB (untracked)",,"Full Show","The Kennedy Center - Eisenhower Theater","Washington, DC",2026-08-09,https://encora.it/recordings/2005226/
Video,"The 25th Annual Putnam County Spelling Bee","Broadway Center Stage","2024-10-×× (1)",Unknown,juniper47,"Bonnie Milligan (Rona Lisa Peretti), Nina White (Olive Ostrovsky), Kevin McHale (William Barfée), Beanie Feldstein (Logainne Schwartzandgrubenierre), Alex Joseph Grayson (Mitch Mahoney), Noah Galvin (Leaf Coneybear), Leana Rae Concepcion (Marcy Park), Philippe Arroyo (Chip Tolentino), Taran Killam (Douglas Panch), Ben Platt (g/p Guest Speller)","Filmed in 4K from balcony. Excellent steady capture of this much-anticipated production at KenCen, almost no obstruction (just a bit of my sleeve visible for the first number until it was adjusted), brief blackouts only when house lights went up. WIder shots during ensemble numbers and spelling segments to see the speller, Rona, and Panch; closer zooms for individual focus. Includes curtain call. 
NFT (NOT FOR TRADE) and sales only through master until July 28, 2025.",,2025-07-28,,NFS,"Never Gift",Unrestricted,Bootleg,"MP4 4K","MP4 - 9.42 GB",,"Full Show","The Kennedy Center - Eisenhower Theater","Washington, DC",2026-07-31,https://encora.it/recordings/2007402/
Audio,"The 25th Annual Putnam County Spelling Bee","Broadway Center Stage",2024-10-11,Evening,mrbungee,"Bonnie Milligan (Rona Lisa Peretti), Nina White (Olive Ostrovsky), Kevin McHale (William Barfée), Beanie Feldstein (Logainne Schwartzandgrubenierre), Alex Joseph Grayson (Mitch Mahoney), Noah Galvin (Leaf Coneybear), Leana Rae Concepcion (Marcy Park), Philippe Arroyo (Chip Tolentino), Taran Killam (Douglas Panch)",,,,,,"Gift at your Discretion",Unrestricted,Bootleg,"MP3 (tracked) - 84 MB","MP3 - 84.3 MB (tracked)",,"Full Show","The Kennedy Center - Eisenhower Theater","Washington, DC",2026-08-03,https://encora.it/recordings/2014540/
Video,"The 25th Annual Putnam County Spelling Bee","Off-Broadway Revival",2025-12-××,Matinee,"The Riddle","Lilli Cooper (Rona Lisa Peretti), Jasmine Rogers (Olive Ostrovsky), Kevin McHale (William Barfée), Autumn Best (Logainne Schwartzandgrubenierre), Matt Manuel (Mitch Mahoney), Justin Cooley (Leaf Coneybear), Leana Rae Concepcion (Marcy Park), Philippe Arroyo (Chip Tolentino), Jason Kravits (Douglas Panch), Michael Urie (g/p Guest Speller)","Good 4k capture of this fun show! Shot in a mix of mediums, wides, and closeups, with some more wide shots to emphasize the ensemble nature of the piece. Starts slightly after Lilli's entrance, with the first thirty seconds of video blacked out, and another blackout about 10 minutes in, when the audience was asked to stand up. Shot over the mezzanine ledge to the best of my ability, but it appears in most wide shots. Some shakiness from readjusting the frame every so often to ensure the ledge's presence was minimal, and actor's feet can be blocked off by it, but most mediums and closeups are not affected. I was sitting next to perhaps the loudest laugher in the entire world, apologies about that. Includes bows.",,2026-07-01,,,"Gift at your Discretion",Unrestricted,Bootleg,"MP4 (8.27 GB, 4K)","MP4 - 8.26 GB",,"Full Show","New World Stages - Stage 3","New York, NY",2026-07-28,https://encora.it/recordings/2026632/
Audio,"The 25th Annual Putnam County Spelling Bee","Broadway Center Stage",2024-10-13,Evening,bobbyskazoo,"Bonnie Milligan (Rona Lisa Peretti), Nina White (Olive Ostrovsky), Kevin McHale (William Barfée), Beanie Feldstein (Logainne Schwartzandgrubenierre), Alex Joseph Grayson (Mitch Mahoney), Noah Galvin (Leaf Coneybear), Leana Rae Concepcion (Marcy Park), Philippe Arroyo (Chip Tolentino), Taran Killam (Douglas Panch), Cobie Smulders (g/p Guest Speller), Carla Hall (g/p Guest Speller)","<p>Clear audio recorded from the second row; laughter occasionally overpowers the dialogue. The guest spellers were Cobie Smulders, Carla Hall, and two other audience members.</p><p><br></p><p>Do not post on any platform (TikTok, Tumblr, YouTube, Reddit, etc.). Please list as bobbyskazoo’s master. Feel free to trade as normal; never to be gifted or sold.</p>",,,,NFS,"Never Gift",Unrestricted,Bootleg,"M4A (untracked) - 319.5 MB","M4A - 319 MB (untracked)",,"Full Show","The Kennedy Center - Eisenhower Theater","Washington, DC",2026-08-13,https://encora.it/recordings/2023919/
Video,"The 25th Annual Putnam County Spelling Bee","Off-Broadway Revival",2025,Unknown,MTTZ,"Lilli Cooper (Rona Lisa Peretti), Emily N. Rudolph (u/s Olive Ostrovsky), Kevin McHale (William Barfée), Autumn Best (Logainne Schwartzandgrubenierre), Matt Manuel (Mitch Mahoney), Justin Cooley (Leaf Coneybear), Leana Rae Concepcion (Marcy Park), Philippe Arroyo (Chip Tolentino), Jason Kravits (Douglas Panch)","Excellent capture of this wonderful revival! Shot in a great mix of wides, mediums, and close-ups, with a focus on wides in earlier parts of the show to get all the acting choices. Some increased wandering, shaking, and re-adjusting throughout. Audio is patched in from an external source. Some disruptive audience noises. A few brief dropouts and obstructions from latecomers, as well as obstruction on the bottom and left side of the screen that is worked around well and never obstructs significant action. Overall an excellent capture, and about as good as you'll get in that space. This video should not be listed with a month.",,2026-06-05,,,"Gift at your Discretion",Unrestricted,Bootleg,,"MP4 - 7.22 GB",,"Full Show","New World Stages - Stage 3","New York, NY",2026-07-18,https://encora.it/recordings/2025584/
Audio,"Ace (Taylor/Oberacker)","The Old Globe",2007-01-21,Evening,Unknown,"Darren Ritchie (Ace), Lisa Datz (Elizabeth), Heather Ayers (Ruth), Betsy Wolfe (Louise), Gabrielle Boyajian (Emily), Michael Arden (John Roberts), Noah Galvin (Billy), Traci Lyn Thomas (Mrs. Crandall), Duke Lafoon (Edward)",,,,,,"Gift at your Discretion",Unrestricted,Bootleg,,"MP3 - 126 MB (tracked)",,"Full Show","The Old Globe","San Diego, CA",2026-08-17,https://encora.it/recordings/17308/
Video,"Ace (Taylor/Oberacker)","The Old Globe",2007,Evening,Unknown,"Darren Ritchie (Ace), Lisa Datz (Elizabeth), Heather Ayers (Ruth), Betsy Wolfe (Louise), Gabrielle Boyajian (Emily), Michael Arden (John Roberts), Noah Galvin (Billy), Traci Lyn Thomas (Mrs. Crandall), Duke Lafoon (Edward)",,"Shooting is generally decent despite some washout. About 60 min. of highlights. Filmed sometime in January-February.",,,,"Gift at your Discretion",Unrestricted,Bootleg,,"VOB + smalls - 2.14 GB",,Highlights,"The Old Globe","San Diego, CA",2026-08-18,https://encora.it/recordings/34145/
Video,"The Addams Family",Broadway,2010-03-12,Evening,SunsetBlvd79,"Bebe Neuwirth (Morticia Addams), Nathan Lane (Gomez Addams), Kevin Chamberlin (Fester Addams), Krysta Rodriguez (Wednesday Addams), Wesley Taylor (Lucas Beineke), Jackie Hoffman (Grandma Addams), Zachary James (Lurch), Adam Riegler (Pugsley Addams), Carolee Carmello (Alice Beineke), Terrence Mann (Mal Beineke)","Many, many changes from the Pre-Broadway run in Chicago. The show has a very different feel and works much better. The cast is still very strong and very funny. One of the biggest transformations I can remember with a Broadway transfer! A-","T/W: This video contains a PETA advertisement at the beginning, which contains graphic images and may be distressing.  This was included by the master on release.",,,,"Gift at your Discretion",Unrestricted,Bootleg,,"VOB + smalls - 3.95 GB",,"Full Show","Lunt-Fontanne Theatre","New York, NY",2026-08-20,https://encora.it/recordings/675/
Audio,"Alice By Heart",Off-Broadway,2019-02-28,Evening,OrRatherAGhost,"Molly Gordon (Alice Spencer/Alice), Colton Ryan (Alfred Hallam/White Rabbit/March Hare), Nkeki Obi-Melekwe (Tabatha/Cheshire Cat/Caterpillar 2), Noah Galvin (Dodgy/Duchess/Dodo/Mock Mock Mock Mock Turtle), Grace McLean (Red Cross Nurse/Queen of Hearts/Magpie), Andrew Kober (Dr. Butridge/King of Hearts/Jabberwocky/Duck/Mock Turtle), Wesley Taylor (Harold Pudding/Mad Hatter/Knave of Spades/Pigeon/Mock Mock Turtle), Catherine Ricafort (Clarissa/Queen of Diamonds/Canary/Mock Mock Mock Turtle), Heath Saunders (Angus/Caterpillar/Knave of Hearts), Z Infante (Nigel/Dormouse/Knave of Clubs/Eaglet)",,"includes talkback",,,,"Gift at your Discretion",Unrestricted,Bootleg,,"M4A - 323 MB (tracked + untracked)",,"Full Show","MCC Theater - The Newman Mills Theater","New York, NY",2026-08-11,https://encora.it/recordings/14016/
Audio,"Alice By Heart",Off-Broadway,2019-02-23,Evening,StarCuffedJeans,"Molly Gordon (Alice Spencer/Alice), Colton Ryan (Alfred Hallam/White Rabbit/March Hare), Nkeki Obi-Melekwe (Tabatha/Cheshire Cat/Caterpillar 2), Noah Galvin (Dodgy/Duchess/Dodo/Mock Mock Mock Mock Turtle), Grace McLean (Red Cross Nurse/Queen of Hearts/Magpie), Andrew Kober (Dr. Butridge/King of Hearts/Jabberwocky/Duck/Mock Turtle), Wesley Taylor (Harold Pudding/Mad Hatter/Knave of Spades/Pigeon/Mock Mock Turtle), Catherine Ricafort (Clarissa/Queen of Diamonds/Canary/Mock Mock Mock Turtle), Heath Saunders (Angus/Caterpillar/Knave of Hearts), Z Infante (Nigel/Dormouse/Knave of Clubs/Eaglet)",,,,,,"Gift at your Discretion",Unrestricted,Bootleg,,"MP3 - 62.6 MB (untracked)",,"Full Show","MCC Theater - The Newman Mills Theater","New York, NY",2026-08-22,https://encora.it/recordings/7302/
Audio,"Alice By Heart",Off-Broadway,2019-01-30,Evening,StarCuffedJeans,"Molly Gordon (Alice Spencer/Alice), Colton Ryan (Alfred Hallam/White Rabbit/March Hare), Nkeki Obi-Melekwe (Tabatha/Cheshire Cat/Caterpillar 2), Noah Galvin (Dodgy/Duchess/Dodo/Mock Mock Mock Mock Turtle), Natalie Walker (u/s Red Cross Nurse/u/s Queen of Hearts/u/s Magpie), Andrew Kober (Dr. Butridge/King of Hearts/Jabberwocky/Duck/Mock Turtle), Wesley Taylor (Harold Pudding/Mad Hatter/Knave of Spades/Pigeon/Mock Mock Turtle), Catherine Ricafort (Clarissa/Queen of Diamonds/Canary/Mock Mock Mock Turtle), Heath Saunders (Angus/Caterpillar/Knave of Hearts), Z Infante (Nigel/Dormouse/Knave of Clubs/Eaglet), Mia DiLena (Ensemble), Zachary Downer (Ensemble)",,"First preview! Taken from the front orchestra",,,,"Gift at your Discretion",Unrestricted,Bootleg,,"MP3 - 66.8 (untracked)",,"Full Show","MCC Theater - The Newman Mills Theater","New York, NY",2026-08-11,https://encora.it/recordings/7289/
Audio,"Alice By Heart",Off-Broadway,2019-02-08,Evening,magicshowsandmiracles,"Molly Gordon (Alice Spencer/Alice), Colton Ryan (Alfred Hallam/White Rabbit/March Hare), Nkeki Obi-Melekwe (Tabatha/Cheshire Cat/Caterpillar 2), Noah Galvin (Dodgy/Duchess/Dodo/Mock Mock Mock Mock Turtle), Grace McLean (Red Cross Nurse/Queen of Hearts/Magpie), Andrew Kober (Dr. Butridge/King of Hearts/Jabberwocky/Duck/Mock Turtle), Wesley Taylor (Harold Pudding/Mad Hatter/Knave of Spades/Pigeon/Mock Mock Turtle), Catherine Ricafort (Clarissa/Queen of Diamonds/Canary/Mock Mock Mock Turtle), Heath Saunders (Angus/Caterpillar/Knave of Hearts), Z Infante (Nigel/Dormouse/Knave of Clubs/Eaglet)",,,,,,"Gift at your Discretion",Unrestricted,Bootleg,,"M4A - 152 MB (untracked)",,"Full Show","MCC Theater - The Newman Mills Theater","New York, NY",2026-08-22,https://encora.it/recordings/7237/
Audio,"Alice By Heart",Off-Broadway,2019-02-14,Evening,bubbledress,"Molly Gordon (Alice Spencer/Alice), Colton Ryan (Alfred Hallam/White Rabbit/March Hare), Nkeki Obi-Melekwe (Tabatha/Cheshire Cat/Caterpillar 2), Noah Galvin (Dodgy/Duchess/Dodo/Mock Mock Mock Mock Turtle), Grace McLean (Red Cross Nurse/Queen of Hearts/Magpie), Andrew Kober (Dr. Butridge/King of Hearts/Jabberwocky/Duck/Mock Turtle), Wesley Taylor (Harold Pudding/Mad Hatter/Knave of Spades/Pigeon/Mock Mock Turtle), Catherine Ricafort (Clarissa/Queen of Diamonds/Canary/Mock Mock Mock Turtle), Heath Saunders (Angus/Caterpillar/Knave of Hearts), Z Infante (Nigel/Dormouse/Knave of Clubs/Eaglet)",,,,,,"Gift at your Discretion",Unrestricted,Bootleg,,"M4A - 42.3 MB (untracked)",,"Full Show","MCC Theater - The Newman Mills Theater","New York, NY",2026-08-22,https://encora.it/recordings/7213/
Audio,"Alice By Heart",Off-Broadway,2019-03-06,Evening,OrRatherAGhost,"Molly Gordon (Alice Spencer/Alice), Colton Ryan (Alfred Hallam/White Rabbit/March Hare), Kim Blanck (Tabatha/Cheshire Cat/Caterpillar 2), Noah Galvin (Dodgy/Duchess/Dodo/Mock Mock Mock Mock Turtle), Grace McLean (Red Cross Nurse/Queen of Hearts/Magpie), Andrew Kober (Dr. Butridge/King of Hearts/Jabberwocky/Duck/Mock Turtle), Wesley Taylor (Harold Pudding/Mad Hatter/Knave of Spades/Pigeon/Mock Mock Turtle), Catherine Ricafort (Clarissa/Queen of Diamonds/Canary/Mock Mock Mock Turtle), Heath Saunders (Angus/Caterpillar/Knave of Hearts), Z Infante (Nigel/Dormouse/Knave of Clubs/Eaglet)",,"Tracked and  clear audio",,,,"Gift at your Discretion",Unrestricted,Bootleg,,"M4A - 280 MB (tracked + untracked)",,"Full Show","MCC Theater - The Newman Mills Theater","New York, NY",2026-08-11,https://encora.it/recordings/8892/
Audio,"Alice By Heart",Off-Broadway,2019-03-12,Evening,bubbledress,"Molly Gordon (Alice Spencer/Alice), Colton Ryan (Alfred Hallam/White Rabbit/March Hare), Kim Blanck (Tabatha/Cheshire Cat/Caterpillar 2), Noah Galvin (Dodgy/Duchess/Dodo/Mock Mock Mock Mock Turtle), Grace McLean (Red Cross Nurse/Queen of Hearts/Magpie), Andrew Kober (Dr. Butridge/King of Hearts/Jabberwocky/Duck/Mock Turtle), Wesley Taylor (Harold Pudding/Mad Hatter/Knave of Spades/Pigeon/Mock Mock Turtle), Catherine Ricafort (Clarissa/Queen of Diamonds/Canary/Mock Mock Mock Turtle), Heath Saunders (Angus/Caterpillar/Knave of Hearts), Z Infante (Nigel/Dormouse/Knave of Clubs/Eaglet)",,,,,,"Gift at your Discretion",Unrestricted,Bootleg,,"M4A - 43.4 MB (untracked)",,"Full Show","MCC Theater - The Newman Mills Theater","New York, NY",2026-08-22,https://encora.it/recordings/7773/
Audio,"Alice By Heart",Off-Broadway,2019-03-23,Matinee,Hadesundergroundtrades,"Molly Gordon (Alice Spencer/Alice), Colton Ryan (Alfred Hallam/White Rabbit/March Hare), Kim Blanck (Tabatha/Cheshire Cat/Caterpillar 2), Noah Galvin (Dodgy/Duchess/Dodo/Mock Mock Mock Mock Turtle), Grace McLean (Red Cross Nurse/Queen of Hearts/Magpie), Andrew Kober (Dr. Butridge/King of Hearts/Jabberwocky/Duck/Mock Turtle), Wesley Taylor (Harold Pudding/Mad Hatter/Knave of Spades/Pigeon/Mock Mock Turtle), Catherine Ricafort (Clarissa/Queen of Diamonds/Canary/Mock Mock Mock Turtle), Heath Saunders (Angus/Caterpillar/Knave of Hearts), Z Infante (Nigel/Dormouse/Knave of Clubs/Eaglet)",,,,,,"Gift at your Discretion",Unrestricted,Bootleg,"MP3 (untracked) - 219.2 MB","MP3 - 219 MB (untracked)",,"Full Show","MCC Theater - The Newman Mills Theater","New York, NY",2026-08-22,https://encora.it/recordings/9071/
Audio,"Alice By Heart",Off-Broadway,2019-03-30,Matinee,"Token Goat","Molly Gordon (Alice Spencer/Alice), Colton Ryan (Alfred Hallam/White Rabbit/March Hare), Kim Blanck (Tabatha/Cheshire Cat/Caterpillar 2), Noah Galvin (Dodgy/Duchess/Dodo/Mock Mock Mock Mock Turtle), Grace McLean (Red Cross Nurse/Queen of Hearts/Magpie), Andrew Kober (Dr. Butridge/King of Hearts/Jabberwocky/Duck/Mock Turtle), Wesley Taylor (Harold Pudding/Mad Hatter/Knave of Spades/Pigeon/Mock Mock Turtle), Catherine Ricafort (Clarissa/Queen of Diamonds/Canary/Mock Mock Mock Turtle), Heath Saunders (Angus/Caterpillar/Knave of Hearts), Z Infante (Nigel/Dormouse/Knave of Clubs/Eaglet), Mia DiLena (Ensemble), Zachary Downer (Ensemble)",,,,,,"Gift at your Discretion",Unrestricted,Bootleg,,"MP3 - 132 MB (untracked)",,"Full Show","MCC Theater - The Newman Mills Theater","New York, NY",2026-08-11,https://encora.it/recordings/9116/
Audio,"Alice By Heart",Off-Broadway,2019-02-06,Evening,YesNewYork,"Molly Gordon (Alice Spencer/Alice), Colton Ryan (Alfred Hallam/White Rabbit/March Hare), Nkeki Obi-Melekwe (Tabatha/Cheshire Cat/Caterpillar 2), Noah Galvin (Dodgy/Duchess/Dodo/Mock Mock Mock Mock Turtle), Grace McLean (Red Cross Nurse/Queen of Hearts/Magpie), Andrew Kober (Dr. Butridge/King of Hearts/Jabberwocky/Duck/Mock Turtle), Wesley Taylor (Harold Pudding/Mad Hatter/Knave of Spades/Pigeon/Mock Mock Turtle), Ari Groover (u/s Clarissa/u/s Queen of Diamonds/u/s Canary/u/s Mock Mock Mock Turtle), Heath Saunders (Angus/Caterpillar/Knave of Hearts), Z Infante (Nigel/Dormouse/Knave of Clubs/Eaglet), Zachary Downer (Ensemble)",,,,,,"Gift at your Discretion",Unrestricted,Bootleg,,"MP3 - 150 MB (untracked)",,"Full Show","MCC Theater - The Newman Mills Theater","New York, NY",2026-08-22,https://encora.it/recordings/8049/
Audio,"Alice By Heart",Off-Broadway,2019-04-05,Evening,OrRatherAGhost,"Molly Gordon (Alice Spencer/Alice), Colton Ryan (Alfred Hallam/White Rabbit/March Hare), Kim Blanck (Tabatha/Cheshire Cat/Caterpillar 2), Noah Galvin (Dodgy/Duchess/Dodo/Mock Mock Mock Mock Turtle), Grace McLean (Red Cross Nurse/Queen of Hearts/Magpie), Andrew Kober (Dr. Butridge/King of Hearts/Jabberwocky/Duck/Mock Turtle), Wesley Taylor (Harold Pudding/Mad Hatter/Knave of Spades/Pigeon/Mock Mock Turtle), Catherine Ricafort (Clarissa/Queen of Diamonds/Canary/Mock Mock Mock Turtle), Heath Saunders (Angus/Caterpillar/Knave of Hearts), Z Infante (Nigel/Dormouse/Knave of Clubs/Eaglet)",,,,,,"Gift at your Discretion",Unrestricted,Bootleg,,"M4A - 136 MB (untracked)",,"Full Show","MCC Theater - The Newman Mills Theater","New York, NY",2026-08-11,https://encora.it/recordings/8802/
Audio,"Alice By Heart",Off-Broadway,2019-04-05,Evening,HBCFG,"Molly Gordon (Alice Spencer/Alice), Colton Ryan (Alfred Hallam/White Rabbit/March Hare), Kim Blanck (Tabatha/Cheshire Cat/Caterpillar 2), Noah Galvin (Dodgy/Duchess/Dodo/Mock Mock Mock Mock Turtle), Grace McLean (Red Cross Nurse/Queen of Hearts/Magpie), Andrew Kober (Dr. Butridge/King of Hearts/Jabberwocky/Duck/Mock Turtle), Wesley Taylor (Harold Pudding/Mad Hatter/Knave of Spades/Pigeon/Mock Mock Turtle), Catherine Ricafort (Clarissa/Queen of Diamonds/Canary/Mock Mock Mock Turtle), Heath Saunders (Angus/Caterpillar/Knave of Hearts), Z Infante (Nigel/Dormouse/Knave of Clubs/Eaglet)",,,,,,"Gift at your Discretion",Unrestricted,Bootleg,,"M4A - 44.7 MB (untracked)",,"Full Show","MCC Theater - The Newman Mills Theater","New York, NY",2026-08-22,https://encora.it/recordings/11250/
Audio,"Alice By Heart","New York Stage and Film Workshop",2018-07-07,Evening,StarCuffedJeans,"Molly Gordon (Alice Spencer/Alice), J. Quinton Johnson (Alfred Hallam/White Rabbit/March Hare), Gizel Jimenez (Tabatha/Cheshire Cat/Caterpillar 2), Noah Galvin (Dodgy/Duchess/Dodo/Mock Mock Mock Mock Turtle), Lesli Margherita (Red Cross Nurse/Queen of Hearts/Magpie), Don Stephenson (Dr. Butridge/King of Hearts/Jabberwocky/Duck/Mock Turtle), Alex Brightman (Harold Pudding/Mad Hatter/Knave of Spades/Pigeon/Mock Mock Turtle), Megan Masako Haley (Clarissa/Queen of Diamonds/Canary/Mock Mock Mock Turtle), Heath Saunders (Angus/Caterpillar/Knave of Hearts), Z Infante (Nigel/Dormouse/Knave of Clubs/Eaglet)",,"This is a reading of Duncan Sheik's new show! Multiple versions of the same audio are circulating – a 66.4 MB MP3 file with album art and a 222.7 MB MP3 file without. Unclear which is the original release.",2018-10-31,,,"Gift at your Discretion",Unrestricted,Bootleg,,"MP3 - 66.4 MB (untracked)",,"Full Show","Martel Theater - Vogelstein Center","Arlington, NY",2026-08-09,https://encora.it/recordings/1322/
Audio,"Alice By Heart","New York Stage and Film Workshop",2018-07-06,Evening,StarCuffedJeans,"Molly Gordon (Alice Spencer/Alice), J. Quinton Johnson (Alfred Hallam/White Rabbit/March Hare), Gizel Jimenez (Tabatha/Cheshire Cat/Caterpillar 2), Noah Galvin (Dodgy/Duchess/Dodo/Mock Mock Mock Mock Turtle), Lesli Margherita (Red Cross Nurse/Queen of Hearts/Magpie), Don Stephenson (Dr. Butridge/King of Hearts/Jabberwocky/Duck/Mock Turtle), Alex Brightman (Harold Pudding/Mad Hatter/Knave of Spades/Pigeon/Mock Mock Turtle), Megan Masako Haley (Clarissa/Queen of Diamonds/Canary/Mock Mock Mock Turtle), Heath Saunders (Angus/Caterpillar/Knave of Hearts), Z Infante (Nigel/Dormouse/Knave of Clubs/Eaglet)",,"This is a reading of Duncan Sheik's new show! Multiple versions of the same audio are circulating – a 65.5 MB MP3 file with album art and a 222.9 MB MP3 file without. Unclear which is the original release.",2018-10-31,,,"Gift at your Discretion",Unrestricted,Bootleg,,"MP3 - 65.4 MB (untracked)",,"Full Show","Martel Theater - Vogelstein Center","Arlington, NY",2026-08-09,https://encora.it/recordings/1321/
Audio,"Alice By Heart",Off-Broadway,2019-03-03,Evening,Unknown,"Molly Gordon (Alice Spencer/Alice), Colton Ryan (Alfred Hallam/White Rabbit/March Hare), Nkeki Obi-Melekwe (Tabatha/Cheshire Cat/Caterpillar 2), Noah Galvin (Dodgy/Duchess/Dodo/Mock Mock Mock Mock Turtle), Grace McLean (Red Cross Nurse/Queen of Hearts/Magpie), Andrew Kober (Dr. Butridge/King of Hearts/Jabberwocky/Duck/Mock Turtle), Wesley Taylor (Harold Pudding/Mad Hatter/Knave of Spades/Pigeon/Mock Mock Turtle), Catherine Ricafort (Clarissa/Queen of Diamonds/Canary/Mock Mock Mock Turtle), Heath Saunders (Angus/Caterpillar/Knave of Hearts), Z Infante (Nigel/Dormouse/Knave of Clubs/Eaglet)",,"Nkeki Obi-Melekwe's last show.",,,,"Gift at your Discretion",Unrestricted,Bootleg,,"M4A - 123 MB (tracked)",,"Full Show","MCC Theater - The Newman Mills Theater","New York, NY",2026-08-22,https://encora.it/recordings/14837/
Audio,"Alice By Heart",Off-Broadway,2019-03-26,Evening,dontdosadness,"Molly Gordon (Alice Spencer/Alice), Colton Ryan (Alfred Hallam/White Rabbit/March Hare), Kim Blanck (Tabatha/Cheshire Cat/Caterpillar 2), Noah Galvin (Dodgy/Duchess/Dodo/Mock Mock Mock Mock Turtle), Grace McLean (Red Cross Nurse/Queen of Hearts/Magpie), Andrew Kober (Dr. Butridge/King of Hearts/Jabberwocky/Duck/Mock Turtle), Wesley Taylor (Harold Pudding/Mad Hatter/Knave of Spades/Pigeon/Mock Mock Turtle), Catherine Ricafort (Clarissa/Queen of Diamonds/Canary/Mock Mock Mock Turtle), Heath Saunders (Angus/Caterpillar/Knave of Hearts), Z Infante (Nigel/Dormouse/Knave of Clubs/Eaglet)",,"Front row, good sound quality. However, first 5 minutes missing because master came in late.",2019-05-01,,,"Gift at your Discretion",Unrestricted,Bootleg,,"MP3 - 187 MB (tracked + untracked)",,"Full Show","MCC Theater - The Newman Mills Theater","New York, NY",2026-08-22,https://encora.it/recordings/15689/
Audio,"Alice By Heart",Off-Broadway,2019-03-16,Matinee,DEHtenner,"Molly Gordon (Alice Spencer/Alice), Colton Ryan (Alfred Hallam/White Rabbit/March Hare), Kim Blanck (Tabatha/Cheshire Cat/Caterpillar 2), Noah Galvin (Dodgy/Duchess/Dodo/Mock Mock Mock Mock Turtle), Grace McLean (Red Cross Nurse/Queen of Hearts/Magpie), Andrew Kober (Dr. Butridge/King of Hearts/Jabberwocky/Duck/Mock Turtle), Wesley Taylor (Harold Pudding/Mad Hatter/Knave of Spades/Pigeon/Mock Mock Turtle), Catherine Ricafort (Clarissa/Queen of Diamonds/Canary/Mock Mock Mock Turtle), Heath Saunders (Angus/Caterpillar/Knave of Hearts), Z Infante (Nigel/Dormouse/Knave of Clubs/Eaglet)",,,,,,"Gift at your Discretion",Unrestricted,Bootleg,,"MP3 - 86.9 MB (untracked)",,"Full Show","MCC Theater - The Newman Mills Theater","New York, NY",2026-08-22,https://encora.it/recordings/18564/
Audio,"Alice By Heart",Off-Broadway,2019-02-09,Matinee,Unknown,"Molly Gordon (Alice Spencer/Alice), Colton Ryan (Alfred Hallam/White Rabbit/March Hare), Nkeki Obi-Melekwe (Tabatha/Cheshire Cat/Caterpillar 2), Noah Galvin (Dodgy/Duchess/Dodo/Mock Mock Mock Mock Turtle), Grace McLean (Red Cross Nurse/Queen of Hearts/Magpie), Andrew Kober (Dr. Butridge/King of Hearts/Jabberwocky/Duck/Mock Turtle), Wesley Taylor (Harold Pudding/Mad Hatter/Knave of Spades/Pigeon/Mock Mock Turtle), Catherine Ricafort (Clarissa/Queen of Diamonds/Canary/Mock Mock Mock Turtle), Heath Saunders (Angus/Caterpillar/Knave of Hearts), Z Infante (Nigel/Dormouse/Knave of Clubs/Eaglet)",,"Usually labeled as the evening show, but the metadata/album name says 2PM.",,,,"Gift at your Discretion",Unrestricted,Bootleg,,"M4A - 152 MB (untracked)",,"Full Show","MCC Theater - The Newman Mills Theater","New York, NY",2026-08-22,https://encora.it/recordings/18566/
Audio,"Alice By Heart",Off-Broadway,2019-03-02,Evening,Unknown,"Molly Gordon (Alice Spencer/Alice), Colton Ryan (Alfred Hallam/White Rabbit/March Hare), Nkeki Obi-Melekwe (Tabatha/Cheshire Cat/Caterpillar 2), Noah Galvin (Dodgy/Duchess/Dodo/Mock Mock Mock Mock Turtle), Grace McLean (Red Cross Nurse/Queen of Hearts/Magpie), Andrew Kober (Dr. Butridge/King of Hearts/Jabberwocky/Duck/Mock Turtle), Wesley Taylor (Harold Pudding/Mad Hatter/Knave of Spades/Pigeon/Mock Mock Turtle), Catherine Ricafort (Clarissa/Queen of Diamonds/Canary/Mock Mock Mock Turtle), Heath Saunders (Angus/Caterpillar/Knave of Hearts), Z Infante (Nigel/Dormouse/Knave of Clubs/Eaglet)",,,,,,"Gift at your Discretion",Unrestricted,Bootleg,,"MP3 - 86.7 MB (untracked)",,"Full Show","MCC Theater - The Newman Mills Theater","New York, NY",2026-08-22,https://encora.it/recordings/18569/
Audio,"Alice By Heart",Off-Broadway,2019-03-16,Matinee,taylouderman,"Molly Gordon (Alice Spencer/Alice), Colton Ryan (Alfred Hallam/White Rabbit/March Hare), Kim Blanck (Tabatha/Cheshire Cat/Caterpillar 2), Noah Galvin (Dodgy/Duchess/Dodo/Mock Mock Mock Mock Turtle), Grace McLean (Red Cross Nurse/Queen of Hearts/Magpie), Andrew Kober (Dr. Butridge/King of Hearts/Jabberwocky/Duck/Mock Turtle), Wesley Taylor (Harold Pudding/Mad Hatter/Knave of Spades/Pigeon/Mock Mock Turtle), Catherine Ricafort (Clarissa/Queen of Diamonds/Canary/Mock Mock Mock Turtle), Heath Saunders (Angus/Caterpillar/Knave of Hearts), Z Infante (Nigel/Dormouse/Knave of Clubs/Eaglet)",,,,,,"Gift at your Discretion",Unrestricted,Bootleg,,"M4A - 44.1 MB (untracked)",,"Full Show","MCC Theater - The Newman Mills Theater","New York, NY",2026-08-22,https://encora.it/recordings/25865/
Audio,"Alice By Heart",Off-Broadway,2019-03-15,Evening,Today4UTomorrow4Lulu,"Molly Gordon (Alice Spencer/Alice), Colton Ryan (Alfred Hallam/White Rabbit/March Hare), Kim Blanck (Tabatha/Cheshire Cat/Caterpillar 2), Noah Galvin (Dodgy/Duchess/Dodo/Mock Mock Mock Mock Turtle), Grace McLean (Red Cross Nurse/Queen of Hearts/Magpie), Andrew Kober (Dr. Butridge/King of Hearts/Jabberwocky/Duck/Mock Turtle), Wesley Taylor (Harold Pudding/Mad Hatter/Knave of Spades/Pigeon/Mock Mock Turtle), Catherine Ricafort (Clarissa/Queen of Diamonds/Canary/Mock Mock Mock Turtle), Heath Saunders (Angus/Caterpillar/Knave of Hearts), Z Infante (Nigel/Dormouse/Knave of Clubs/Eaglet)",,"Version 2! A beautiful quality audio taken by a friend of mine in the center orchestra!",,,,"Gift at your Discretion",Unrestricted,Bootleg,,"MP3 - 263 MB (tracked + untracked)",,"Full Show","MCC Theater - The Newman Mills Theater","New York, NY",2026-08-22,https://encora.it/recordings/8385/
Video,"Alice By Heart",Off-Broadway,2019-03-××,Unknown,StarCuffedJeans,"Molly Gordon (Alice Spencer/Alice), Colton Ryan (Alfred Hallam/White Rabbit/March Hare), Kim Blanck (Tabatha/Cheshire Cat/Caterpillar 2), Noah Galvin (Dodgy/Duchess/Dodo/Mock Mock Mock Mock Turtle), Grace McLean (Red Cross Nurse/Queen of Hearts/Magpie), Andrew Kober (Dr. Butridge/King of Hearts/Jabberwocky/Duck/Mock Turtle), Wesley Taylor (Harold Pudding/Mad Hatter/Knave of Spades/Pigeon/Mock Mock Turtle), Catherine Ricafort (Clarissa/Queen of Diamonds/Canary/Mock Mock Mock Turtle), Heath Saunders (Angus/Caterpillar/Knave of Hearts), Z Infante (Nigel/Dormouse/Knave of Clubs/Eaglet), Mia DiLena (Ensemble), Zachary Downer (Ensemble)",,"Really beautiful shot in an intimate space. Lots of zooms, but a good amount of wider shots too with a very limited (almost nonexistent) amount of heads. The lighting in this theater really liked my camera and I know the show almost “by heart” so I think I followed the action as well as possible. My battery died during the last song, but it starts at the very beginning with only one drop out during dialogue.",2019-08-18,,,"Gift at your Discretion",Unrestricted,Bootleg,,"MP4 - 6.64 GB",,"Full Show","MCC Theater - The Newman Mills Theater","New York, NY",2026-08-03,https://encora.it/recordings/8398/
Audio,"Alice By Heart",Off-Broadway,2019-04-06,Evening,unicornbraindoctor,"Molly Gordon (Alice Spencer/Alice), Colton Ryan (Alfred Hallam/White Rabbit/March Hare), Kim Blanck (Tabatha/Cheshire Cat/Caterpillar 2), Noah Galvin (Dodgy/Duchess/Dodo/Mock Mock Mock Mock Turtle), Grace McLean (Red Cross Nurse/Queen of Hearts/Magpie), Andrew Kober (Dr. Butridge/King of Hearts/Jabberwocky/Duck/Mock Turtle), Wesley Taylor (Harold Pudding/Mad Hatter/Knave of Spades/Pigeon/Mock Mock Turtle), Ari Groover (u/s Clarissa/u/s Queen of Diamonds/u/s Canary/u/s Mock Mock Mock Turtle), Heath Saunders (Angus/Caterpillar/Knave of Hearts), Z Infante (Nigel/Dormouse/Knave of Clubs/Eaglet)",,,,,,"Gift at your Discretion",Unrestricted,Bootleg,,"M4A - 44 MB (untracked)",,"Full Show","MCC Theater - The Newman Mills Theater","New York, NY",2026-08-11,https://encora.it/recordings/28190/
Audio,"Alice By Heart",Off-Broadway,2019-04-07,Evening,Unknown,"Molly Gordon (Alice Spencer/Alice), Colton Ryan (Alfred Hallam/White Rabbit/March Hare), Kim Blanck (Tabatha/Cheshire Cat/Caterpillar 2), Noah Galvin (Dodgy/Duchess/Dodo/Mock Mock Mock Mock Turtle), Grace McLean (Red Cross Nurse/Queen of Hearts/Magpie), Andrew Kober (Dr. Butridge/King of Hearts/Jabberwocky/Duck/Mock Turtle), Wesley Taylor (Harold Pudding/Mad Hatter/Knave of Spades/Pigeon/Mock Mock Turtle), Catherine Ricafort (Clarissa/Queen of Diamonds/Canary/Mock Mock Mock Turtle), Heath Saunders (Angus/Caterpillar/Knave of Hearts), Z Infante (Nigel/Dormouse/Knave of Clubs/Eaglet)",,"Closing night of this amazing show!",,,,"Gift at your Discretion",Unrestricted,Bootleg,,"M4A - 44.1 MB (untracked)",,"Full Show","MCC Theater - The Newman Mills Theater","New York, NY",2026-08-11,https://encora.it/recordings/28191/
Audio,"Alice By Heart",Off-Broadway,2019-02-13,Evening,Unknown,"Molly Gordon (Alice Spencer/Alice), Colton Ryan (Alfred Hallam/White Rabbit/March Hare), Nkeki Obi-Melekwe (Tabatha/Cheshire Cat/Caterpillar 2), Noah Galvin (Dodgy/Duchess/Dodo/Mock Mock Mock Mock Turtle), Grace McLean (Red Cross Nurse/Queen of Hearts/Magpie), Andrew Kober (Dr. Butridge/King of Hearts/Jabberwocky/Duck/Mock Turtle), Wesley Taylor (Harold Pudding/Mad Hatter/Knave of Spades/Pigeon/Mock Mock Turtle), Catherine Ricafort (Clarissa/Queen of Diamonds/Canary/Mock Mock Mock Turtle), Heath Saunders (Angus/Caterpillar/Knave of Hearts), Z Infante (Nigel/Dormouse/Knave of Clubs/Eaglet), Mia DiLena (Ensemble), Zachary Downer (Ensemble)",,,,,,"Gift at your Discretion",Unrestricted,Bootleg,"M4A (untracked)","M4A - 42.5 MB (untracked)",,"Full Show","MCC Theater - The Newman Mills Theater","New York, NY",2026-08-22,https://encora.it/recordings/1002964/
Audio,"Alice By Heart",Off-Broadway,2019-04-02,Evening,millifan,"Molly Gordon (Alice Spencer/Alice), Colton Ryan (Alfred Hallam/White Rabbit/March Hare), Kim Blanck (Tabatha/Cheshire Cat/Caterpillar 2), Noah Galvin (Dodgy/Duchess/Dodo/Mock Mock Mock Mock Turtle), Grace McLean (Red Cross Nurse/Queen of Hearts/Magpie), Andrew Kober (Dr. Butridge/King of Hearts/Jabberwocky/Duck/Mock Turtle), Wesley Taylor (Harold Pudding/Mad Hatter/Knave of Spades/Pigeon/Mock Mock Turtle), Catherine Ricafort (Clarissa/Queen of Diamonds/Canary/Mock Mock Mock Turtle), Heath Saunders (Angus/Caterpillar/Knave of Hearts), Z Infante (Nigel/Dormouse/Knave of Clubs/Eaglet)",,"This was recorded on my iphone using Recorder Plus but I was in the 5th row and the sound was too loud at times. Disappointing to have some distortion especially during Isnt It A Trial (because I love Grace McLean sooooo much). I have better recordings of other nights, but for thoroughness Im posting this one.",,NFTF,NFS,"Gift at your Discretion",Unrestricted,Bootleg,"WAV (untracked)","WAV - 241 MB (untracked), 241 MB (tracked), 482 MB total",,"Full Show","MCC Theater - The Newman Mills Theater","New York, NY",2026-08-20,https://encora.it/recordings/1001351/
Audio,"Alice By Heart",Off-Broadway,2019-04-03,Evening,unicornbraindoctor,"Molly Gordon (Alice Spencer/Alice), Colton Ryan (Alfred Hallam/White Rabbit/March Hare), Kim Blanck (Tabatha/Cheshire Cat/Caterpillar 2), Noah Galvin (Dodgy/Duchess/Dodo/Mock Mock Mock Mock Turtle), Grace McLean (Red Cross Nurse/Queen of Hearts/Magpie), Andrew Kober (Dr. Butridge/King of Hearts/Jabberwocky/Duck/Mock Turtle), Andrew Mueller (u/s Harold Pudding/u/s Mad Hatter/u/s Knave of Spades/u/s Pigeon/u/s Mock Mock Turtle), Catherine Ricafort (Clarissa/Queen of Diamonds/Canary/Mock Mock Mock Turtle), Heath Saunders (Angus/Caterpillar/Knave of Hearts), Z Infante (Nigel/Dormouse/Knave of Clubs/Eaglet)",,,,,,"Gift at your Discretion",Unrestricted,Bootleg,,"M4A - 44.1 MB (untracked)",,"Full Show","MCC Theater - The Newman Mills Theater","New York, NY",2026-08-22,https://encora.it/recordings/29163/
Audio,"Alice By Heart",Off-Broadway,2019-02-05,Evening,unicornbraindoctor,"Molly Gordon (Alice Spencer/Alice), Colton Ryan (Alfred Hallam/White Rabbit/March Hare), Nkeki Obi-Melekwe (Tabatha/Cheshire Cat/Caterpillar 2), Noah Galvin (Dodgy/Duchess/Dodo/Mock Mock Mock Mock Turtle), Grace McLean (Red Cross Nurse/Queen of Hearts/Magpie), Andrew Kober (Dr. Butridge/King of Hearts/Jabberwocky/Duck/Mock Turtle), Wesley Taylor (Harold Pudding/Mad Hatter/Knave of Spades/Pigeon/Mock Mock Turtle), Catherine Ricafort (Clarissa/Queen of Diamonds/Canary/Mock Mock Mock Turtle), Heath Saunders (Angus/Caterpillar/Knave of Hearts), Z Infante (Nigel/Dormouse/Knave of Clubs/Eaglet)",,"Preview, Grace McLeans first performance",,,,"Gift at your Discretion",Unrestricted,Bootleg,,"M4A - 43.5 MB (untracked)",,"Full Show","MCC Theater - The Newman Mills Theater","New York, NY",2026-08-22,https://encora.it/recordings/1000636/
Audio,"Alice By Heart",Off-Broadway,2019-02-12,Evening,KB,"Molly Gordon (Alice Spencer/Alice), Colton Ryan (Alfred Hallam/White Rabbit/March Hare), Nkeki Obi-Melekwe (Tabatha/Cheshire Cat/Caterpillar 2), Noah Galvin (Dodgy/Duchess/Dodo/Mock Mock Mock Mock Turtle), Grace McLean (Red Cross Nurse/Queen of Hearts/Magpie), Andrew Kober (Dr. Butridge/King of Hearts/Jabberwocky/Duck/Mock Turtle), Wesley Taylor (Harold Pudding/Mad Hatter/Knave of Spades/Pigeon/Mock Mock Turtle), Catherine Ricafort (Clarissa/Queen of Diamonds/Canary/Mock Mock Mock Turtle), Heath Saunders (Angus/Caterpillar/Knave of Hearts), Z Infante (Nigel/Dormouse/Knave of Clubs/Eaglet)",,"Includes post-show talkback hosted by MCC artistic director Jessica Chase with the creative team:
Jessie Nelson, Duncan Sheik, Steven Sater, Rick Kuperman, Jeff Kuperman",,,,"Gift at your Discretion",Unrestricted,Bootleg,,"MP3 - 112 MB (untracked)",,"Full Show","MCC Theater - The Newman Mills Theater","New York, NY",2026-08-22,https://encora.it/recordings/33490/
Audio,"Alice By Heart",Off-Broadway,2019-02-22,Evening,bubbledress,"Molly Gordon (Alice Spencer/Alice), Colton Ryan (Alfred Hallam/White Rabbit/March Hare), Nkeki Obi-Melekwe (Tabatha/Cheshire Cat/Caterpillar 2), Noah Galvin (Dodgy/Duchess/Dodo/Mock Mock Mock Mock Turtle), Grace McLean (Red Cross Nurse/Queen of Hearts/Magpie), Andrew Kober (Dr. Butridge/King of Hearts/Jabberwocky/Duck/Mock Turtle), Wesley Taylor (Harold Pudding/Mad Hatter/Knave of Spades/Pigeon/Mock Mock Turtle), Catherine Ricafort (Clarissa/Queen of Diamonds/Canary/Mock Mock Mock Turtle), Heath Saunders (Angus/Caterpillar/Knave of Hearts), Z Infante (Nigel/Dormouse/Knave of Clubs/Eaglet)",,,,,,"Gift at your Discretion",Unrestricted,Bootleg,,"M4A - 156 MB (untracked)",,"Full Show","MCC Theater - The Newman Mills Theater","New York, NY",2026-08-11,https://encora.it/recordings/1000253/
Audio,"Alice By Heart",Off-Broadway,2019-03-16,Matinee,Unknown,"Molly Gordon (Alice Spencer/Alice), Colton Ryan (Alfred Hallam/White Rabbit/March Hare), Kim Blanck (Tabatha/Cheshire Cat/Caterpillar 2), Noah Galvin (Dodgy/Duchess/Dodo/Mock Mock Mock Mock Turtle), Grace McLean (Red Cross Nurse/Queen of Hearts/Magpie), Andrew Kober (Dr. Butridge/King of Hearts/Jabberwocky/Duck/Mock Turtle), Wesley Taylor (Harold Pudding/Mad Hatter/Knave of Spades/Pigeon/Mock Mock Turtle), Catherine Ricafort (Clarissa/Queen of Diamonds/Canary/Mock Mock Mock Turtle), Heath Saunders (Angus/Caterpillar/Knave of Hearts), Z Infante (Nigel/Dormouse/Knave of Clubs/Eaglet)",,,,,,"Gift at your Discretion",Unrestricted,Bootleg,"WAV (untracked)","WAV - 967 MB (untracked)",,"Full Show","MCC Theater - The Newman Mills Theater","New York, NY",2026-08-22,https://encora.it/recordings/34605/
Video,"All About Eve","West End",2019-04-11,Evening,,"Lily James (Eve), Sheila Reid (Birdie), Julian Ovenden (Bill Sampson), Jessie Mei Li (Claudia Casswell), Gillian Anderson (Margo Channing), Ian Drysdale (Max Fabian), Rhashan Stone (Lloyd Richards), Stanley Townsend (Addison DeWitt), Tsion Habte (Phoebe), Monica Dolan (Karen Richards), Philip Voyzey (Pianist), Michael Warburton (Ensemble)",,"Proshot for NT Live 2019
https://www.imdb.com/title/tt9652730/?ref_=nv_sr_srsg_0",,,,"Gift at your Discretion",Unrestricted,Pro-Shot,,"MP4 - 4.2 GB",,"Full Show","Noël Coward Theatre","London, United Kingdom",2026-08-19,https://encora.it/recordings/9238/
Audio,"All Nighter",Off-Broadway,2025-05-17,Matinee,ColorAndLight,"Isa Briones (Lizzy), AnnaSophia Robb (Darcie), Alyah Chanelle Scott (Tessa), Kathryn Gallagher (Jacqueline), Julia Lester (Wilma)"," Recorded from the front row. Apologies for laughter and shuffling. ",,,,,"Never Gift",Unrestricted,Bootleg,"M4A (untracked) - 47 MB","M4A - 47.6 MB",,"Full Show","MCC Theater - The Newman Mills Theater","New York, NY",2026-08-03,https://encora.it/recordings/2014373/
Video,"All Nighter",Off-Broadway,"2025-04-×× (4)",Unknown,StarCuffedJeans,"Isa Briones (Lizzy), AnnaSophia Robb (Darcie), Olivia Puckett (u/s Tessa), Kathryn Gallagher (Jacqueline), Julia Lester (Wilma)","AnnaSophia Robb's and Isa Briones' debuts",,2026-08-01,,,"Gift at your Discretion",Unrestricted,Bootleg,"MP4 4.68 GB","MP4 - 4.67 GB",,"Full Show","MCC Theater - The Newman Mills Theater","New York, NY",2026-08-02,https://encora.it/recordings/2028877/
Audio,"All Nighter",Off-Broadway,2025-05-11,Evening,bobbyskazoo,"Isa Briones (Lizzy), AnnaSophia Robb (Darcie), Alyah Chanelle Scott (Tessa), Kathryn Gallagher (Jacqueline), Julia Lester (Wilma)","<p>Clear audio recorded from mid-orchestra.</p><p><br></p><p>Do not post on any platform (TikTok, Tumblr, YouTube, Reddit, etc.). Please list as bobbyskazoo’s master. Feel free to trade as normal; never to be gifted or sold.</p>",,,,NFS,"Never Gift",Unrestricted,Bootleg,"M4A (untracked) - 245.9 MB","M4A - 245 MB",,"Full Show","MCC Theater - The Newman Mills Theater","New York, NY",2026-07-26,https://encora.it/recordings/2028078/
Video,"Almost Famous",Broadway,2022-11-××,Unknown,Lasagna,"Casey Likes (William Miller), Solea Pfeiffer (Penny Lane), Van Hughes (u/s Russell Hammond), Anika Larsen (Elaine Miller), Drew Gehling (Jeff Bebe), Rob Colletti (Lester Bangs), Julia Cassandra (Estrella), Jana Djenne Jackson (Polexia), Matt Bittner (Larry Fellows), Katie Ladner (Sapphire), Danny Lindgren (s/w David Felton), Jakeim Hart (Dennis Hope), Gerard Canonico (Dick Roswell), Emily Schultheis (Anita Miller), Brandon Contreras (Silent Ed Vallencourt), Chad Burris (Vic Nettles), Daniel Sovich (Darryl), Libby Winters (Leslie)",,"Brilliant capture of this show! Unobstructed aside from minor disruption in the final scenes due to people leaving early.",2023-12-29,,,"Gift at your Discretion",Unrestricted,Bootleg,"MP4 (4K)","MP4 - 9.3 GB",,"Full Show","Bernard B. Jacobs Theatre","New York, NY",2026-08-21,https://encora.it/recordings/1135039/
Video,"American Idiot","Deaf West Theatre",2024-10-××,Evening,MTTZ,"Daniel Durant (Johnny), Milo Manheim (Voice of Johnny), Landen Gonzales (Tunny), Brady Fritz (Voice of Tunny), Otis Jones IV (Will), James Olivas (Voice of Will), Ali Fumiko Whitney (Heather), Mason Alexander Park (St. Jimmy), Mars Storm Rucker (Whatsername), Kaia Fitzgerald (The Extraordinary Girl), Jerusha Cavazos (Voice of Extraordinary Girl), Will Branner (Favorite Son), Monika Peña (Alysha), Steven-Adam Agdeppa (Ensemble), Lark Detweiler (Ensemble), Josué Martinez (Ensemble), Angel Theory (Ensemble), Mia Sempertegui (Ensemble)","Excellent capture of this incredibly transformative production in previews! Shot in a great mix of wides, mediums, and close-ups, wider than usual overall due to the nature of the staging. Obstruction on the bottom left of the stage that only blocks some minor action and is worked around well. Some wandering, shaking, and re-adjusting throughout. A couple of brief dropouts. Does not include the post-bows song. Audio is patched in from an external source. Overall a wonderful capture.",,2025-04-05,,,"Gift at your Discretion",Unrestricted,Bootleg,,"MP4 - 7.78 GB",,"Full Show","Mark Taper Forum","Los Angeles, CA",2026-07-12,https://encora.it/recordings/2005539/
Video,"American Psycho","Off-West End Revival",2026-02-××,Unknown,MTTZ,"Arty Froushan (Patrick Bateman), Anastasia Martin (Jean), Daniel Bravo (Paul Owen), Kim Ismay (Mrs. Bateman), Posi Morakinyo (David Van Patten), Zheng Xi Yong (Luis Carruthers), Asha Parker-Wallace (Victoria/Ensemble), Millie Mayhew (Sabrina/Ensemble), Alex James-Hatton (Sean Bateman), Emily Barber (Evelyn Williams), Oli Higginson (Timothy Price), Hannah Yun Chamberlain (Christine/Ensemble), Jack Butterworth (Craig McDermott), Tanisha Spring (Courtney Lawrence), Joseph Mydell (Detective Donald Kimball), Liz Kamille (Ensemble), Samuel J Weir (Ensemble)","Great capture of this fantastic revival! Shot in a great mix of wides, mediums, and close-ups, with an emphasis on wides due to the nature of the staging. Some wandering, shaking, and re-adjusting throughout. Some obstruction on the bottom and right hand corner of the stage, it blocks a bit of action but is worked around well. Audio is patched in from an external source; some scraping and rustling might be heard during readjustment periods. Overall a great capture of this cult classic musical!",,2026-08-05,,,"Never Gift",Unrestricted,Bootleg,"MP4 (4K)","MP4 - 10.2 GB",,"Full Show","Almeida Theatre","London, United Kingdom",2026-08-09,https://encora.it/recordings/2029415/
Video,Anastasia,Broadway,2019-01-××,Evening,NYCG8R,"Christy Altomare (Anya), Cody Simpson (Dmitry), Constantine Germanacos (Gleb Vaganov), John Bolton (Vlad Popov), Vicki Lewis (Countess Lily Malevsky-Malevitch), Penny Fuller (Dowager Empress Maria Feodorovna), Molly Rushing (Young Anastasia/Paulina), Delilah Rose Pellow (Little Anastasia/Prince Alexei Romanov), Tally Sessions (Tsar Nicholas II/Count Ipolitov), Lauren Blackman (Tsarina Alexandra), Kelli Youngman (Tatiana Romanov/Dunya), Lyrica Woodruff (Olga Romanov/Odette in Swan Lake), Maria Briggs (Marfa/Maria Romanov), Ken Krugman (Count Leopold/Gorlinsky), Kyle Brown (Prince Siegfried in Swan Lake), James A. Pierce III (Von Rothbart in Swan Lake), Wes Hart (Russian Doorman)",,"A beautiful video of the show, with newcomer Cody Simpson.",2019-05-01,,,"Gift at your Discretion",Unrestricted,Bootleg,,"VOB + smalls - 4.22 GB",,"Full Show","Broadhurst Theatre","New York, NY",2026-08-05,https://encora.it/recordings/9340/
Video,"Angels In America: Millennium Approaches","National Theatre",2017-07-20,Evening,,"Andrew Garfield (Prior Walter/Man In The Park), Nathan Lane (Roy Cohn/Prior 2), James McArdle (Louis Ironson), Amanda Lawrence (The Angel/Emily/Sister Ella Chapter/Woman In The South Bronx), Russell Tovey (Joe Pitt/Eskimo/Prior 1), Denise Gough (Harper Pitt/Martin Heller), Nathan Stewart-Jarrett (Mr. Lies/Belize), Susan Brown (Henry/Hannah Pitt/Ethel Rosenberg/Rabbi Isidor Chemelwitz), Laura Caldow (Angel Shadow), Claire Lambert (Angel Shadow), Becky Namgauds (Angel Shadow), Stan West (Angel Shadow), Lewis Wilkins (Angel Shadow), Stuart Angell (Angel Shadow)",,"https://www.imdb.com/title/tt6846664/?ref_=nv_sr_srsg_3
National Theatre Live 2017",,,,"Gift at your Discretion",Unrestricted,Pro-Shot,"{Highest quality copy circulating} - TS (29.7 GB) + (1.14 GB Intro)","MP4 - 6.99 GB",,"Full Show","National Theatre - Lyttelton Theatre","London, United Kingdom",2026-07-12,https://encora.it/recordings/7941/
Video,"Angels In America: Perestroika","National Theatre",2017-07-27,Evening,,"Andrew Garfield (Prior Walter), Nathan Lane (Roy Cohn/Angel Antarctica), James McArdle (Louis Ironson/Angel Australia/Sarah Ironson), Amanda Lawrence (The Angel/Emily/Mormon Mother/Orrin), Denise Gough (Harper Pitt/Angel Africanii), Russell Tovey (Joe Pitt/Angel Europa/Mormon Father), Susan Brown (Hannah Pitt/Henry/Ethel Rosenberg/Angel Asiatica/Aleksii Prelapsarianov/Rabbi Isidor Chemelwitz), Nathan Stewart-Jarrett (Mr. Lies/Belize/Caleb/Angel Oceania), Laura Caldow (Angel Shadow), Claire Lambert (Angel Shadow), Becky Namgauds (Angel Shadow), Stan West (Angel Shadow), Lewis Wilkins (Angel Shadow), Stuart Angell (Angel Shadow)",,"https://www.imdb.com/title/tt6847810/?ref_=nv_sr_srsg_2
National Theatre Live 2017
",,,,"Gift at your Discretion",Unrestricted,Pro-Shot,"{Highest quality copy circulating} - TS (35.6 GB)","MP4 - 8.25 GB",,"Full Show","National Theatre - Lyttelton Theatre","London, United Kingdom",2026-07-12,https://encora.it/recordings/8833/
Video,"Anne Boleyn: The Musical","Hever Castle",2025-08-××,Unknown,hitmewithyourbethshot,"Emily Lane (Anne Boleyn), Mark Goldthorp (King Henry VIII), Joshua Oakes-Rogers (George Boleyn), Matt Bond (Cromwell/Erasmus), Kim Ismay (Joan/Mrs. Askyne), Clive Hayward (Thomas Boleyn/Cardinal Wolsey), Noah Sinigaglia (Margaret of Austria/Catherine of Aragon), Chomba S Taulo (Harry Percy/Matthew Parker/Bishop Fisher), Dona Atallah (Queen Claude/Princess Mary/Elizabeth I), Rebecca Luter (Jane Seymour)","External audio synced, shot around heads",,2026-02-14,,,"Gift at your Discretion",Unrestricted,Bootleg,MP4,"MP4 - 8.46 GB",,"Full Show","Hever Castle","Kent, United Kingdom",2026-08-20,https://encora.it/recordings/2020558/
Video,Annie,"NBC Live",2021-12-02,Evening,,"Celina Smith (Annie), Taraji P. Henson (Miss Hannigan), Harry Connick Jr. (Oliver ""Daddy"" Warbucks), Nicole Scherzinger (Grace Farrell), Tituss Burgess (Rooster Hannigan), Megan Hilty (Lily St. Regis), McKenzie Kurtz (Star to Be)",,"TV Special aired on December 2, 2021",,,,"Gift at your Discretion",Unrestricted,Pro-Shot,,"MKV - 4.87 GB",,"Full Show",,,2026-08-21,https://encora.it/recordings/1117996/
Video,Appropriate,Broadway,2024-01-02,Evening,bikinibottomday,"Sarah Paulson (Toni), Corey Stoll (Bo), Michael Esper (Franz), Natalie Gold (Rachael), Elle Fanning (River), Graham Campbell (Rhys), Alyssa Emily Marvin (Cassidy), Everett Sobers (Ainsley)","Excellent 4K capture of this phenomenal play. Act One has head obstruction on both sides that vary, while Act Two only has it on the left. Both are worked around very well and almost all the action is captured. Due to the unfortunate staging, some of the action is blocked by the angle/lighting rig. Includes curtain call, audio is fed from external source.",,2024-07-02,,,"Never Gift",Unrestricted,Bootleg,"4K MP4 (10.36GB)","MP4 - 10.3 GB",,"Full Show","Helen Hayes Theatre","New York, NY",2026-08-21,https://encora.it/recordings/1153552/
Video,Appropriate,Broadway,2024-01-09,Evening,angelofmusicishere,"Sarah Paulson (Toni), Corey Stoll (Bo), Michael Esper (Franz), Natalie Gold (Rachael), Elle Fanning (River), Graham Campbell (Rhys), Alyssa Emily Marvin (Cassidy), Everett Sobers (Ainsley)",,"Whole show shot from orchestra; a little head obstruction on both sides that doesn't affect watching. ",2025-01-09,,,"Gift at your Discretion",Unrestricted,Bootleg,,"MP4 - 10.28 GB",,"Full Show","Belasco Theatre","New York, NY",2026-08-09,https://encora.it/recordings/1153752/
Audio,Assassins,"Off-West End",2014,Unknown,Unknown,"Aaron Tveit (John Wilkes Booth), Andy Nyman (Charles Guiteau), David Seadon-Young (Leon Czolgosz), Mike McShane (Samuel Byck), Stewart Clarke (Giuseppe Zangara), Carly Bawden (Lynette ""Squeaky"" Fromme), Jamie Parker (Lee Harvey Oswald/Balladeer), Catherine Tate (Sara Jane Moore), Simon Lipkin (The Proprietor), Harry Morrison (John Hinckley Jr.)",,"Recorded before December 6th. 19 tracks.",,,,"Gift at your Discretion",Unrestricted,Bootleg,"MP3 (tracked) - 147 MB","MP3 - 147 MB (tracked)",,"Full Show","Menier Chocolate Factory","London, United Kingdom",2026-08-03,https://encora.it/recordings/1140585/
Video,Assassins,"Off-Broadway Revival",2021-12-××,Unknown,StarCuffedJeans,"Steven Pasquale (John Wilkes Booth), Will Swenson (Charles Guiteau), Brandon Uranowitz (Leon Czolgosz), Andy Grotelueschen (Samuel Byck), Wesley Taylor (Giuseppe Zangara), Tavi Gevinson (Lynette ""Squeaky"" Fromme), Ethan Slater (Lee Harvey Oswald/Balladeer), Judy Kuhn (Sara Jane Moore), Eddie Cooper (The Proprietor), Adam Chanler-Berat (John Hinckley Jr.), Bianca Horn (Emma Goldman/Ensemble), Brad Giovanine (Ensemble), Rob Morrison (Ensemble), Katrina Yaukey (Ensemble), Whit K. Lee (Ensemble)",,Instruments!,2023-04-01,,,"Gift at your Discretion",Unrestricted,Bootleg,"MP4 (HD) - 4.77 GB","MP4 - 4.76 GB",,"Full Show","Classic Stage Company","New York, NY",2026-08-21,https://encora.it/recordings/1132619/
Video,Assassins,Broadway,2004-04-10,Evening,Unknown,"Michael Cerveris (John Wilkes Booth), Denis O'Hare (Charles Guiteau), James Barbour (Leon Czolgosz), Mario Cantone (Samuel Byck), Jeffrey Kuhn (Giuseppe Zangara), Mary Catherine Garrison (Lynette ""Squeaky"" Fromme), Neil Patrick Harris (Lee Harvey Oswald/Balladeer), Becky Ann Baker (Sara Jane Moore), Marc Kudisch (The Proprietor), Alexander Gemignani (John Hinckley Jr.), Anne L. Nathan (Emma Goldman)",,"After rummaging through old trading sites and checking different videos it seems that April 10 (the version with no generation loss) is the correct date and is from the master copy. This master's videos are notorious for having playback glitches and this video is an example of that. While there's no real fix for the glitchy playback, it has been recommend on sites to convert the disc to an MKV file or play it through certain apps, specifically the Mac DVD player app.

There are 2 full length videos from this production that circulate with various dates and copies. This one is most commonly listed as April 4th or 10th, but has also been listed as April 20th, 24th, and has even been mixed up with the May 29th video. Check your copy against the screenshots to see which one you have.

Two versions of this particular recording circulate: one with no playback glitches but lots of generation loss (April, 2004 or April 4 - 3.98 VOB and smalls) and one with glitchy playback but no generation loss (April 10, 2004, Master copy screenshots below - 3.51 VOB and smalls)",,,,"Gift at your Discretion",Unrestricted,Bootleg,"{Master copy with playback glitch} - VOB + Smalls (3.51 GB)","MP4 - 3.51 GB",,"Full Show","Studio 54","New York, NY",2026-08-18,https://encora.it/recordings/5725/
Video,"Back to the Future: The Musical",Broadway,2023-07-××,Unknown,StarCuffedJeans,"Casey Likes (Marty McFly), Roger Bart (Doc Brown), Hugh Coles (George McFly), Liana Hunt (Lorraine Baines), Nathaniel Hackmann (Biff Tannen), Jelani Remy (Goldie Wilson/Marvin Berry), Merritt David Janes (Principal Strickland/Lou), Mikaela Secada (Jennifer Parker), Amber Ardolino (Linda McFly), Daryl Tofa (Dave McFly/Slick), Victoria Byrd (Betty), Becca Petersen (Babs), Will Branner (3D), Jonalyn Saxer (Clocktower Woman/Spokesperson), Nick Drake (Reginald), Brendon Chan (Ensemble), Kevin Curtis (Ensemble), Marc Heitzman (Ensemble), Hannah Kevitt (Ensemble), JJ Niemann (Ensemble), Emma Pittman (Ensemble)","it's george mcfly day",,2024-10-01,,,"Gift at your Discretion",Unrestricted,Bootleg,"MP4 (HD) - 6.2 GB","MP4 - 6.24 GB",,"Full Show","Winter Garden Theatre","New York, NY",2026-07-12,https://encora.it/recordings/1157312/
Video,"Back to the Future: The Musical",Broadway,2024-07-05,Evening,bikinibottomday,"JJ Niemann (u/s Marty McFly), Roger Bart (Doc Brown), Evan Alexander Smith (George McFly), Liana Hunt (Lorraine Baines), Nathaniel Hackmann (Biff Tannen), Jelani Remy (Goldie Wilson/Marvin Berry), David Josefsberg (Principal Strickland/Lou), Mikaela Secada (Jennifer Parker), Katie Laduca (Linda McFly), Aaron Alcaraz (Dave McFly/Slick), Victoria Byrd (Betty), Becca Petersen (Babs), Will Branner (3D), Jonalyn Saxer (Clocktower Woman/Spokesperson), Nick Drake (Reginald), Brendon Chan (Ensemble), Marc Heitzman (Ensemble), Kevin Curtis (Ensemble), Hannah Kevitt (Ensemble), Samuel Gerber (s/w Ensemble), Jessie Peltier (Ensemble)","Great 4K capture of JJ as Marty! Head obstruction on the left that obstructs some action, gets better later in the show. Increased wandering and unfocusing throughout. Some washout on wider shots. Includes curtain call and encore sequence, audio is fed from external source.",,2026-05-10,,,"Never Gift",Unrestricted,Bootleg,"4K MP4 (10.45GB)","MP4 - 10.45 GB",,"Full Show","Winter Garden Theatre","New York, NY",2026-07-16,https://encora.it/recordings/2022533/
Video,"Back to the Future: The Musical","West End",2025-08-××,Evening,AndrewLloydWebbersiPad,"Ellis Kirk (alt Marty McFly), Cory English (Doc Brown), Orlando Gibbs (George McFly), Sarah Goggin (Lorraine Baines), Louis Quinn (u/s Biff Tannen), C.J. Borger (Goldie Wilson), Lee Ormsby (Principal Strickland), Talia Palamathanan (Jennifer Parker), Patricia Wilkins (Linda McFly), Liam McHugh (Dave McFly)","When Andrew Lloyd Webber visits one of his theatres do you think they let him choose his own seats?

generally decent capture of Ellis' last marty! some shaking and obstruction but that's to be expected. Goes blurry from the dance onward.

also if this gets out anywhere beyond, i will PERSONALLY send you to ALW's house",,2026-03-17,,NFS,"Never Gift",Unrestricted,Bootleg,,"MP4 - 6.16 GB",,"Full Show","Adelphi Theatre","London, United Kingdom",2026-08-05,https://encora.it/recordings/2020790/
Video,"Bat Boy: The Musical","New York City Center Gala",2025-11-07,Evening,onehandonmycamera,"Taylor Trensch (Bat Boy), Kerry Butler (Meredith Parker), Gabi Carrubba (Shelley Parker), Christopher Sieber (Dr. Parker), Alex Newell (Pan), Marissa Rosen (u/s Mrs. Taylor), Andrew Durand (Rick Taylor), Olivia Puckett (Ruthie Taylor), John-Michael Lyles (Ron Taylor), Jacob Ming-Trent (Reverend Hightower), Tom McGowan (Sheriff Reynolds), Evan Harrington (Ned), Rema Webb (Maggie), Mary Faber (Lorraine), Alan H. Green (Bud), Stephanie Reuning-Scherer (u/s Daisy), Colin Trudell (Charley)",,"Starts towards the end of the opening number. Shot almost entirely in mediums and close-ups.

This is a production of the revised edition of Bat Boy, which features lots of changes from the original. Songs were cut, added, replaced, and rewritten, and certain plot details are changed.",2026-06-01,,,"Never Gift",Unrestricted,Bootleg,".MOV (12.26GB)","MOV - 12.2 GB",,"Full Show","New York City Center - Mainstage","New York, NY",2026-08-21,https://encora.it/recordings/2025364/
Video,"Be More Chill",Broadway,2019-08-11,Matinee,notjustthespongenextdoor,"Will Roland (Jeremy Heere), George Salazar (Michael Mell), Stephanie Hsu (Christine Canigula), Jason Tam (The SQUIP), Lauren Marcus (Brooke Lohst), Katlyn Carlson (Chloe Valentine), Tiffany Mann (Jenna Rolan), Britton Smith (Jake Dillinger), Gerard Canonico (Rich Goranski), Jason SweetTooth Williams (Mr. Heere/Mr. Reyes/Scary Stockboy)",,"Closing Night on Broadway! Fantastic HD stageshot from the rear right balcony without zooms. The action is caught really well and there is no washout. The cast were on top of their game for the final performance and includes the speeches after the show.",,,,"Gift at your Discretion",Unrestricted,Bootleg,"MP4 (HD) - 17.3 GB","MP4 - 17.3 GB",,"Full Show","Lyceum Theatre [New York]","New York, NY",2026-07-12,https://encora.it/recordings/25887/
Audio,"Becky Shaw",Broadway,2026-03-18,Evening,PTSnucka,"Alden Ehrenreich (Max Garrett), Lauren Patten (Suzanna Slater), Madeline Brewer (Becky Shaw), Patrick Ball (Andrew Porter), Linda Emond (Susan Slater)","1st preview. Clear audio recorded from front orchestra. Some shuffling, coughing/throat clearing and commentary from neighbors. Towards the end of the show, the CATS: The Jellicle Ball 1st preview let out across the street and the party can be heard.",,,,NFS,"Gift at your Discretion",Unrestricted,Bootleg,"M4A - 155.1 MB","M4A - 155 MB (untracked)",,"Full Show","Helen Hayes Theatre","New York, NY",2026-07-13,https://encora.it/recordings/2030556/
Video,"Becky Shaw",Broadway,2026-04-08,Matinee,angelofmusicishere,"Alden Ehrenreich (Max Garrett), Lauren Patten (Suzanna Slater), Madeline Brewer (Becky Shaw), Patrick Ball (Andrew Porter), Linda Emond (Susan Slater)","First show after opening. Well shot from orchestra. Brilliant cast. Act II is a revelation. ",,2027-04-08,,,"Gift at your Discretion",Unrestricted,Bootleg,,"MP4 - 10.7 GB",,"Full Show","Helen Hayes Theatre","New York, NY",2026-07-24,https://encora.it/recordings/2031558/
Audio,"Becky Shaw",Broadway,2026-05-16,Evening,RetroHutTrader,"Alden Ehrenreich (Max Garrett), Lauren Patten (Suzanna Slater), Madeline Brewer (Becky Shaw), Patrick Ball (Andrew Porter), Linda Emond (Susan Slater)","iPhone recording, includes curtain call video",,,,,"Gift at your Discretion",Unrestricted,Bootleg,,"M4A - 409 MB (untracked)",,"Full Show","Helen Hayes Theatre","New York, NY",2026-07-13,https://encora.it/recordings/2033202/
Video,Beetlejuice,Broadway,2019-11-××,Unknown,StarCuffedJeans,"Will Blum (u/s Beetlejuice), Sophia Anne Caruso (Lydia Deetz), Kerry Butler (Barbara Maitland), David Josefsberg (Adam Maitland), Adam Dannheisser (Charles Deetz), Kim Sava (u/s Delia Deetz/u/s Miss Argentina), Sean Montgomery (u/s Otho), Danny Rutigliano (Maxie Dean), Jill Abramovitz (Maxine Dean/Juno), Dana Steingold (Girl Scout)",,"A few heads show up briefly and a quick video drop after the first two songs.  Covers from opening song to final applause, great shot.",2020-09-15,,,"Gift at your Discretion",Unrestricted,Bootleg,,"MP4 - 5.65 GB",,"Full Show","Winter Garden Theatre","New York, NY",2026-07-26,https://encora.it/recordings/26549/
Video,Beetlejuice,Broadway,2019-07-××,Unknown,StarCuffedJeans,"Alex Brightman (Beetlejuice), Sophia Anne Caruso (Lydia Deetz), Kerry Butler (Barbara Maitland), Rob McClure (Adam Maitland), Adam Dannheisser (Charles Deetz), Leslie Rodriguez Kritzer (Delia Deetz/Miss Argentina), Kelvin Moon Loh (Otho), Danny Rutigliano (Maxie Dean), Jill Abramovitz (Maxine Dean/Juno), Dana Steingold (Girl Scout)",,"Good HD capture from the right orchestra with beautiful zooms and way less obstruction than the March video. Please do not post screenshots of this video on Twitter ever. Gifs on Tumblr are okay after the NFT date, but don't go linking things to actors and shows.",2020-06-18,,,"Gift at your Discretion",Unrestricted,Bootleg,"MP4 (HD) - 5.63 GB","MP4 - 5.63 GB",,"Full Show","Winter Garden Theatre","New York, NY",2026-07-12,https://encora.it/recordings/26548/
Video,Beetlejuice,Australia,2025-08-30,Evening,Beetlegraves,"Eddie Perfect (Beetlejuice), Karis Oka (Lydia Deetz), Elise McCann (Barbara Maitland), Rob Johnson (Adam Maitland), Tom Wren (Charles Deetz), Erin Clare (Delia Deetz), Angelique Cassimatis (Miss Argentina), Andy Conaghan (Otho), James Haxby (u/s Maxie Dean), Noni McCallum (Maxine Dean/Juno), Rebecca Ordiz (Girl Scout)","Very blurry as it was filmed on full zoom from a bit back. I’d definitely recommend if you’ve already seen the show and just wanna revisit it. Good overall view of the stage just not very detailed due to zoom. Audio is grea",,,,,"Never Gift",Unrestricted,Bootleg,,"MOV - 10.5 GB",,"Full Show","Regent Theatre","Melbourne, Australia",2026-08-12,https://encora.it/recordings/2022427/
Video,Beetlejuice,"First Broadway Remount",2022-07-××,Unknown,StarCuffedJeans,"Alex Brightman (Beetlejuice), Elizabeth Teeter (Lydia Deetz), Kerry Butler (Barbara Maitland), Andrew Kober (u/s Adam Maitland), Adam Dannheisser (Charles Deetz), Leslie Rodriguez Kritzer (Delia Deetz), Michelle Aravena (Miss Argentina), Kelvin Moon Loh (Otho), Danny Rutigliano (Maxie Dean), Zonya Love (Maxine Dean/Juno), Nevada Riley (u/s Girl Scout), Kate Bailey (Ensemble), Ryan Breslin (Ensemble), Julian DeGuzman (s/w Ensemble), Brooke Leigh Engen (s/w Ensemble), Sean McManus (s/w Ensemble), Mateo Melendez (Ensemble), Graham Stevens (Ensemble), Ramone Owens (Ensemble)",,"There's a show stop before Invisible (reprise)",2024-02-01,,,"Gift at your Discretion",Unrestricted,Bootleg,,"MP4 - 6.0 GB",,"Full Show","Marquis Theatre","New York, NY",2026-08-12,https://encora.it/recordings/1146367/
Video,Beetlejuice,"South Korea (First Season)",2021-07-10,Matinee,Unknown,"유준상 Yoo Jun-sang (Beetlejuice), 장민제 Jang Min-je (Lydia Deetz), 김지우 Kim Ji-woo (Barbara Maitland), 이율 Lee Yool (Adam Maitland), 김용수 Kim Yong-soo (Charles Deetz), 전수미 Jeon Soo-mi (Delia Deetz/Miss Argentina), 전재현 Jeon Jae-hyun (Otho), 오종훈 Oh Jong Hoon (Maxie Dean), 장예원 Jang Ye-won (Maxine Dean/Juno), 이자영 Lee Ja-young (Girl Scout)",,"2 trade files exist
M2TS is rare, most copies are the MP4.
M2TS: 10.2 GB
MP4: 3.96 GB",,,,"Gift at your Discretion",Unrestricted,Bootleg,M2TS,"MP4 - 3.95 GB",,"Full Show","Sejong Center for the Performing Arts","Seoul, Korea",2026-08-21,https://encora.it/recordings/1147238/
Video,Beetlejuice,"South Korea (First Season)",2021-07-11,Evening,Unknown,"정성화 Jung Sung-hwa (Beetlejuice), 홍나현 Hong Na Hyun (Lydia Deetz), 유리아 Yuria (Barbara Maitland), 이창용 Lee Chang-yong (Adam Maitland), 김용수 Kim Yong-soo (Charles Deetz), 신영숙 Shin Young-sook (Delia Deetz/Miss Argentina), 전재현 Jeon Jae-hyun (Otho), 오종훈 Oh Jong Hoon (Maxie Dean), 장예원 Jang Ye-won (Maxine Dean/Juno), 이자영 Lee Ja-young (Girl Scout)",,,,,,"Gift at your Discretion",3:1,Bootleg,M2TS,"MP4 - 10.2 GB",,"Full Show","Sejong Center for the Performing Arts","Seoul, Korea",2026-08-20,https://encora.it/recordings/1147239/
Video,Beetlejuice,"First Broadway Remount",2022-08-××,Unknown,StarCuffedJeans,"Alex Brightman (Beetlejuice), Elizabeth Teeter (Lydia Deetz), Kate Bailey (u/s Barbara Maitland), Graham Stevens (u/s Adam Maitland), Adam Dannheisser (Charles Deetz), Leslie Rodriguez Kritzer (Delia Deetz), Michelle Aravena (Miss Argentina), Kelvin Moon Loh (Otho), Danny Rutigliano (Maxie Dean), Zonya Love (Maxine Dean/Juno), Dana Steingold (Girl Scout), Sean McManus (s/w Ensemble), Ryan Breslin (Ensemble), Brooke Leigh Engen (s/w Ensemble), Eric Anthony Johnson (s/w Ensemble), Katie Lombardo (s/w Ensemble), Elliott Mattox (Ensemble), Mateo Melendez (Ensemble), Nevada Riley (Ensemble)",,happiness,2024-04-01,,,"Gift at your Discretion",Unrestricted,Bootleg,"MP4 (HD)","MP4 HD - 5.90 GB",,"Full Show","Marquis Theatre","New York, NY",2026-07-12,https://encora.it/recordings/1149316/
Video,Beetlejuice,"First Broadway Remount","2022-04-×× (1)",Unknown,StarCuffedJeans,"Alex Brightman (Beetlejuice), Elizabeth Teeter (Lydia Deetz), Kerry Butler (Barbara Maitland), David Josefsberg (Adam Maitland), Adam Dannheisser (Charles Deetz), Leslie Rodriguez Kritzer (Delia Deetz), Natalie Charle Ellis (u/s Miss Argentina), Kelvin Moon Loh (Otho), Danny Rutigliano (Maxie Dean), Zonya Love (Maxine Dean/Juno), Dana Steingold (Girl Scout), Kate Bailey (Ensemble), Ryan Breslin (Ensemble), Elliott Mattox (Ensemble), Mateo Melendez (Ensemble), Ramone Owens (Ensemble), Commodore C. Primous III (Ensemble), Nevada Riley (Ensemble), Graham Stevens (Ensemble)",,"First performance.
Watermarked version is circulating more than the non-watermarked due to a leak. Check with traders for their files!",,,,"Gift at your Discretion",Unrestricted,Bootleg,"MP4 (HD) - 6.62 GB","MP4 - 6.62 GB",,"Full Show","Marquis Theatre","New York, NY",2026-08-12,https://encora.it/recordings/1124918/
Video,Bombshell,"Actors' Fund Benefit Concert",2015-06-08,Evening,,"Megan Hilty (Ivy Lynn/Norma Jeane | Marilyn Monroe), Katharine McPhee (Karen Cartwright/Norma Jeane | Marilyn Monroe), Christian Borle (Tom Levitt/Darryl F. Zanuck), Debra Messing (Julia Houston), Will Chase (Michael Swift/Joe DiMaggio), Brian d'Arcy James (Frank Houston/Arthur Miller), Leslie Odom Jr. (Sam Strickland/Nat King Cole), Jeremy Jordan (Jimmy Collins/Norma Jeane | Marilyn Monroe), Ann Harada (Linda), Jamie Cepero (Ellis Boyd), Wesley Taylor (Bobby)",,"The stars of the NBC musical drama series Smash reunite virtually for a special one-night-only streaming event: Bombshell in Concert. The event, announced by The Actors Fund in association with PEOPLE, features the never-seen sold-out live performance of Bombshell in Concert that electrified Broadway at the Minskoff Theater in New York City in 2015.
The evening was introduced by two-time Academy Award winner Renée Zellweger, and during intermission, Julie Klausner of “Difficult People” hosted a live, virtual reunion with the show's original cast members, including: Christian Borle, Jaime Cepero, Will Chase, Brian d'Arcy James, Jack Davenport, Ann Harada, Megan Hilty, Jeremy Jordan, Katharine McPhee, Andy Mientus, Debra Messing, Leslie Odom Jr., Krysta Rodriguez and Wesley Taylor.
The People version of the proshot cut the song At Your Feet.",,,,"Gift at your Discretion",Unrestricted,Pro-Shot,"MP4 (HD) - 1.22 GB","MP4 - 2.2 GB",,"Full Show","Minskoff Theatre","New York, NY",2026-08-21,https://encora.it/recordings/34182/
Video,"The Book of Mormon",Chicago,2012-12-23,Evening,SunsetBlvd79,"Nic Rouleau (Elder Price), Ben Platt (Elder Cunningham), Syesha Mercado (Nabulungi), Pierce Cassedy (Elder McKinley), James Vincent Meredith (Mafala Hatimbi), David Aron Damane (General), Christopher Shyer (Mission President/Joseph Smith/Price's Father/Mission Training Center Voice)",,"Beautiful HD capture of the Chicago cast. I cannot say enough wonderful things about this company! They really are rock solid and give terrific performances! Nic and Ben are really sensational and have great chemistry. A+",,,,"Gift at your Discretion",Unrestricted,Bootleg,,"VOB + smalls - 8.69 GB",,"Full Show","Bank of America Theatre","Chicago, IL",2026-08-10,https://encora.it/recordings/31060/
Video,"The Book of Mormon","First UK & Ireland Tour",2019,Evening,Rumpel,"Kevin Clay (Elder Price), Conner Peirson (Elder Cunningham), Nicole-Lily Baisden (Nabulungi), Will Hawksworth (Elder McKinley), Ewen Cummins (Mafala Hatimbi), Thomas Vernal (General), Johnathan Tweedie (Mission President/Joseph Smith/Price's Father), Tre Copeland-Williams (Doctor), Cleopatra Isaac (Mrs. Brown), David Brewis (Cunningham's Father), Jemal Felix (Guard), Lukin Simmonds (Guard), Evan James (Ensemble), Alex James-Hatton (Ensemble), George Crawford (Ensemble), Jed Berry (Ensemble), Iz Hesketh (Ensemble), Fergal McGoff (Ensemble)",,"One of the best videos of this show out there. Recorded from the right wing, doesnt miss any action. High quality video and excellent sound. Kevin is a very good Elder Price.",2020-06-01,,,"Gift at your Discretion",Unrestricted,Bootleg,,"VOB + smalls - 7.04 GB",,"Full Show",,"Amsterdam, Netherlands",2026-08-19,https://encora.it/recordings/28396/
Video,"The Book of Mormon",Broadway,2011-03-07,Evening,SunsetBlvd79,"Andrew Rannells (Elder Price), Josh Gad (Elder Cunningham), Nikki M. James (Nabulungi), Rory O'Malley (Elder McKinley), Michael Potts (Mafala Hatimbi), Brian Tyree Henry (General), Lewis Cleale (Mission President)","A nice capture of this hilarious original show. A very solid and funny cast. Nikki does a fantastic job acting and vocally. On wide shots there can be heads on the sides, but nothing that really obstructs the action. During Broadway previews, less than a month before the official premiere. So there are differences from the Cast Recording. Very nice video of the show however a bar can be visible in wide shots but it doesnt interfere with anything.","T/W: This video contains a PETA advertisement at the beginning, which contains graphic images and may be distressing.  This was included by the master on release.

Listed as either March 7 or March 11 due to a labeling error by the master. The DVD menu shows the capture date as March 11 while the poster at the beginning says March 7.",,,,"Gift at your Discretion",Unrestricted,Bootleg,,"VOB + smalls - 4.29 GB",,"Full Show","Eugene O'Neill Theatre","New York, NY",2026-07-27,https://encora.it/recordings/282/
Video,"Boop! The Musical",Broadway,2025-03-××,Unknown,MTTZ,"Jasmine Rogers (Betty Boop), Ainsley Melham (Dwayne), Faith Prince (Valentina), Stephen DeRosa (Grampy), Phillip Huber (Pudgy), Angelica Hale (Trisha), Erich Bergen (Raymond), Anastacia McCleskey (Carol Evans), Christian Probst (Malcolm Carter/Ironman Mascot), Ricky Schroeder (Clarence), Colin Bradbury (Arnie Finkle), Aubie Merrylees (Oscar Delacorte), Morgan McGhee (Cheryl King), Ryah Nixon (Ensemble), Daniel Castiglione (Ensemble), Lizzy Tucker (Ensemble), Derek Jordan Taylor (Ensemble), Gabriella Sorrentino (Ensemble), Nina Lafarga (Ensemble), RJ Higton (Ensemble), Rebecca Corrigan (Ensemble), Victoria Byrd (Ensemble), Joshua Burrage (Ensemble), Tristen Buettel (Ensemble), Lawrence Alexander (Ensemble)","Excellent capture of this wonderful new musical in the final week of previews! Shot with alternate camera in a great mix of wides, mediums, and close-ups; some washout can sometimes be seen on wider shots. Minor obstruction on the bottom that rarely cuts off action, it only obstructs when they lean forward which is almost immediately remedied, so the obstruction is well worked around. Some wandering, shaking, and re-adjusting throughout. Overall an excellent capture of Jasmine Amy Rogers’ star turn in this fun show!",,2025-10-05,,,"Gift at your Discretion",Unrestricted,Bootleg,,"MP4 - 9.31 GB",,"Full Show","Broadhurst Theatre","New York, NY",2026-08-09,https://encora.it/recordings/2012252/
Audio,"The Braille Legacy","Off-West End",2017-05-24,Evening,Musicaltheatrelive,"Jack Wolfe (Louis Braille), Ashley Stillburn (Monsieur Dufau), Jason Broderick (Gabriel), Taite-Elliot Drew (Parisian Gentleman), Will Haswell (Doctor Berger), Lottie Henshall (Rose Barbier de la Serre), Sarah-Marie Maxwell (Parisian Lady), Matthew McDonald (President of the Assembly), Kate Milner Evans (Mme. Marie Barbier de la Serre), Janet Mooney (Mme. Deschamps), Ceili O'Connor (Madame Demeziere), Michael Remick (Captain Charles Barbier de la Serre)",,,,,,"Gift at your Discretion",Unrestricted,Bootleg,,"MP4 - 50.9 MB (untracked)",,"Full Show","Charing Cross Theatre","London, United Kingdom",2026-07-13,https://encora.it/recordings/1115790/
Audio,"The Braille Legacy","Off-West End",2017-05-15,Evening,Musicaltheatrelive,"Jack Wolfe (Louis Braille), Ashley Stillburn (Monsieur Dufau), Jason Broderick (Gabriel), Taite-Elliot Drew (Parisian Gentleman), Will Haswell (Doctor Berger), Lottie Henshall (Rose Barbier de la Serre), Sarah-Marie Maxwell (Parisian Lady), Matthew McDonald (President of the Assembly), Kate Milner Evans (Mme. Marie Barbier de la Serre), Janet Mooney (Mme. Deschamps), Ceili O'Connor (Madame Demeziere), Michael Remick (Captain Charles Barbier de la Serre)",,,,,,"Gift at your Discretion",Unrestricted,Bootleg,,"MP3 - 20.2 MB (tracked), MP3 - 49.4 MB (untracked) - 69.6 MB total",,"Full Show","Charing Cross Theatre","London, United Kingdom",2026-07-31,https://encora.it/recordings/1115789/
Video,"Branwen: Dadeni",Wales,2023-11-××,Unknown,,"Mared Williams (Branwen), Caitlin Drake (Efnisien), Rithvik Andugula (Matholwch), Gillian Elisa (Ena), Tomos Eames (Bendigeidfran), Ioan Hefin (Picell), Mali Grooms (Gwern/Child), Lisa Angharad (Ensemble), Huw Euron (Ensemble), Steffan Hughes (Ensemble), Miriam Isaac (Ensemble), Elan Meiron (Ensemble), Niamh Moulton (Ensemble), Cedron Sion (Ensemble), Adam Vaughan (Ensemble)",,"Recorded November 8-11.",,,,"Gift at your Discretion",Unrestricted,Pro-Shot,,"MP4 - 4.85 GB",,"Full Show","Wales Millennium Centre","Cardiff, United Kingdom",2026-07-27,https://encora.it/recordings/1156013/
Video,Brigadoon,"Regent's Park Open Air Theatre",2025-08-××,Unknown,hitmewithyourbethshot,"Louis Gaunt (Tommy Albright), Georgina Onuorah (Fiona MacLaren), Cavan Clarke (Jeff Douglas), Nic Myers (Meg Brockie), Danny Nattrass (Harry Beaton), Edward Baruwa (Andrew MacLaren), Norman Bowman (Archie Beaton), Gilli Jones (Charlie Dalrymple), Jasmine Jules Andrews (Jean MacLaren), Anne Lacey (Miss Lundie)",,,2026-02-14,,,"Gift at your Discretion",Unrestricted,Bootleg,MTS,"MTS - 9.87 GB",,"Full Show","Regent's Park Open Air Theatre","London, United Kingdom",2026-07-18,https://encora.it/recordings/2020550/
Video,"Broadway Backwards (Concerts)","Broadway Backwards 13",2018-04-02,Evening,,"Shawna Hamic (Performer), Christian Dante White (Performer), Phoenix Goodman (Performer), Tony Yazbeck (Performer), Anneliese van der Pol (Performer), Noah Galvin (Performer), Nico Tortorella (Performer), Julie Halston (Performer), Jay Armstrong Johnson (Performer), John Glover (Performer), Len Cariou (Performer), Andrea Martin (Performer), Andrea McArdle (Performer), Sharon Wheatley (Performer), Ethan Slater (Performer), Gaelen Gilliland (Performer), Eric Petersen (Performer), Will Swenson (Performer), Q Smith (Performer), Astrid Van Wieren (Performer), Betsy Wolfe (Performer), Bryan Terrell Clark (Performer), Michael McElroy (Performer), Joey McIntyre (Performer), Telly Leung (Performer), Taylor Trensch (Performer), Tituss Burgess (Performer), Alex Newell (Performer)",,,,,,"Gift at your Discretion",Unrestricted,Pro-Shot,,"VOB + smalls - 3.31 GB",,"Full Show","Al Hirschfeld Theatre","New York, NY",2026-08-05,https://encora.it/recordings/1152559/
Video,"Broadway Backwards (Concerts)","Broadway Backwards 14",2019-03-11,Evening,,"Clyde Alves (Performer), Len Cariou (Performer), Lilli Cooper (Performer), Gavin Creel (Performer), Darren Criss (Performer), Ariana DeBose (Performer), Robyn Hurder (Performer), Andrew Keenan-Bolger (Performer), Caissie Levy (Performer), Donna McKechnie (Performer), Bonnie Milligan (Performer), Andrew Rannells (Performer)",,,,,,"Gift at your Discretion",Unrestricted,Pro-Shot,,"VOB + smalls - 4.35 GB",,"Full Show",,,2026-07-19,https://encora.it/recordings/1152632/
Video,"Brokeback Mountain","West End",2023-05-××,Unknown,Lasagna,"Lucas Hedges (Ennis Del Mar), Mike Faist (Jack Twist), Eddi Reader (Balladeer), Emily Fairn (Alma), Paul Hickey (Older Ennis), Martin Marquez (Bill/Jack's Father/Joe Agguire), Sophie Reid (Lureen/Waitress/Backing Vocals)","<p>Solid capture of this incredible play! Shot over a safety barrier that is sometimes visible</p>",,2023-12-29,,,"Gift at your Discretion",Unrestricted,Bootleg,"MP4 (4K) - 7.04 GB","MP4 - 7.04 GB",,"Full Show",@sohoplace,"London, United Kingdom",2026-08-09,https://encora.it/recordings/1143282/
Video,"A Bronx Tale","One Man Show",2023-06-11,Unknown,,"Chazz Palminteri (All Characters)",,,,,NFS,"Gift at your Discretion",Unrestricted,Pro-Shot,MKV,"MKV 2160p and 1080p - 17.1 GB total",,"Full Show","The Paramount","Huntington, NY",2026-08-05,https://encora.it/recordings/2015369/
Audio,"The Burnt Part Boys","Vineyard Theatre",2010-06-13,Evening,Unknown,"Al Calderon (Pete), Charlie Brady (Jake), Noah Galvin (Dusty), Andrew Durand (Chet), Molly Ranson (Frances), Michael Park (Pete's Movie Fantasy Men/Dad), Steve French (Miner Tinns), Randy Redd (Miner Boggs), Asa Somers (Miner Taylor)",,,,,,"Gift at your Discretion",Unrestricted,Bootleg,,"MP3 - 228 MB (tracked)",,"Full Show","Vineyard Theatre","New York, NY",2026-08-17,https://encora.it/recordings/34973/
Video,Cabaret,"Fifth West End Revival",2022-01-××,Unknown,Jagweed,"Eddie Redmayne (Emcee), Jessie Buckley (Sally Bowles), Omari Douglas (Clifford Bradshaw), Liza Sadovy (Fräulein Schneider), Elliot Levey (Herr Schultz), Stewart Clarke (Ernst Ludwig), Anna-Jane Casey (Fräulein Kost/Fritzie), Sally Frith (Frenchie), Andre Refig (Max), Daniel Perry (Victor), Theo Maddix (Lulu), Christopher Tendai (Bobby), Sophie Maria Wojna (Rosie), B Terry (Helga), Matthew Gent (Hans), Lillie-Pearl Wildman (Texas)",,"This is the only publicly released video recording of this acclaimed, sold out production with the original West End revival cast. This was my first time recording and as a result, mistakes were made. Foolishly, I set the exposure to automatic, so the recording suffered from spotlight washout (I haven't made this mistake since). The washout has mostly been fixed in editing but it's impossible to fully correct. The recording has more zooms than I would like, to prevent further washout. Fortunately, this production is minimalistic and performance-focused so it doesn't hinder the overall experience of the show. The recording is mainly filmed in close-ups and mediums. A head is sometimes visible in the wide shots of the musical numbers. Recording includes the curtain call and marquee.",2023-05-07,,NFS,"Gift at your Discretion",Unrestricted,Bootleg,"M4V (HD) - 9.76 GB","M4V - 9.76 GB",,"Full Show","Kit Kat Club at the Playhouse","London, United Kingdom",2026-08-09,https://encora.it/recordings/1129264/
Video,Cabaret,"Fifth West End Revival",2022-03-××,Unknown,Jagweed,"Eddie Redmayne (Emcee), Emily Benjamin (u/s Sally Bowles), Omari Douglas (Clifford Bradshaw), Liza Sadovy (Fräulein Schneider), Elliot Levey (Herr Schultz), Stewart Clarke (Ernst Ludwig), Anna-Jane Casey (Fräulein Kost/Fritzie), Sally Frith (Frenchie), Andre Refig (Max), Daniel Perry (Victor), Theo Maddix (Lulu), Christopher Tendai (Bobby), Sophie Maria Wojna (Rosie), Ela Lisondra (s/w Helga), Matthew Gent (Hans), Lillie-Pearl Wildman (Texas)",,"This is the only known recording of Emily Benjamin in the role of Sally Bowles with the original West End revival cast. I would say this is a near perfect capture of this production; very little obstruction, steady, with a mix of wides, mediums and close ups. Recording includes the curtain call and marquee.",2023-05-07,,NFS,"Gift at your Discretion",Unrestricted,Bootleg,M4V,"M4V - 9.98 GB",,"Full Show","Kit Kat Club at the Playhouse","London, United Kingdom",2026-07-28,https://encora.it/recordings/1129265/
Video,Cabaret,"Fourth Broadway Revival",2024-09-16,Evening,bikinibottomday,"Adam Lambert (Emcee), Auli'i Cravalho (Sally Bowles), Calvin Leon Smith (Clifford Bradshaw), Bebe Neuwirth (Fräulein Schneider), Steven Skybell (Herr Schultz), Henry Gottfried (Ernst Ludwig), Michelle Aravena (Fräulein Kost/Fritzie), Gabi Campo (Frenchie), Loren Lester (Max/Herman), Marty Lauter (Victor), David Merino (Lulu), Julian Ramos (Bobby), Kayla Jenerson (s/w Rosie), Ayla Ciccone-Burton (Helga), Colin Cunliffe (Hans), MiMi Scardulla (Texas)","Excellent 4K capture of the new cast (debuts for Adam, Auli’i, Calvin and Michelle)! Some wandering / readjustment and unfocusing throughout. A bit of occasional obstruction from people walking the aisles. Includes curtain call, audio is fed from external source.",,2025-04-02,,,"Never Gift",Unrestricted,Bootleg,"4K MP4 11.64 GB","MP4 - 11.6 GB",,"Full Show","August Wilson Theatre","New York, NY",2026-08-03,https://encora.it/recordings/2005140/
Video,Cabaret,"Fifth West End Revival",2026-01-××,Unknown,hitmewithyourbethshot,"Reeve Carney (Emcee), Eva Noblezada (Sally Bowles), Baker Mukasa (Clifford Bradshaw), Ruthie Henshall (Fräulein Schneider), Robert Hands (Herr Schultz), Lucas Koch (Ernst Ludwig), Jessica Kirton (Fräulein Kost/Fritzie)","Obstructed view",,2026-06-15,,,"Gift at your Discretion",Unrestricted,Bootleg,MP4,"MP4 - 8.51 GB",,"Full Show","Kit Kat Club at the Playhouse","London, United Kingdom",2026-08-19,https://encora.it/recordings/2027408/
Video,Cabaret,"Fifth West End Revival",2025-10-××,Unknown,Jagweed,"Reeve Carney (Emcee), Eva Noblezada (Sally Bowles), Baker Mukasa (Clifford Bradshaw), Ruthie Henshall (Fräulein Schneider), Robert Hands (Herr Schultz), Lucas Koch (Ernst Ludwig), Alexandra Regan (u/s Fräulein Kost), Lucy Young (s/w Frenchie), Adrian Grove (Max), Joe Atkinson (Victor), Manu Sarswat (s/w Lulu), Xavion Campbell Brown (Bobby), Ela Lisondra (s/w Rosie), Olivia-Rose Deer (Helga), Tom Scanlon (Hans), Anya Ferdinand (Texas)","Filmed in 4K. External audio used. Excellent recording of this replacement cast. A must see for any fans of Eva and Reeve. Some focus issues throughout. Recording includes the curtain call and marquee.",,2026-05-31,,NFS,"Never Gift",Unrestricted,Bootleg,"MP4 (4K) - 9.95 GB","MP4 - 9.94 GB",,"Full Show","Kit Kat Club at the Playhouse","London, United Kingdom",2026-08-05,https://encora.it/recordings/2022820/
Video,Cabaret,"Fourth Broadway Revival",2025-04-10,Evening,bikinibottomday,"Orville Peck (Emcee), Eva Noblezada (Sally Bowles), Calvin Leon Smith (Clifford Bradshaw), Ellen Harvey (Fräulein Schneider), Steven Skybell (Herr Schultz), Henry Gottfried (Ernst Ludwig), Corinne Munsch (u/s Fräulein Kost/Fritzie), Gabi Campo (Frenchie), Price Waldman (Max/Herman), Marty Lauter (Victor), David Merino (Lulu), Julian Ramos (Bobby), Paige Smallwood (Rosie), Jada Simone Clark (Helga), Colin Cunliffe (Hans), Christian Kidd (s/w Texas)","Excellent 4K capture of the new cast! Some wandering and unfocusing throughout. Includes curtain call and the post-show BC/EFA speech, audio is fed from external source.",,2025-10-17,,,"Never Gift",Unrestricted,Bootleg,"4K MP4 (11.03GB)","MP4 - 11.0 GB",,"Full Show","August Wilson Theatre","New York, NY",2026-07-28,https://encora.it/recordings/2013147/
Video,Cabaret,"Symphony Space",2023-04-24,Evening,juniper47,"Heath Saunders (Emcee), Adrianna Hicks (Sally Bowles), Jeff Kready (Clifford Bradshaw), Carolee Carmello (Fräulein Schneider), Steven Skybell (Herr Schultz), Emma Stratton (Fräulein Kost/Ensemble), Danny Burstein (Host), Jerusha Cavazos (Ensemble), Marina Kondo (Ensemble), Sarah Meahl (Ensemble), Samantha Pollino (Ensemble), Alanna Saunders (Ensemble), Dan Domenech (Ensemble), Brian Flores (Ensemble), Christian Probst (Ensemble)","Filmed in 4K, released as 1080p and 4K. Filmed using the alternate method, so sometimes a little delayed getting everyone in frame, sometimes difficulty finding Danny Burstein in frame. Occasional obstruction from a head on the farthest right side of screen when action is on that side of the stage, but otherwise a great capture of this concert of the songs from Cabaret with brief narration in between songs from Danny Burstein.
NFT (NOT FOR TRADE) and sales only through master until March 28, 2024.",,,,NFS,"Never Gift",Unrestricted,Bootleg,"MP4 (HD & 4K)","MP4 - 15.8 GB",,"Full Show","Symphony Space - Peter Jay Sharp Theatre","New York, NY",2026-08-18,https://encora.it/recordings/2011963/
Audio,Cabaret,"Fifth West End Revival",2026-06-24,Evening,walkinginthesun,"Jamie Muscato (Emcee), Joy Woods (Sally Bowles), Baker Mukasa (Clifford Bradshaw), Jessica Kirton (u/s Fräulein Schneider), Robert Hands (Herr Schultz), Lucas Koch (Ernst Ludwig), Alexandra Regan (u/s Fräulein Kost/u/s Fritzie), Eva-Rose Tanaka (Frenchie), Andy Rees (s/w Max), Joe Atkinson (Victor), Manu Sarswat (s/w Lulu), Xavion Campbell Brown (Bobby), Ela Lisondra (s/w Rosie), Marina Tavolieri (s/w Helga), Tom Scanlon (Hans), Anya Ferdinand (Texas)","Please please please do not share these in any way other than trading, including but not limited to posting on TikTok, Youtube, Instagram etc!",,,,,"Never Gift",Unrestricted,Bootleg,"M4A (Untracked)","M4A - 68.9 MB (untracked)",,"Full Show","Kit Kat Club at the Playhouse","London, United Kingdom",2026-08-11,https://encora.it/recordings/2037004/
Audio,Cabaret,"Fifth West End Revival",2026-07-08,Matinee,bobbyskazoo,"Jamie Muscato (Emcee), Joy Woods (Sally Bowles), Baker Mukasa (Clifford Bradshaw), Jessica Kirton (u/s Fräulein Schneider), Adrian Grove (u/s Herr Schultz), Lucas Koch (Ernst Ludwig), Alexandra Regan (u/s Fräulein Kost/u/s Fritzie), Eva-Rose Tanaka (Frenchie), Danny Fogarty (s/w Max/s/w Herman), Ben Simon-Wilson (e/c Victor), Hicaro Nicolai (Lulu), Xavion Campbell Brown (Bobby), Lucy Young (s/w Rosie), Olivia-Rose Deer (Helga), Tom Scanlon (Hans), Anya Ferdinand (Texas)","<p>Only Joy Woods could get me to see this production again. Clear audio recorded from a table; occasional chatter around me.</p><p><br> </p><p>Do not post on any platform (TikTok, Tumblr, YouTube, Reddit, etc.). Please list as bobbyskazoo’s master. Feel free to trade as normal; never to be gifted or sold.</p>",,,,NFS,"Never Gift",Unrestricted,Bootleg,"M4A (untracked) - 451.4 MB","M4A - 451 MB (untracked)",,"Full Show","Kit Kat Club at the Playhouse","London, United Kingdom",2026-07-13,https://encora.it/recordings/2035559/
Audio,Cabaret,"Fifth West End Revival",2025-11-10,Evening,walkinginthesun,"Reeve Carney (Emcee), Eva Noblezada (Sally Bowles), Tom Scanlon (u/s Clifford Bradshaw), Ruthie Henshall (Fräulein Schneider), Robert Hands (Herr Schultz), Lucas Koch (Ernst Ludwig), Jessica Kirton (Fräulein Kost/Fritzie), Eva-Rose Tanaka (Frenchie), Adrian Grove (Max), Joe Atkinson (Victor), Hicaro Nicolai (Lulu), Xavion Campbell Brown (Bobby), Alexandra Regan (Rosie), Olivia-Rose Deer (Helga), Danny Fogarty (s/w Hans), Lucy Young (s/w Texas)",,,,,,"Gift at your Discretion",Unrestricted,Bootleg,"M4A (Untracked)","M4A - 68.9 MB (untracked)",,"Full Show","Kit Kat Club at the Playhouse","London, United Kingdom",2026-08-13,https://encora.it/recordings/2036957/
Video,Cabaret,"Third Broadway Revival",2014-11-29,Evening,Lanelle,"Alan Cumming (Emcee), Emma Stone (Sally Bowles), Bill Heck (Clifford Bradshaw), Linda Emond (Fräulein Schneider), Danny Burstein (Herr Schultz), Aaron Krohn (Ernst Ludwig), Gayle Rankin (Fräulein Kost), Katrina Yaukey (u/s Lulu/u/s Ensemble)",,"Missing the first few seconds of Wilkommen, but otherwise complete. Very steady, focused, and mostly unobstructed. Includes curtain call and Alans BCEFA speech.

Act: 1 of the DVD starts at Willkommen Reprise and Act: 2 starts at the Scene prior to If You Could See Her. However the actual VOBS of the DVD is complete.",,,,"Gift at your Discretion",Unrestricted,Bootleg,,"VOB + smalls - 6.46 GB",,"Full Show","Studio 54","New York, NY",2026-07-12,https://encora.it/recordings/5740/
Audio,Cabaret,"Signature Theatre",2015-06-20,Matinee,oydtrades,"Wesley Taylor (Emcee), Barrett Wilbert Weed (Sally Bowles), Gregory Wooddell (Clifford Bradshaw), Naomi Jacobson (Fräulein Schneider), Rick Foucheux (Herr Schultz), Bobby Smith (Ernst Ludwig), Maria Rizzo (Fräulein Kost), Joseph Tudor (Fritzie), Rachel Schur (Frenchie), Mark Chandler (Victor), Shayna Blass (Lulu), Kurt Boehm (Bobby), Colleen Hayes (Rosie), Jordan DeBona (Hans), Jamie Eacker (Texas), Jessica Thorne (Mausie)",,,,,NFS,"Gift at your Discretion",Unrestricted,Bootleg,"MP3 (tracked)","MP3 - 109 MB (untracked)",,"Full Show","Signature Theatre - The MAX","Arlington, VA",2026-07-24,https://encora.it/recordings/1752/
Video,"Catch Me If You Can","Marriott Theatre",2025-09-××,Unknown,allisforgiven,"JJ Niemann (Frank Abagnale Jr.), Nathaniel Stampley (Agent Carl Hanratty), Sean Fortunato (Frank Abagnale Sr.), Jessie Fisher (Paula Abagnale), Mariah Lyttle (Brenda Strong), Alexis J. Roston (Carol Strong/Principal Owings/Ensemble), James Earl Jones II (Roger Strong/Ensemble), Karl Hamilton (Agent Branton/Judge/Ensemble), Alex Goodrich (Agent Cod/Ensemble), Justin Albinder (Agent Dollar/Tailor/Ensemble), Lucas Thompson (Jack Barnes/Ensemble), Alexandra Palkovic (Cheryl Ann/Ensemble), Sophie Liu David (Betty/Ensemble), Emma Grace Bailey (Ensemble), Brian Bandura (Ensemble), Katie Scarlett Brunson (Ensemble), Nichole Forde (Ensemble), Ron King (Ensemble), Emma Ogea (Ensemble), Tommy Rivera-Vega (Ensemble)","Pretty good video of this regional production filmed from extremely close up. As the show is performed in the round, some scenes are filmed from behind. There is some obstruction from cast members and set pieces throughout. And a few scenes take place out of frame (most notably, a scene between Frank and Brenda early in act two). 95% of the show is visible.",,2026-06-22,,,"Never Gift",Unrestricted,Bootleg,"4K MP4 9.35 GB","MP4 - 9.36 GB",,"Full Show","Marriott Theatre","Lincolnshire, IL",2026-07-18,https://encora.it/recordings/2024697/
Video,Cats,"Off-Broadway (The Jellicle Ball)",2024-08-××,Unknown,StarCuffedJeans,"Chasity ""Tempress"" Moore (Grizabella), André De Shields (Old Deuteronomy), Junior LaBeija (Gus), Garnet Williams (Bombalurina), Dudney Joseph Jr. (Munkustrap), Sydney James Harcourt (Rum Tum Tugger), Bebe Nicole Simpson (Demeter), Emma Sofia (Cassandra/Skimbleshanks), Nora Schell (Bustopher Jones), Jonathan Burke (Mungojerrie), Dava Huesca (Rumpleteazer), Shereen Pimentel (Jellylorum), Xavier Reyes (Jennyanydots), Robert ""Silk"" Mason (Mr. Mistoffelees), Antwayn Hopper (Macavity), Primo Thee Ballerino (Tumblebrutus), Teddy Wilson Jr. (Sillabub), Kendall Grayson Stroud (Electra), Capital Kaos (Griddlebone), Baby Byrne (Victoria), Frank Viveros (Booth/Police Officer/Server), Tara Lashan Clinkscales (Booth/Police Officer/Server)",,,2025-03-01,,,"Never Gift",Unrestricted,Bootleg,"MP4 (1080p) - 5.82 GB","MP4 - 5.82 GB",,"Full Show","Perelman Performing Arts Center","New York, NY",2026-08-04,https://encora.it/recordings/2004816/
Video,Cats,"First Broadway Revival",2016-07-22,Evening,SunsetBlvd79,"Leona Lewis (Grizabella), Quentin Earl Darrington (Old Deuteronomy), Christopher Gurr (Gus/Bustopher Jones/Peter), Christine Cornish (Bombalurina), Andy Huntington Jones (Munkustrap), Tyler Hanes (Rum Tum Tugger), Kim Faure (Demeter), Emily Pynenburg (Cassandra), Jeremy Davis (Skimbleshanks), Jess LeProtto (Mungojerrie), Shonica Gooden (Rumpleteazer), Sara Jean Ford (Jellylorum), Eloise Kropp (Jennyanydots), Ricky Ubeda (Mr. Mistoffelees), Daniel Gaymon (Macavity/Plato), Ahmad Simmons (Alonzo), Giuseppe Bausilio (Carbucketty), Arianna Rosario (Sillabub), Sharrod Williams (Pouncival), Lili Froehlich (Electra), Corey John Snide (Coricopat), Emily Tate (Tantomile), Georgina Pazcoguin (Victoria)","Excellent HD capture of the new Broadway revival. Everything is nicely captured with dance numbers fully stage-shot. High energy performances with some choreography and song tweaks from the original! A",,,,,"Gift at your Discretion",Unrestricted,Bootleg,"VOB & smalls - 7.40 GB","VOB + smalls - 7.39 GB",,"Full Show","Neil Simon Theatre","New York, NY",2026-08-03,https://encora.it/recordings/8458/
Video,Cats,"Commercial Release",1997-08-××,Unknown,,"Elaine Paige (Grizabella), Ken Page (Old Deuteronomy), John Mills (Gus), Rosemarie Ford (Bombalurina), Michael Gruber (Munkustrap), John Partridge (Rum Tum Tugger), Linda-Mae Brewer (Demeter), Rebecca Parker (Cassandra), Geoffrey Garrat (Skimbleshanks), James Barron (Bustopher Jones), Drew Varley (Mungojerrie), Jo Gibb (Rumpleteazer), Susan Jane Tanner (Jellylorum), Susie McKenna (Jennyanydots), Beth Robson (s/w Jennyanydots/s/w Baby Griz), Jacob Brent (Mr. Mistoffelees), Bryn Walters (Macavity/Plato), Richard Armitage (s/w Macavity), Jason Gardiner (Alonzo), Fergus Logan (Tumblebrutus), Veerle Casteleyn (Jemima), Karl Morgan (Pouncival), Leah-Sue Morland (Electra), Tony Timberlake (Asparagus), Tommi Sliiden (Coricopat), Kaye Brown (Tantomile), Frank Thompson (Rumpus Cat/George), Phyllida Crowley-Smith (Victoria), Jo Bingham (u/s Victoria/Etcetera), Femi Taylor (Exotica)",,"Filmed on stage at the Adelphi Theatre (London, England) and distributed commercially.",,,,"Gift at your Discretion",Unrestricted,Pro-Shot,,"MP4 - 2.2 GB",,"Full Show","Adelphi Theatre","London, United Kingdom",2026-08-05,https://encora.it/recordings/28686/
Video,Cats,"First Broadway Revival",2016-10-30,Evening,SunsetBlvd79,"Mamie Parris (Grizabella), Quentin Earl Darrington (Old Deuteronomy), Christopher Gurr (Gus/Bustopher Jones/Growltiger), Christine Cornish (Bombalurina), Andy Huntington Jones (Munkustrap), Tyler Hanes (Rum Tum Tugger), Emily Pynenburg (Cassandra), Jeremy Davis (Skimbleshanks), Jess LeProtto (Mungojerrie), Shonica Gooden (Rumpleteazer), Sara Jean Ford (Jellylorum), Francesca Granell (u/s Jennyanydots), Corey John Snide (u/s Mr. Mistoffelees/Coricopat), Daniel Gaymon (Macavity/Admetus), Ahmad Simmons (Alonzo), Tanner Ray Wilson (Carbucketty), Arianna Rosario (Sillabub), Sharrod Williams (Pouncival), Lili Froehlich (Electra), Emily Tate (Tantomile), Georgina Pazcoguin (Victoria)",,"Great HD capture of the final Broadway Revival cast. Mamie has such a strong voice and is a wonderful Grizabella. A",,,,"Gift at your Discretion",Unrestricted,Bootleg,,"VOB + smalls - 7.36 GB",,"Full Show","Neil Simon Theatre","New York, NY",2026-08-03,https://encora.it/recordings/26863/
Audio,Cats,"Australia (40th Anniversary)",2026-01-27,Unknown,Unknown,"Gabriyel Thomas (Grizabella), Jarrod Draper (u/s Old Deuteronomy), Mia Dabkowski-Chandler (Bombalurina), Joe Miller (u/s Munkustrap), Des Flanagan (Rum Tum Tugger), Amy Berrisford (e/c Demeter), Thalia Smith (u/s Cassandra), Tom Davis (Skimbleshanks), Todd McKenney (Bustopher Jones/Asparagus), Jake O'Brien (Mungojerrie), Savannah Lind (Rumpleteazer), Lucy Maunder (Jellylorum), Leigh Archer (Jennyanydots), Edward Smith (Macavity/Admetus), Rania Potaka-Osborne (Alonzo), Charlie Follows (Bill Bailey), Guy Pik (Carbucketty), Ella Fitzpatrick (Jemima), Timothy Haskayne (Quaxo), Joshua Gordon (Coricopat), Sarah Bourke (Tantomile), Claudia Hastings (Victoria)","Band: Paul White (Conductor), Andrew Patterson (Keyboard 1), Martine Wengrow (Keyboard 2), Simon Holt (Keyboard 3), Tim Hartwig (Guitars), Dylan Paul (Bass Guitar/Electric Bass), Dave Beck (Drums/Percussion), Olivia Smith (Flute/Tenor Sax/Clarinet), Stuart Byrne (Clarinet/Pop Sax/Baritone Sax)",,,,,"Gift at your Discretion",Unrestricted,Bootleg,"M4A (tracked) - 263 MB","M4A - 121 MB (tracked)",,"Full Show","Hamer Hall","Melbourne, Australia",2026-07-13,https://encora.it/recordings/2034645/
Video,"Charlie and the Chocolate Factory",Broadway,2017-05-01,Evening,NYCG8R,"Christian Borle (Willy Wonka), Jake Ryan Flynn (Charlie Bucket), John Rubinstein (Grandpa Joe), Emily Padgett (Mrs. Bucket), Michael Wartella (Mike Teavee), Jackie Hoffman (Mrs. Teavee), Emma Sofia (Veruca Salt), Ben Crawford (Mr. Salt), Trista Dollison (Violet Beauregarde), Alan H. Green (Mr. Beauregarde), F. Michael Haynie (Augustus Gloop), Kathy Fitzgerald (Mrs. Gloop)",,"Fantastic HD video with excellent picture and clear great sound; Video has great close-ups and good stage shots for dancing numbers.",,,,"Gift at your Discretion",Unrestricted,Bootleg,,"VOB + smalls - 4.21 GB",,"Full Show","Lunt-Fontanne Theatre","New York, NY",2026-08-20,https://encora.it/recordings/5615/
Video,"Charlie and the Chocolate Factory",Broadway,2017-04-20,Evening,SunsetBlvd79,"Christian Borle (Willy Wonka), Ryan Foust (Charlie Bucket), John Rubinstein (Grandpa Joe), Emily Padgett (Mrs. Bucket), Michael Wartella (Mike Teavee), Jackie Hoffman (Mrs. Teavee), Emma Sofia (Veruca Salt), Ben Crawford (Mr. Salt), Trista Dollison (Violet Beauregarde), Alan H. Green (Mr. Beauregarde), F. Michael Haynie (Augustus Gloop), Kathy Fitzgerald (Mrs. Gloop)",,"Great HD capture of the new musical based on classic Roald Dahl novel. A fresh dark take on the material, which was fun and very enjoyable! A great comedic cast and innovative production. A",,,,"Gift at your Discretion",Unrestricted,Bootleg,,"VOB + smalls - 7.88 GB",,"Full Show","Lunt-Fontanne Theatre","New York, NY",2026-08-03,https://encora.it/recordings/1975/
Video,Chess,"Royal Albert Hall Concert",2008-05-12,Evening,,"Idina Menzel (Florence Vassy), Adam Pascal (Freddie Trumper), Josh Groban (Anatoly Sergievsky), Kerry Ellis (Svetlana Sergievsky), Marti Pellow (The Arbiter), David Bedella (Molokov), Clarke Peters (Walter de Courcey), Christian Lund (Leonid Viigand), Grant Anthony (Ensemble), David Michael Johnson (Ensemble), Andrew Playfoot (Ensemble), Tiffany Graves (Ensemble), Tabitha Webb (Ensemble), Aoife Mulholland (Ensemble), Jon Robyns (Ensemble), Debbie Kurup (Ensemble), Christopher Colley (Ensemble), Leila Benn Harris (Ensemble), Keith Anthony Higham (Ensemble), Thomas Bay Pedersen (Ensemble), Lee Ormsby (Ensemble), Steven Serlin (Ensemble), Henry Webster (Ensemble), Richard Bryan (Ensemble), Steven Brooks (Ensemble), Mark Fleming (Ensemble), Michael Steffan (Ensemble), Zoe Rice (Ensemble), Amelia Hemingsley (Ensemble), Ben Dixon (Ensemble), Mark Evans (Ensemble), Barnaby Ingram (Ensemble), Caroline Jones (Ensemble), Anabel Kutay (Ensemble), Bonnie Parker (Ensemble), Richard Peakman (Ensemble), Lucie Waugh (Ensemble), Nicole Bondzie (Ensemble), Luella Briggs (Ensemble), Vanessa Campbell (Ensemble), Chelsea De Carvalho (Ensemble), Jo Goodenough (Ensemble), Melanie Hyde (Ensemble), Jasmine Kerr (Ensemble), Sarah Kirkham (Ensemble), Fiona McDonald (Ensemble), Lindsay Shaw (Ensemble), Byrony Thompson (Ensemble), Tara Young (Ensemble)",,"Pro-shot concert. Many versions are available but the highest quality one is 1080p from iTunes. Check with the traders.",,,,"Gift at your Discretion",Unrestricted,Pro-Shot,,"M4V - 2.19 GB",,"Full Show","Royal Albert Hall","London, United Kingdom",2026-07-12,https://encora.it/recordings/22061/
Video,Chess,"West End",1986,Unknown,,"Elaine Paige (Florence Vassy), Murray Head (Freddie Trumper), Tommy Körberg (Anatoly Sergievsky), Siobhán McCarthy (Svetlana Sergievsky), Tom Jobe (The Arbiter), John Turner (Molokov), Kevin Colson (Walter de Courcey)",,"Pro-shot video of the OLC of Chess. There's no zooming and everything's pretty fuzzy, but the audio is soundboard and in relatively good shape.

Please note that this video exists in several formats. The oldest are in .VOB format, and while they have slightly clearer audio than the .MPG version, they suffer from image distortion and tracking issues. Therefore, the second file format has been used in trades since 2007.

Compare the screenshots.",,,,"Gift at your Discretion",Unrestricted,"House Cam",,"MPG - 1.03 GB",,"Full Show","Prince Edward Theatre","London, United Kingdom",2026-08-18,https://encora.it/recordings/18831/
Video,Chess,"First Broadway Revival",2025-10-××,Evening,"The Riddle","Lea Michele (Florence Vassy), Aaron Tveit (Freddie Trumper), Nicholas Christopher (Anatoly Sergievsky), Hannah Cruz (Svetlana Sergievsky), Bryce Pinkham (The Arbiter), Bradley Dean (Molokov), Sean Allan Krill (Walter de Courcey), Kyla Bartholomeusz (Ensemble), Daniel Beeman (Ensemble), Shavey Brown (Ensemble), Casey Garvin (Ensemble), Adam Halpin (Ensemble), Aliah James (Ensemble), Sydney Jones (Ensemble), Sean MacLaughlin (Ensemble), Sarah Meahl (Ensemble), Ramone Nelson (Ensemble), Michael Olaribigbe (Ensemble), Katerina Papacostas (Ensemble), Aleksandr Ivan Pevec (Ensemble), Samantha Pollino (Ensemble), Regine Sophia (Ensemble), Katie Webber (Ensemble)","Great 4k capture of the electric first preview of this revival! Little to no obstruction throughout, although unfortunately a lighting rig blocks the right of the upper level. Some washout in wider shots and wandering throughout, with minor instances of the camera focusing on the wrong thing due to usher activity. Many blackouts during the first ten minutes or so, also due to usher activity. Includes bows and audio of most of the overture.",,2026-04-01,,,"Gift at your Discretion",Unrestricted,Bootleg,"MP4 (12.40 GB, 4K)","MP4 - 12.4 GB",,"Full Show","Imperial Theatre","New York, NY",2026-07-12,https://encora.it/recordings/2023065/
Video,Chess,"First Broadway Revival",2025-11-××,Unknown,MTTZ,"Lea Michele (Florence Vassy), Aaron Tveit (Freddie Trumper), Nicholas Christopher (Anatoly Sergievsky), Hannah Cruz (Svetlana Sergievsky), Bryce Pinkham (The Arbiter), Bradley Dean (Molokov), Sean Allan Krill (Walter de Courcey), Kyla Bartholomeusz (Ensemble), Daniel Beeman (Ensemble), Shavey Brown (Ensemble), Casey Garvin (Ensemble), Adam Halpin (Ensemble), Aliah James (Ensemble), Sydney Jones (Ensemble), Sean MacLaughlin (Ensemble), Sarah Meahl (Ensemble), Ramone Nelson (Ensemble), Michael Olaribigbe (Ensemble), Katerina Papacostas (Ensemble), Aleksandr Ivan Pevec (Ensemble), Samantha Pollino (Ensemble), Regine Sophia (Ensemble), Katie Webber (Ensemble)","Great capture of this wonderful revival! Shot in a great mix of wides, mediums, and close-ups. Increased wandering, shaking, and re-adjusting throughout. Unfortunately audio only for about 9 minutes after One Night in Bangkok. Audio is patched in from an external source; some rustling and scraping can be heard during readjustment periods. Overall a great capture.",,2026-06-05,,,"Gift at your Discretion",Unrestricted,Bootleg,"MP4 (4K) - 10.11 GB","MP4 - 10.1 GB",,"Full Show","Imperial Theatre","New York, NY",2026-07-24,https://encora.it/recordings/2025585/
Video,Chicago,"First Broadway Revival",2023-04-××,Unknown,StarCuffedJeans,"Olivia Holt (Roxie Hart), Kimberly Marable (Velma Kelly), Erich Bergen (Billy Flynn), Liam Fennecken (Amos Hart), Charity Angél Dawson (Matron ""Mama"" Morton), Ryan Lowe (Mary Sunshine), Mary Claire King (Liz), Christine Cornish (Hunyak), Rachel Schur (Annie), Brian O'Brien (Fred Casely), Celina Nightengale (June), Arian Keddell (Mona), Jessica Ernest (Go-To-Hell-Kitty), Barrett Martin (Sergeant Fogarty), Jeff Gorti (The Judge/Doctor), Denny Paschall (Aaron), Michael Scirrotto (Harry/The Jury), Jermaine R. Rembert (Martin Harrison), Drew Nellessen (Court Clerk/Bailiff)","Olivia’s debut",,2025-06-01,,,"Never Gift",Unrestricted,Bootleg,"MP4 (HD) - 5.66 GB","MP4 - 5.66 GB",,"Full Show","Ambassador Theatre","New York, NY",2026-08-04,https://encora.it/recordings/2008487/
Video,Chicago,"First Broadway Revival",2021-10-××,Unknown,StarCuffedJeans,"Ana Villafañe (Roxie Hart), Bianca Marroquín (Velma Kelly), Paulo Szot (Billy Flynn), Raymond Bokhour (Amos Hart), Lillias White (Matron ""Mama"" Morton), Ryan Lowe (Mary Sunshine), Mary Claire King (Liz), Christine Cornish (Hunyak), Angel Reda (Annie), Brian O'Brien (Fred Casely), Celina Nightengale (June), Arian Keddell (Mona), Jessica Ernest (Go-To-Hell-Kitty), Barrett Martin (Sergeant Fogarty), Jeff Gorti (The Judge/Doctor), Denny Paschall (Aaron), Michael Scirrotto (Harry/The Jury), Jermaine R. Rembert (Martin Harrison), Drew Nellessen (Court Clerk/Bailiff)",,,2022-05-01,,,"Gift at your Discretion",Unrestricted,Bootleg,"MP4 (HD) - 5.71 GB","MP4 - 5.70 GB",,"Full Show","Ambassador Theatre","New York, NY",2026-07-12,https://encora.it/recordings/1117981/
Video,Chicago,"First Broadway Revival",2023-02-19,Matinee,shesmydoctor,"Charlotte d'Amboise (Roxie Hart), Lana Gordon (Velma Kelly), Brian O'Brien (u/s Billy Flynn), Evan Harrington (Amos Hart), Jinkx Monsoon (Matron ""Mama"" Morton), Ryan Lowe (Mary Sunshine), Mary Claire King (Liz), Christine Cornish (Hunyak), Rachel Schur (Annie), Jeff Gorti (u/s Fred Casely), Celina Nightengale (June), Arian Keddel (Mona), Jessica Ernest (Go-To-Hell-Kitty), Marty Lawson (u/s Sergeant Fogarty), David Bushman (u/s The Judge/u/s Doctor), Denny Paschall (Aaron), Michael Scirrotto (Harry/The Jury), Jermaine R. Rembert (Martin Harrison), Drew Nellesen (Court Clerk/Bailiff)",,"Nice capture of Jinkx Monsoon in her fantastic Broadway debut, with a mix of ensemble shots and closer shots. There is some obstruction on the left side but it rarely blocks any action. The show is still in great shape!",2023-08-08,,,"Gift at your Discretion",Unrestricted,Bootleg,"MP4 (HD) - 7.28 GB","MP4 - 7.28 GB",,"Full Show","Ambassador Theatre","New York, NY",2026-08-19,https://encora.it/recordings/1139268/
Video,Clue,"First US National Tour",2024-08-××,Evening,MTTZ,"Tari Kelly (Mrs. White), Joanna Glushak (Mrs. Peacock), Michelle Elaine (Miss Scarlet), Elisabeth Yancy (Yvette), Jonathan Spivey (Professor Plum), Mark Price (Wadsworth), John Shartzer (Mr. Green), John Treacy Egan (Colonel Mustard), Mariah Burks (Cook), Alex Syiek (Mr. Boddy), Teddy Trice (Cop)","Excellent capture of this utterly hysterical play. Shot in a great mix of wides, mediums, and close-ups, with wides being more prevalent here due to the ensemble nature of the play. Some small heads at the very bottom of the stage that don’t block any action. Some wandering, shaking, and re-adjusting throughout. My cough can be heard throughout the video but isn’t too distracting and you can still hear everything. Overall an excellent capture of this show. ",,2025-01-05,,,"Gift at your Discretion",Unrestricted,Bootleg,,"MP4 - 5.27 GB",,"Full Show","Ahmanson Theatre","Los Angeles, CA",2026-07-12,https://encora.it/recordings/2003607/
Video,"Clueless (KT Tunstall)","West End",2025-08-××,Unknown,MTTZ,"Emma Flynn Bespolka (Cher Horowitz), Chyna-Rose Frederick (Dionne Davenport), Keelan McAuley (Josh Lucas), Jacob Fisher (Mel Horowitz/Mr. Hall/Driving Instructor/Mugger), Rabi Kondé (Murray Duvall), Romona Lewis-Malley (Tai Frasier), Blake Jordan (Travis Birkenstock), Isaac J Lewis (Christian Stovitz), Max Mirza (Elton Tiscia), Lucy Rice (Miss Geist/Miss Stoeger/Lucy/Heather), Sophie Elmes (Ensemble), Lucas Lluna (Ensemble), Emily Florence (Ensemble), Aoife Kenny (Ensemble), Dylan Gordon-Jones (Ensemble), James Lim (Ensemble), Ernest Stroud (Ensemble), Grace Eleanor Thomas (Ensemble)","Excellent capture of this fun new musical! Shot in a great mix of wides, mediums, and close-ups. Some increased wandering, shaking, and re-adjusting throughout. Audio is patched in from an external source. Overall a great capture.",,2026-03-05,,,"Never Gift",Unrestricted,Bootleg,"MP4 (4K) - 8.42 GB","MP4 - 8.41 GB",,"Full Show","Trafalgar Theatre","London, United Kingdom",2026-07-12,https://encora.it/recordings/2021160/
Video,"Come From Away","Second US National Tour (Non-Equity)",2024-11-××,Unknown,MTTZ,"Addison Garner (Beverley/Annette), Richard Chaz Gomez (Kevin T./Garth), Andrew Hendrick (Claude/Others), Erich Schroeder (Oz/Others), Jordan Hayakawa (Janice/Others), Ryaan Farhadi (Kevin J./Ali), John Anker Bow (Nick/Doug), Tyler Olshansky-Bailon (Diane/Others), Hannah-Kathryn Wall (Hannah/Others), Kristin Litzenberg (Beulah/Others), Kathleen Cameron (Bonnie/Others), Andre Williams (Bob/Others)","Great capture of this lovely tour! Shot in a great mix of wides, mediums, and close-ups, more wide than usual due to the staging. Increased wandering, shaking, and re-adjusting throughout. Audio is patched in from an external source, some rustling/scraping can be heard. Overall a solid capture of this incredible show, if a bit messy at times.",,2025-05-05,,,"Gift at your Discretion",Unrestricted,Bootleg,,"MP4 - 7.13 GB",,"Full Show",,,2026-08-04,https://encora.it/recordings/2006649/
Video,"Come From Away",Broadway,2021-05-××,Unknown,,"Jenn Colella (Beverley/Annette), Tony LePage (t/r Kevin T./t/r Garth), Joel Hatch (Claude/Others), Paul Whitty (Oz/Others), Emily Walton (Janice/Others), Caesar Samayoa (Kevin J./Ali), Jim Walton (Nick/Doug), Sharon Wheatley (Diane/Others), Q Smith (Hannah/Others), Astrid Van Wieren (Beulah/Others), Petrina Bromley (Bonnie/Others), De'Lon Grant (Bob/Others)",,"Pro-Shot released on Apple TV+ on September 10, 2021, featuring the February 2020 cast, which includes most of OBC. Tony LePage stepped in for Kevin T./Garth due to cast member Chad Kimball not being invited back due to his Covid remarks.",,,,"Gift at your Discretion",Unrestricted,Pro-Shot,"MKV 1920x960 (7.89GB) + Subtitles in 43 different languages","MP4 - 7.89 GB",,"Full Show","Gerald Schoenfeld Theatre","New York, NY",2026-07-12,https://encora.it/recordings/1113553/
Video,"Concerts (54 Below)","Life Has a Funny Way...A Jagged Little Pill Cast Reunion",2022-01-20,Unknown,,"Elizabeth Stanley (Performer), Derek Klena (Performer), Lauren Patten (Performer), Annelise Baker (Performer), Damien Bassman (Performer), Yeman Brown (Performer), Jane Bruce (Performer), Runako Campbell (Performer), John Cardoza (Performer), Janine DiVita (Performer), Morgan Dudley (Performer), Zach Hess (Performer), Emily Marshall (Performer), Kelsey Orem (Performer), Veronica Otim (Performer), Wren Rivera (Performer), Adi Roy (Performer), Grace Slear (Performer), DeAnne Stewart (Performer), Kei Tsuruharatani (Performer), Ada Westfall (Performer), Ken Wulf Clark (Performer)",,"After an unexpected premature closure due to the Covid-19 pandemic, the company of Broadways Jagged Little Pill reunites to share stories and songs in celebration of their time spent together!",,,,"Gift at your Discretion",Unrestricted,Pro-Shot,,"MP4 - 1.23 GB",,"Full Show",,,2026-07-24,https://encora.it/recordings/1120667/
Video,"Concerts (Miscellaneous)","Take Me To The World",2020-04-26,Evening,,"Annaleigh Ashford (Performer), Alexander Gemignani (Performer), Ann Harada (Performer), Austin Ku (Performer), Kelvin Moon Loh (Performer), Thom Sesma (Performer), Raúl Esparza (Performer), Donna Murphy (Performer), Christine Branski (Performer), Meryl Streep (Performer), Audra McDonald (Performer), Linda Lavin (Performer), Jake Gyllenhaal (Performer), Patti LuPone (Performer), Bernadette Peters (Performer), Iain Armitage (Performer), Jason Alexander (Performer), Joanna Gleason (Performer), John Weidman (Performer), Lonny Price (Performer), Nathan Lane (Performer), Victor Garber (Performer), Randy Rainbow (Performer), Sutton Foster (Performer), Neil Patrick Harris (Performer), Kelli O'Hara (Performer), Judy Kuhn (Performer), Katrina Lenk (Performer), Aaron Tveit (Performer), Beanie Feldstein (Performer), Ben Platt (Performer), Brandon Uranowitz (Performer), Melissa Errico (Performer), Stephen Schwartz (Performer), Elizabeth Stanley (Performer), Mandy Patinkin (Performer), Maria Friedman (Performer), Lin-Manuel Miranda (Performer), Lea Salonga (Performer), Laura Benanti (Performer), Chip Zien (Performer), Josh Groban (Performer), Brian Stokes Mitchell (Performer), Michael Cerveris (Performer)",,"Ripped from the YouTube Livestream.",,,,"Gift at your Discretion",Unrestricted,Pro-Shot,,"MP4 - 4.32 GB",,"Full Show",,,2026-08-13,https://encora.it/recordings/1112117/
Video,"Concerts (Miscellaneous)","The Song Inside of Me: A Heathers Miscast Cabaret",2026-03-01,Evening,,"McKenzie Kurtz (Performer), Sara Al-Bazali (Performer), Casey Likes (g/p Performer), Cecilia Trippiedi (Performer), Jackera Davis (Performer), Erin L. Morton (Performer), Emma Benson (Performer), Louis Griffin (Performer), Thalia Atallah (Performer), Elizabeth Teeter (Performer), Brian Martin (Performer), Olivia Elease Hardy (Performer), Adam Bashian (Performer), Jimmy Ray Bennett (Performer), Syd Sider (Performer), Cade Ostermeyer (Performer), Devin Lewis (Performer), Xavier McKinnon (Performer), Kiara Lee (Performer)","A miscast cabaret featuring the Off-Broadway Revival cast of Heathers: The Musical. Live streamed by Green Room 42 on Vimeo.",,,,,"Gift at your Discretion",Unrestricted,"House Cam","MP4 (3.67 GB)","MP4 - 6.6 GB",,"Full Show","Green Room 42","New York, NY",2026-08-21,https://encora.it/recordings/2029627/
Video,"Concerts (Miscellaneous)","Tom Kitt in Concert",2025-12-01,Evening,Unknown,"Tom Kitt (Performer), Elizabeth Gillies (g/p Performer), Lauren Patten (g/p Performer), Amanda Reid (g/p Performer), Elizabeth Stanley (g/p Performer), Talia Suskauer (g/p Performer), Jack Wolfe (g/p Performer)","Audio of the full show and video highlights of That I Would Be Good, You Don't Know/I Am the One, Superboy and the Invisible Girl, and I'm Alive.",,,,,"Gift at your Discretion",Unrestricted,Bootleg,"MOV + M4A (untracked)","MOV - 1.43 GB",,Highlights,"Birdland Jazz Club","New York, NY",2026-07-14,https://encora.it/recordings/2025357/
Video,"Dear Evan Hansen",Broadway,"2022-03-×× (5)",Unknown,StarCuffedJeans,"Ben Levi Ross (Evan Hansen), Jessica Phillips (Heidi Hansen), Gabi Carrubba (Zoe Murphy), Christiane Noll (Cynthia Murphy), Ivan Hernandez (Larry Murphy), David Jeffery (Connor Murphy), Jared Goldsmith (Jared Kleinman), Phoebe Koyabe (Alana Beck)",,,2024-06-01,,,"Gift at your Discretion",Unrestricted,Bootleg,,"MP4 - 6.65 GB",,"Full Show","Music Box Theatre","New York, NY",2026-08-20,https://encora.it/recordings/1153121/
Video,"Dear Evan Hansen",Broadway,"2022-03-×× (2)",Unknown,StarCuffedJeans,"Nathan Levy (u/s Evan Hansen), Jessica Phillips (Heidi Hansen), Talia Simone Robinson (u/s Zoe Murphy), Christiane Noll (Cynthia Murphy), Ivan Hernandez (Larry Murphy), David Jeffery (Connor Murphy), Jared Goldsmith (Jared Kleinman), Phoebe Koyabe (Alana Beck)",,,2026-06-01,,,"Gift at your Discretion",Unrestricted,Bootleg,,"MP4 - 6.83 GB",,"Full Show","Music Box Theatre","New York, NY",2026-07-28,https://encora.it/recordings/2025613/
Audio,"Dear Evan Hansen","First UK Tour",2025-03-26,Evening,LikeABoulevard,"Ryan Kopel (Evan Hansen), Alice Fearn (Heidi Hansen), Lauren Conroy (Zoe Murphy), Helen Anker (Cynthia Murphy), Richard Hurst (Larry Murphy), Killian Thomas Lefevre (Connor Murphy), Tom Dickerson (Jared Kleinman), Vivian Panka (Alana Beck), Sonny Monaghan (Ensemble), Will Forgrave (Ensemble), Jessica Lim (Ensemble), Daniel Forrester (Ensemble), Elise Zavou (Ensemble), Lara Beth-Sas (Ensemble)","I genuinely think this is one of my best quality audios

Also Alice fern is a queen ",,,,NFS,"Never Gift",Unrestricted,Bootleg,,"M4A - 69.5 MB (untracked)",,"Full Show",,"Wimbledon, United Kingdom",2026-08-20,https://encora.it/recordings/2011790/
Video,"Dear Evan Hansen",Broadway,"2022-09-×× (4)",Unknown,StarCuffedJeans,"Sam Primack (Evan Hansen), Jessica Phillips (Heidi Hansen), Talia Simone Robinson (Zoe Murphy), Ann Sanders (Cynthia Murphy), Manoel Felciano (Larry Murphy), Noah Kieserman (Connor Murphy), Gaten Matarazzo (Jared Kleinman), Ciara Alyse Harris (Alana Beck)",,,2023-08-01,,,"Gift at your Discretion",Unrestricted,Bootleg,"MP4 (HD) - 6.89 GB","MP4- 6.8 GB",,"Full Show","Music Box Theatre","New York, NY",2026-08-21,https://encora.it/recordings/1137871/
Video,"Dear Evan Hansen","First US National Tour",2022-10-08,Matinee,bikinibottomday,"Jeffrey Cornelius (alt Evan Hansen), Isabel Santiago (u/s Heidi Hansen), Alaina Anderson (Zoe Murphy), Lili Thomas (Cynthia Murphy), Daniel Robert Sullivan (u/s Larry Murphy), Nikhil Saboo (Connor Murphy), Pablo David Laucerica (Jared Kleinman), Micaela Lamas (Alana Beck)",,"Excellent 4K capture of Isabel's debut as Heidi! Video is largely filmed in closeups to avoid spotlight washout. There are occasional moments of wandering and unfocusing. Due to a camera glitch, a few seconds of the very end of Requiem are missing. Includes curtain call, audio is fed from external source.",2023-04-17,,,"Never Gift",Unrestricted,Bootleg,"MP4 (4K) - 10.38 GB","MP4 - 10.3 GB",,"Full Show","Fisher Theatre","Detroit, MI",2026-07-28,https://encora.it/recordings/1135525/
Audio,"Dear Evan Hansen",Broadway,2018-01-26,Evening,evanhcnsen,"Noah Galvin (Evan Hansen), Rachel Bay Jones (Heidi Hansen), Laura Dreyfuss (Zoe Murphy), Jennifer Laura Thompson (Cynthia Murphy), Michael Park (Larry Murphy), Mike Faist (Connor Murphy), Will Roland (Jared Kleinman), Kristolyn Lloyd (Alana Beck)",,,,,,"Gift at your Discretion",Unrestricted,Bootleg,,"M4A - 67.3 MB (untracked)",,"Full Show","Music Box Theatre","New York, NY",2026-08-07,https://encora.it/recordings/1000413/
Video,"Dear Evan Hansen",Broadway,"2021-12-×× (1)",Unknown,StarCuffedJeans,"Jordan Fisher (Evan Hansen), Jessica Phillips (Heidi Hansen), Gabi Carrubba (Zoe Murphy), Christiane Noll (Cynthia Murphy), Ivan Hernandez (Larry Murphy), David Jeffery (Connor Murphy), Jared Goldsmith (Jared Kleinman), Phoebe Koyabe (Alana Beck)",,"Reopening night!",2022-08-01,,,"Gift at your Discretion",Unrestricted,Bootleg,"MP4 (HD) - 6.9 GB","MP4 - 6.89 GB",,"Full Show","Music Box Theatre","New York, NY",2026-07-12,https://encora.it/recordings/1120416/
Video,"Dear Evan Hansen","West End","2022-04-×× (1)",Unknown,Lasagna,"Sam Tutty (Evan Hansen), Rebecca McKinnis (Heidi Hansen), Lucy Anderson (Zoe Murphy), Lauren Ward (Cynthia Murphy), Rupert Young (Larry Murphy), Doug Colling (Connor Murphy), Jack Loxton (Jared Kleinman), Iona Fraser (Alana Beck)",,"Incredible 4K capture of the full West End cast of this show! This shows lights are bright and so I opt for close-ups wherever I can in order to avoid washout. Clearly my camera hiding technique needs some work because several of the cast clearly notice me and play to the camera, including Sam and Rebecca. Strong performances from the whole cast.",2023-12-29,,,"Gift at your Discretion",Unrestricted,Bootleg,"MP4 (4K)","MP4 - 9.77 GB",,"Full Show","Noël Coward Theatre","London, United Kingdom",2026-07-12,https://encora.it/recordings/1125092/
Video,"Dear Evan Hansen","West End","2022-05-×× (1)",Unknown,Lasagna,"Sam Tutty (Evan Hansen), Rebecca McKinnis (Heidi Hansen), Hannah Qureshi (u/s Zoe Murphy), Lauren Ward (Cynthia Murphy), Rupert Young (Larry Murphy), Ellis Kirk (u/s Connor Murphy), Jack Loxton (Jared Kleinman), Iona Fraser (Alana Beck)",,"Incredible capture of Hannah as Zoe! Shot with lots of close ups due to intense lighting, follows the action very well. Almost completely unobstructed aside from a few heads that are visible for the rare wide shots.",2023-12-29,,,"Gift at your Discretion",Unrestricted,Bootleg,"MP4 (4K)","MP4 - 9.7 GB",,"Full Show","Noël Coward Theatre","London, United Kingdom",2026-08-11,https://encora.it/recordings/1125931/
Audio,"Dear Evan Hansen",Broadway,2017-12-17,Evening,DEHtenner,"Noah Galvin (Evan Hansen), Rachel Bay Jones (Heidi Hansen), Laura Dreyfuss (Zoe Murphy), Jennifer Laura Thompson (Cynthia Murphy), Michael Park (Larry Murphy), Mike Faist (Connor Murphy), Will Roland (Jared Kleinman), Kristolyn Lloyd (Alana Beck)",,,,,,"Gift at your Discretion",Unrestricted,Bootleg,,"M4A - 72.2 MB (untracked)",,"Full Show","Music Box Theatre","New York, NY",2026-08-07,https://encora.it/recordings/8095/
Video,"Dear Evan Hansen",Broadway,2016-11-××,Unknown,SunsetBlvd79,"Ben Platt (Evan Hansen), Rachel Bay Jones (Heidi Hansen), Laura Dreyfuss (Zoe Murphy), Jennifer Laura Thompson (Cynthia Murphy), Michael Park (Larry Murphy), Mike Faist (Connor Murphy), Will Roland (Jared Kleinman), Kristolyn Lloyd (Alana Beck)",,"Excellent HD capture of the Broadway transfer. In the long journey to Broadway, the show still lives up to all its hype and greatness. The cast gives amazing performances and leaves it all on the stage. A.
Admin Note: The date of this video is speculated to be November 15 or 16, however it was released as November, 2016.",,,,"Gift at your Discretion",Unrestricted,Bootleg,"VOB (with Smalls)","VOB + smalls - 7.91 GB",,"Full Show","Music Box Theatre","New York, NY",2026-08-11,https://encora.it/recordings/88/
Video,"Dear Evan Hansen",Broadway,2019-06-××,Unknown,StarCuffedJeans,"Roman Banks (u/s Evan Hansen), Lisa Brescia (Heidi Hansen), Gabi Carrubba (u/s Zoe Murphy), Jennifer Laura Thompson (Cynthia Murphy), Asa Somers (s/b Larry Murphy), Alex Boniello (Connor Murphy), Sky Lakota-Lynch (Jared Kleinman), Samantha Williams (Alana Beck)",,"Beautiful HD capture of Roman in the titular role, with Gabrielle and Asa as Zoe and Larry, respectively! Filmed from the left orchestra, this is a very Roman-centric capture, filmed with a mix of wides, mediums, and many closeups.",2020-01-19,,,"Gift at your Discretion",Unrestricted,Bootleg,"MP4 (HD) - 6.56 GB","MP4 - 6.56 GB",,"Full Show","Music Box Theatre","New York, NY",2026-07-14,https://encora.it/recordings/24531/
Video,"Dear Evan Hansen",Broadway,2017-12-08,Evening,Unknown,"Noah Galvin (Evan Hansen), Rachel Bay Jones (Heidi Hansen), Laura Dreyfuss (Zoe Murphy), Jennifer Laura Thompson (Cynthia Murphy), Michael Park (Larry Murphy), Mike Faist (Connor Murphy), Ben Levi Ross (u/s Jared Kleinman), Kristolyn Lloyd (Alana Beck)",,"Highlights of Ben Levi Ross' first performance as Jared. Includes: Waving Through a Window, Sincerely Me, For Forever, If I Could Tell Her, Disappear, You Will Be Found, Words Fail, and a few others. Filmed vertically.",,,,"Gift at your Discretion",Unrestricted,Bootleg,,"MP4 - 188 MB",,Highlights,"Music Box Theatre","New York, NY",2026-08-05,https://encora.it/recordings/339/
Audio,"Dear Evan Hansen",Broadway,2018-02-04,Evening,smarita,"Noah Galvin (Evan Hansen), Rachel Bay Jones (Heidi Hansen), Laura Dreyfuss (Zoe Murphy), Jennifer Laura Thompson (Cynthia Murphy), Michael Park (Larry Murphy), Mike Faist (Connor Murphy), Will Roland (Jared Kleinman), Kristolyn Lloyd (Alana Beck)",,"Noahs last show",,,,"Gift at your Discretion",Unrestricted,Bootleg,,"M4A - 63.4 MB (untracked)",,"Full Show","Music Box Theatre","New York, NY",2026-08-07,https://encora.it/recordings/649/
Video,"Dear Evan Hansen",Broadway,"2019-02-×× (2)",Unknown,NYCG8R,"Andrew Barth Feldman (Evan Hansen), Lisa Brescia (Heidi Hansen), Mallory Bechtel (Zoe Murphy), Jennifer Laura Thompson (Cynthia Murphy), Michael Park (Larry Murphy), Alex Boniello (Connor Murphy), Sky Lakota-Lynch (Jared Kleinman), Phoenix Best (Alana Beck)",,"Due to a sick audience member, the last 2 minutes of Act One are from a performance a few weeks prior with Michael Lee Brown. This is the fixed version. This is also the last known video capture of Michael Park and Jennifer Laura Thompson in the role of Larry and Cynthia Murphy before they depart on August 4. The version with February, 2018 in the menu should not be shared.",2019-08-01,,,"Gift at your Discretion",Unrestricted,Bootleg,,"VOB + smalls - 4.22 GB",,"Full Show","Music Box Theatre","New York, NY",2026-07-24,https://encora.it/recordings/16368/
Audio,"Dear Evan Hansen",Broadway,2017-11-21,Evening,anyirismusical,"Noah Galvin (Evan Hansen), Rachel Bay Jones (Heidi Hansen), Laura Dreyfuss (Zoe Murphy), Jennifer Laura Thompson (Cynthia Murphy), Michael Park (Larry Murphy), Mike Faist (Connor Murphy), Will Roland (Jared Kleinman), Kristolyn Lloyd (Alana Beck)",,"Noahs first performance as Evan",,,,"Gift at your Discretion",Unrestricted,Bootleg,,"M4A - 65.6 MB (untracked)",,"Full Show","Music Box Theatre","New York, NY",2026-08-07,https://encora.it/recordings/836/
Audio,"Dear Evan Hansen",Broadway,2018-01-24,Evening,TJonC,"Noah Galvin (Evan Hansen), Rachel Bay Jones (Heidi Hansen), Laura Dreyfuss (Zoe Murphy), Jennifer Laura Thompson (Cynthia Murphy), Michael Park (Larry Murphy), Mike Faist (Connor Murphy), Will Roland (Jared Kleinman), Kristolyn Lloyd (Alana Beck)",,,,,,"Gift at your Discretion",Unrestricted,Bootleg,,"M4A - 64.1 MB (untracked)",,"Full Show","Music Box Theatre","New York, NY",2026-08-07,https://encora.it/recordings/1254/
Audio,"Dear Evan Hansen",Broadway,2017-12-10,Evening,followtheneon,"Noah Galvin (Evan Hansen), Rachel Bay Jones (Heidi Hansen), Laura Dreyfuss (Zoe Murphy), Jennifer Laura Thompson (Cynthia Murphy), Michael Park (Larry Murphy), Mike Faist (Connor Murphy), Will Roland (Jared Kleinman), Kristolyn Lloyd (Alana Beck)",,"Special fan day performance. Includes speeches from Michael Greif, Steven Levenson, Julie James (of SiriusXMs On Broadway), and Chirlane McCray (First Lady of New York City).",,,,"Gift at your Discretion",Unrestricted,Bootleg,,"MP3 - 404 MB (tracked)",,"Full Show","Music Box Theatre","New York, NY",2026-08-07,https://encora.it/recordings/2870/
Audio,"Dear Evan Hansen",Broadway,2017-11-22,Evening,Unknown,"Noah Galvin (Evan Hansen), Rachel Bay Jones (Heidi Hansen), Laura Dreyfuss (Zoe Murphy), Jennifer Laura Thompson (Cynthia Murphy), Michael Park (Larry Murphy), Mike Faist (Connor Murphy), Will Roland (Jared Kleinman), Kristolyn Lloyd (Alana Beck)",,"Noah's second show!",,,,"Gift at your Discretion",Unrestricted,Bootleg,,"M4A - 65.2 MB (untracked)",,"Full Show","Music Box Theatre","New York, NY",2026-08-07,https://encora.it/recordings/3437/
Audio,"Dear Evan Hansen",Broadway,2017-12-20,Evening,unicornbraindoctor,"Noah Galvin (Evan Hansen), Rachel Bay Jones (Heidi Hansen), Laura Dreyfuss (Zoe Murphy), Jennifer Laura Thompson (Cynthia Murphy), Michael Park (Larry Murphy), Mike Faist (Connor Murphy), Will Roland (Jared Kleinman), Kristolyn Lloyd (Alana Beck)",,,,,,"Gift at your Discretion",Unrestricted,Bootleg,,"M4A - 65.9 MB (untracked)",,"Full Show","Music Box Theatre","New York, NY",2026-08-07,https://encora.it/recordings/3661/
Video,"Death Becomes Her",Broadway,2025-01-××,Evening,"The Riddle","Megan Hilty (Madeline Ashton), Jennifer Simard (Helen Sharp), Christopher Sieber (Ernest Menville), Michelle T. Williams (Viola Van Horn), Taurean Everett (Chagall), Josh Lamon (Stefan), Bud Weber (Ensemble), Sir Brock Warren (Ensemble), Marija Juliette Abney (Ensemble), Ryan Worsing (Ensemble), Kaleigh Cronin (Ensemble), Amy Quanbeck (s/w Ensemble), Ximone Rose (Ensemble), Michael Graceffa (Ensemble), Johanna Moise (s/w Ensemble), Kolton Krouse (Ensemble), Neil Haskell (Ensemble), Sarah Meahl (Ensemble)","Great 4k capture of this incredible show.  Shot with a mix of mediums, wides, and close-ups.  Shot around a railing which sometimes appears in shot and can cause wide shots to be tilted slightly more than usual, and there are moments of wandering/focusing on the wrong thing, particularly during the first ten minutes or so.  Includes bows.  Other than that, this is a great capture of this hilarious new musical that I had absolutely the best time at.",,2025-09-01,,,"Never Gift",Unrestricted,Bootleg,,"MP4 - 9.24 GB",,"Full Show","Lunt-Fontanne Theatre","New York, NY",2026-08-04,https://encora.it/recordings/2010713/
Video,"Death Becomes Her",Broadway,2024-10-23,Evening,bikinibottomday,"Megan Hilty (Madeline Ashton), Jennifer Simard (Helen Sharp), Christopher Sieber (Ernest Menville), Michelle T. Williams (Viola Van Horn), Taurean Everett (Chagall), Josh Lamon (Stefan), Marija Juliette Abney (Ensemble), Lauren Celentano (Ensemble), Sarita Colón (Ensemble), Kaleigh Cronin (Ensemble), Natalie Charle Ellis (Ensemble), Michael Graceffa (Ensemble), Neil Haskell (Ensemble), Kolton Krouse (Ensemble), Sarah Meahl (Ensemble), Ximone Rose (Ensemble), Sir Brock Warren (Ensemble), Bud Weber (Ensemble), Ryan Worsing (Ensemble), Warren Yang (Ensemble)","Excellent 4K capture of this show’s first preview! Minor head obstruction on the far left and on the bottom, doesn't block action except for a few moments. Some short blackouts scattered throughout the show because of people getting up and walking the aisles. Increased wandering / readjustment and unfocusing throughout. Includes curtain call, audio is fed from external source.",,2025-05-02,,,"Never Gift",Unrestricted,Bootleg,"4K MP4 10.07 GB","MP4 - 10.0 GB",,"Full Show","Lunt-Fontanne Theatre","New York, NY",2026-07-12,https://encora.it/recordings/2006363/
Video,"Dracula, A Comedy of Terrors",Off-Broadway,2023-12-18,Evening,bikinibottomday,"James Daly (Dracula), Andrew Keenan-Bolger (Jonathan Harker/Suitors), Jordan Boatman (Lucy/Kitty), Arnie Burton (Mina/Van Helsing), Ellen Harvey (Dr. Westfeldt/Renfield)","<p>Excellent 4K capture of this hilarious show! Due to a camera error, the last 15 seconds of the show are audio only. Some wandering / readjustment and unfocusing throughout. Audio fed from external source.</p>",,2024-06-17,,,"Never Gift",Unrestricted,Bootleg,"4K MP4 (6.39GB)","MP4 - 6.5 GB",,"Full Show","New World Stages - Stage 5","New York, NY",2026-08-17,https://encora.it/recordings/1152919/
Video,"Empire Records","McCarter Theatre",2024-09-25,Evening,bikinibottomday,"Liam Pearce (AJ), Lorna Courtney (Corey), Samantha Williams (Gina), Tyler McCall (Lucas), Analise Scarpaci (Debra), Eric Wiegand (Mark), Michael Luwoye (Joe), Damon Daunno (Rex Manning), Taylor Iman Jones (Max), Sam Poon (Warren), Alex Lugo (Ensemble), Hoke Faser (Ensemble), Leah Read (Ensemble), Maximilian Sangerman (Ensemble)","Great 4K capture of this world premiere musical! One head obstruction that blocks the center-right, mostly when characters sit / lay on the floor, worked around fairly well but still some missed action. Some moments of wandering / readjustment and unfocusing throughout. Includes curtain call, audio fed from external source.",,2025-04-17,,,"Never Gift",Unrestricted,Bootleg,"MP4 (4K) - 8.32 GB","MP4 - 8.32 GB",,"Full Show","McCarter Theatre Center","Princeton, NJ",2026-07-19,https://encora.it/recordings/2005650/
Video,Eurydice,"Off-Broadway Revival",2025-06-27,Matinee,bikinibottomday,"Maya Hawke (Eurydice), Caleb Eberhardt (Orpheus), Brian d'Arcy James (Father), T. Ryder Smith (A Nasty Interesting Man/Lord of the Underworld), Maria Elena Ramirez (Loud Stone), Jon Norman Schneider (Little Stone), David Ryan Smith (Big Stone)","Good 4K capture of the closing matinee! Starts about a minute in. Some head obstruction on the left that blocks off some action. Often at an angle. Frequent wandering and unfocusing throughout. Includes curtain call, audio fed from external source.",,2026-01-02,,,"Never Gift",Unrestricted,Bootleg,"4K MP4 6.4 GB","MP4 - 6.87 GB",,"Full Show","Pershing Square Signature Center - Romulus Linney Courtyard Theatre","New York, NY",2026-07-12,https://encora.it/recordings/2016805/
Video,Evita,"Cabrillo Music Theatre",2016-10-23,Evening,"SJ Bernly","Cassandra Murphy (Eva Perón), Marc Ginsburg (Che), David Kirk Grant (Perón), Bill Ledesma (Magaldi), Isa Briones (Perón's Mistress), Sarah Maher (Ensemble), Kendyl Sayuri Yokoyama (Ensemble), Katherine Steele (Ensemble), Jacqueline Rosenthal (Ensemble), Josh Rivera (Ensemble), Tracy Ray Reynolds (Ensemble), Alastair James Murden (Ensemble), Drew Mizell (Ensemble), Janelle Lillian (Ensemble), Lyrissa Leininger (Ensemble), Brandon Taylor Jones (Ensemble), Katie Hume (Ensemble), Jackson Hinden (Ensemble), Timothy Joshua Herl (Ensemble), Veronica Gutierrez (Ensemble), Augusto Guardado (Ensemble), Eduardo Giancarlo (Ensemble), Fernando Christopher (Ensemble), Liz Bustle (Ensemble), Elizabeth Adabale (Ensemble)",,"Emotional performances from the whole cast, and a great overall production with wonderful sets, costumes, and choreography. A perfect capture with no washout, no obstruction, and no blackouts. It's filmed in 16:9, with a mix of wides, mediums, and close-ups. The sound is excellent. Includes curtain call and playbill scans.",,,,"Gift at your Discretion",Unrestricted,Bootleg,,"VOB + smalls - 7.05 GB",,"Full Show","Thousand Oaks Civic Arts Plaza - Kavli Theatre","Thousand Oaks, CA",2026-07-22,https://encora.it/recordings/1126459/
Video,Evita,"London Concert",2023-08-××,Unknown,Lasagna,"Auli'i Cravalho (Eva Perón), Matt Rawle (Che), Jeremy Secomb (Perón), Nathan Amzi (Magaldi), Emily Lane (Perón's Mistress), Lloyd Davies (Ensemble), Robin Kent (Ensemble), Emily Langham (Ensemble), Jasmine Leung (Ensemble), Amonik Melaco (Ensemble), Joseph Poulton (Ensemble), Agnes Pure (Ensemble), Sophie Sass (Ensemble)",,"Great capture of this exciting concert production's penultimate performance!",2024-12-14,,,"Gift at your Discretion",Unrestricted,Bootleg,"MP4 (4K)","MP4 - 8.09 GB",,"Full Show",,,2026-07-24,https://encora.it/recordings/1151478/
Video,Falsettos,"First Broadway Revival",2017-01-××,Unknown,,"Christian Borle (Marvin), Andrew Rannells (Whizzer), Stephanie J. Block (Trina), Brandon Uranowitz (Mendel), Anthony Rosenthal (Jason), Tracie Thoms (Dr. Charlotte), Betsy Wolfe (Cordelia)",,"Filmed January 3 & 4, 2017 and aired on PBS on October 27, 2017.",,,,"Gift at your Discretion",Unrestricted,Pro-Shot,,"MKV - 10.26 GB",,"Full Show","Walter Kerr Theatre","New York, NY",2026-07-19,https://encora.it/recordings/64/
Video,"Five Nights at Freddy's: The Unofficial Musical","Mignolo Arts Center",2025-06-06,Evening,,"Fiona Tasarek (Michael Afton), Marisa Landi (Bonnie), Kel Thomas (Freddy Fazbear), Ben Huebscher (William Afton), Shannon White (Chica), Maddie Miley (Golden Freddy), Myron Molina (Foxy), Sam Estrella (The Puppet)","This show contains mature/disturbing themes, on-stage depictions of violence, death & abuse, strong language and smoking.
This video contains flashing lights; not recommended for photosensitive viewers. ",,,,,"Never Gift",Unrestricted,"House Cam",,"MP4 - 1.25 GB",,"Full Show",,"Metuchen, United States",2026-08-02,https://encora.it/recordings/2023398/
Video,"Floyd Collins",Broadway,2025-04-××,Unknown,MTTZ,"Jeremy Jordan (Floyd Collins), Jason Gotay (Homer Collins), Lizzy McAlpine (Nellie Collins), Taylor Trensch (Skeets Miller), Marc Kudisch (Lee Collins), Jessica Molaskey (Miss Jane), Sean Allan Krill (H.T. Carmichael), Wade McCollum (Bee Doyle), Cole Vaughan (Jewell Estes)","Excellent capture of this amazing production! Shot in a great mix of wides, mediums, and close-ups. Minor obstruction at the bottom that never blocks any action. Some wandering, shaking, and re-adjusting throughout. Audio is patched in from an external source. Some spotlight washout can be seen, especially in act 1. Overall an excellent capture.",,2025-10-05,,,"Never Gift",Unrestricted,Bootleg,,"MP4 - 9.08 GB",,"Full Show","Vivian Beaumont Theatre","New York, NY",2026-07-12,https://encora.it/recordings/2012259/
Video,"Frankenstein (Wang Yong Beom)","South Korea (Fifth Season)",2024-08-23,Matinee,,"규현 Kyuhyun (Victor Frankenstein/Jacques), 박은태 Park Eun-tae (Henry Dupré/Monster), 이지혜 Lee Ji-hye (Julia/Catherine), 신재희 Shin Jae-hee (Igor/Runge), 장은아 Jang Eun-ah (Eva/Ellen), 문성혁 Moon Sung-hyuk (Stephan/Fernando), 김승주 Kim Seung-ju (Young Victor), 다니엘라 Daniella (Young Julia)",,"Final performance for Kyuhyun and Park Euntae as a pair.",,,,"Gift at your Discretion",Unrestricted,Pro-Shot,mp4,"MP4 - 7.18 GB",,"Full Show","Blue Square","Seoul, Korea",2026-08-06,https://encora.it/recordings/2025338/
Video,Frozen,"Pre-Broadway / Denver",2017-08-17,Evening,SunsetBlvd79,"Caissie Levy (Elsa), Patti Murin (Anna), Ayla Schwartz (Young Elsa), Audrey Bennett (Young Anna), Greg Hildreth (Olaf), Jelani Alladin (Kristoff), Andrew Pirozzi (Sven), John Riddle (Hans), Kevin Del Aguila (Oaken), Robert Creighton (Weselton), Timothy Hughes (Pabbie), Olivia Phillip (Bulda), James Brown III (King Agnarr), Ann Sanders (Queen Iduna)",,"First preview! The set malfunctions about 10 minutes into Act 1. Thomas Schumacher comes out to give a speech to pass the time. Act 1 then resumes. No set problems with Act 2. Audience is extremely receptive and the cast is absolutely spectacular.",,,,"Gift at your Discretion",Unrestricted,Bootleg,,"VOB + smalls -  7.57 GB",,"Full Show","Denver Center for the Performing Arts - Buell Theatre","Denver, CO",2026-07-12,https://encora.it/recordings/171/
Video,Frozen,Broadway,2019-03-××,Unknown,mynewfavoriteday,"Caissie Levy (Elsa), Patti Murin (Anna), Jenna Weir (Young Elsa), Leila Rose Gross (Young Anna), Ryann Redmond (Olaf), Noah J. Ricketts (Kristoff), Andrew Pirozzi (Sven), Joe Carroll (Hans), Kevin Del Aguila (Oaken), Robert Creighton (Weselton), Zach Hess (Pabbie), Olivia Phillip (Bulda), Nicholas Ward (King Agnarr), Alicia Albright (u/s Queen Iduna), Wendi Bergamini (Head Handmaiden), Travis Patton (s/w Bishop)","HD capture of the new replacement cast members. Filmed from center mezzanine, Act One is blind shot until Reindeer(s) are Better than People, and Act Two is fully aimed and filmed. There are great closeups and wide shots, but there can be a bit of spotlight washout at times.",,2019-08-21,,,"Gift at your Discretion",Unrestricted,Bootleg,,"VOB + smalls (7.20 GB), combined 2-part MTS (18.4 GB) - 25.6 GB",,"Full Show","St. James Theatre","New York, NY",2026-07-12,https://encora.it/recordings/7665/
Video,Frozen,Broadway,2020-02-××,Unknown,StarCuffedJeans,"Ciara Renée (Elsa), McKenzie Kurtz (Anna), Anna Rae Haller (Young Elsa), Charlie Tassone (Young Anna), Ryann Redmond (Olaf), Noah J. Ricketts (Kristoff), Adam Jepsen (Sven), Ryan McCartan (Hans), Kevin Del Aguila (Oaken), Robert Creighton (Weselton), Donald Jones Jr. (Pabbie), Tracee Beazer (Bulda), Tyrone L. Robinson (King Agnarr), Ann Sanders (Queen Iduna), Robin Masella (Head Handmaiden), Jacob Smith (Bishop), Austin Lesch (Ensemble), Charlie Williams (Ensemble), Harris M Turner (Ensemble), Bronwyn Tarboton (s/w Ensemble), Jake David Smith (Ensemble), Anthony Sagaria (Ensemble), Julius Anthony Rubio (Ensemble), Ellen Marlow (Ensemble), Kate Bailey (Ensemble), Nina Lafarga (Ensemble), Charissa Hogeland (Ensemble), Cajai Kennedy (Ensemble), Michael Fatica (Ensemble), Spencer Clark (s/w Ensemble), Claire Camp (Ensemble), Keely Beirne (Ensemble)",,"Beautiful HD capture of the new Broadway cast! Filmed from the left orchestra with a mix of wides, mediums, and closeups. Features the new song I Can't Lose You that replaces For the First Time in Forever (Reprise). Last known full video of the Broadway production before the untimely closing the following month.",2020-09-15,,,"Gift at your Discretion",Unrestricted,Bootleg,"MP4 (HD) - 5.1 GB","MP4 - 5.09 GB",,"Full Show","St. James Theatre","New York, NY",2026-07-21,https://encora.it/recordings/29167/
Video,"Funny Girl","First Broadway Revival",2022-03-××,Unknown,StarCuffedJeans,"Beanie Feldstein (Fanny Brice), Ramin Karimloo (Nick Arnstein), Jane Lynch (Mrs. Brice), Jared Grimes (Eddie), Peter Francis James (Florenz Ziegfield), Ephie Aardema (Emma/Mrs. Nadler), Debra Cardona (Mrs. Meeker), Toni Dibuoni (Mrs. Strakosh), Martin Moran (Tom Keeney/Actor), Stephen Mark Lukas (Paul/Mr. Renaldi/Bartender), Kurt Csolak (John/Cornet Man/Rat-tat-tat-tat Man), Afra Hines (Bubbles), Leslie Blake Walker (Maude), Katie Mitchell (Mimsey), Leslie Donna Flesner (Polly), Amber Ardolino (Vera), Aliah James (Virginia), Colin Bradbury (s/w Cornet Man), John Manzari (Rat-tat-tat-tat Man), Daniel Beeman (Tenor/Porter), Masumi Iwai (Ensemble), Mariah Reives (Ensemble)",,"First Preview",2022-10-01,,,"Gift at your Discretion",Unrestricted,Bootleg,"MP4 (HD) - 7 GB","MP4 - 6.99 GB",,"Full Show","August Wilson Theatre","New York, NY",2026-08-03,https://encora.it/recordings/1123489/
Video,"Ghost: The Musical",Broadway,2012-07-28,Evening,SunsetBlvd79,"Richard Fleeshman (Sam Wheat), Caissie Levy (Molly Jensen), Da'Vine Joy Randolph (Oda Mae Brown), Bryce Pinkham (Carl Bruner), Michael Balderrama (Willie Lopez), Tyler McGee (Subway Ghost)",,"Great HD capture of the show toward the end of the run. This is a great capture compared the previous one from March, with the changes that were made from the previews and with the original Oda Mae Brown. Despite what the reviews said, this is one show I thoroughly enjoyed and wish it had a better life on Broadway as it deserved! A-

Recorded with mostly zooms and a few wide-shots. Great views of the effects. A Google Drive link is floating around that contains the wrong VOBs for Act 1-3 and Act 2-2; make sure you get everything! Multiple versions are circulating – the 7.8 GB file and 7.72 GB file are the same quality but the larger includes custom menu screens.",,,,"Gift at your Discretion",Unrestricted,Bootleg,,"VOB + smalls - 7.78 GB",,"Full Show","Lunt-Fontanne Theatre","New York, NY",2026-07-12,https://encora.it/recordings/415/
Video,Grease,"Grease: Live (FOX Special)",2016-01-31,Evening,,"Aaron Tveit (Danny Zuko), Julianne Hough (Sandy Dumbrowski), Carlos PenaVega (Kenickie), Vanessa Hudgens (Betty Rizzo), Carly Rae Jepsen (Frenchy), Kether Donohue (Jan), Jordan Fisher (Doody), Keke Palmer (Marty), Andrew Call (Sonny), Mario Lopez (Vince Fontaine), Yvette González-Nacer (Cha-Cha DiGregorio), Elle McLemore (Patty Simcox), Noah Robbins (Eugene), Joe Jonas (Johnny Casino), Ana Gasteyer (Principal McGee), Didi Conn (Vi), Barry Pearl (Stan Weaver), Wendell Pierce (Coach Calhoun), David Del Rio (Putzie), Haneefah Wood (Blanche), Eve Plumb (Mrs. Murdock)",,"TV Special aired on FOX on Jan 31 2016",,,,"Gift at your Discretion",Unrestricted,Pro-Shot,,"MKV - 30.9 GB",,"Full Show","Warner Brothers Studio","Burbank, CA",2026-08-06,https://encora.it/recordings/2107/
Video,"The Great British Bake Off Musical","West End",2023-04-××,Unknown,Lasagna,"Haydn Gwynne (Pam Lee), John Owen-Jones (Phil Hollinghurst), Zoe Birkett (Kim), Scott Paige (Jim), Damian Humbley (Ben), Michael Cahill (Russell), Grace Mouat (Izzy), Aharon Rayner (Hassan), Jay Saighal (Dezza), Claire Moore (Babs), Cat Sandison (Francesca), Charlotte Wakefield (Gemma), Amelie Rouse (Lily)",,"Wonderful capture of this surprisingly great show! Shot over a head only visible in wide shots.",,,,"Gift at your Discretion",Unrestricted,Bootleg,"MP4 (4K)","MP4 - 8.85 GB",,"Full Show","Noël Coward Theatre","London, United Kingdom",2026-08-05,https://encora.it/recordings/1142193/
Video,"The Great Gatsby (Howland/Tysen/Kerrigan)","Paper Mill Playhouse",2023-11-××,Unknown,juniper47,"Jeremy Jordan (Jay Gatsby), Eva Noblezada (Daisy Buchanan), Noah J. Ricketts (Nick Carraway), Samantha Pauly (Jordan Baker), Sara Chase (Myrtle Wilson), Stanley Wayne Mathis (Meyer Wolfsheim), John Zdrojeski (Tom Buchanan), Paul Whitty (George Wilson), Dan Rosales (Mr. McKee), Dariana Mullen (Gilda Gray), Ayla Ciccone-Burton (Mrs. McKee/Twin), Natalie Charle Ellis (Catherine), Pascal Pastrana (Cop), Maya Sistruck (Twin), Colin Cunliffe (Ol' Owl Eyes), Raymond Baynard (Ensemble), Jake Trammel (s/w Ensemble), Austin Colby (Ensemble), Curtis Holland (Ensemble), Mariah Reives (Ensemble), Julio Rey (Ensemble), Tanairi Sade Vazquez (Ensemble), Katie Webber (Ensemble)",,"Filmed in 4K, released in 1080p and 4K. Steady, well-filmed capture, almost no obstructions except for when the woman in the seat in front leaned forward or moved her arm. One dropout while latecomers were seated, otherwise dropouts only for applause. Mid-show switch: Jake Trammel (swing) took over for Raymond Baynard starting with Only Tea in Act 1 through the remainder of the show.",2024-12-28,,NFS,"Gift at your Discretion",Unrestricted,Bootleg,"MP4 (HD) and MP4 (4K)","MP4 - 8.04 GB",,"Full Show","Paper Mill Playhouse","Millburn, NJ",2026-08-22,https://encora.it/recordings/1157636/
Video,"The Great Gatsby (Howland/Tysen/Kerrigan)",Broadway,2024-04-25,Evening,onehandonmycamera,"Jeremy Jordan (Jay Gatsby), Eva Noblezada (Daisy Buchanan), Noah J. Ricketts (Nick Carraway), Samantha Pauly (Jordan Baker), Sara Chase (Myrtle Wilson), Eric Anderson (Meyer Wolfsheim), John Zdrojeski (Tom Buchanan), Paul Whitty (George Wilson)","<p>OPENING NIGHT PERFORMANCE. Some obstructions from audience members but otherwise a great capture of opening night on broadway.</p>",,2024-12-01,,,"Gift at your Discretion",Unrestricted,Bootleg,,"MOV - 11.25 GB",,"Full Show","Broadway Theatre","New York, NY",2026-07-12,https://encora.it/recordings/2001872/
Video,"The Great Gatsby (Howland/Tysen/Kerrigan)","West End",2025-08-××,Unknown,MTTZ,"Jamie Muscato (Jay Gatsby), Frances Mayli McCann (Daisy Buchanan), Corbin Bleu (Nick Carraway), Amber Davies (Jordan Baker), Rachel Tucker (Myrtle Wilson), John Owen-Jones (Meyer Wolfsheim), Jon Robyns (Tom Buchanan), Joel Montague (George Wilson), George Crawford (Ensemble), Jordan Crouch (Ensemble), Kiara Dario (Ensemble), Frances Dee (Ensemble), Aimée Fisher (Ensemble), Tom Andrew Hargreaves (Ensemble), Alyn Hawke (Ensemble), Ediz Mahmut (Ensemble), Jamel Matthias (Ensemble), Nevé McGuinness-Dyce (Ensemble), Rose Ouellette (Ensemble), Sophie Pourret (Ensemble), Will Richardson (Ensemble), Lily Wang (Ensemble)","Excellent capture of this stunning cast! Shot in a great mix of wides, mediums, and close-ups. Some wandering, shaking, and re-adjusting throughout. Some occasional obstruction in act 1 that doesn’t block any significant action. Audio is patched in from an external source; some audience member disturbances and some rustling/scratching can be heard. Overall a fantastic capture. ",,2026-02-05,,,"Never Gift",Unrestricted,Bootleg,"MP4 (4K) - 9.41 GB","MP4 - 9.41 GB",,"Full Show","London Coliseum","London, United Kingdom",2026-07-12,https://encora.it/recordings/2019155/
Audio,"The Great Gatsby (Howland/Tysen/Kerrigan)","West End",2025-05-08,Matinee,walkinginthesun,"Jamie Muscato (Jay Gatsby), Frances Mayli McCann (Daisy Buchanan), Corbin Bleu (Nick Carraway), Amber Davies (Jordan Baker), Rachel Tucker (Myrtle Wilson), John Owen-Jones (Meyer Wolfsheim), Jon Robyns (Tom Buchanan), Joel Montague (George Wilson)",,,,,,"Gift at your Discretion",Unrestricted,Bootleg,"M4A (Untracked)","M4A - 63.5 MB (untracked)",,"Full Show","London Coliseum","London, United Kingdom",2026-08-13,https://encora.it/recordings/2037106/
Video,"Groundhog Day","The Old Vic Revival",2023-07-××,Unknown,Lasagna,"Andy Karl (Phil Connors), Tanisha Spring (Rita Hanson), Andrew Langtree (Ned Ryerson), Eve Norris (Nancy Taylor), Nick Hayes (Ralph), Kamilla Fernandes (Debbie), Billy Nevers (Fred), Zack Guest (s/w Fred), Aimée Fisher (Joelle)",,"Fantastic capture from the dress circle! Billy injured himself during Act 1 so Zack made his Fred debut in act 2. Minor obstruction in Act 1 shot around well, and a clear shot for Act 2.",2023-12-29,,,"Gift at your Discretion",Unrestricted,Bootleg,"MP4 (4K)","MP4 - 9.55 GB",,"Full Show","The Old Vic","London, United Kingdom",2026-07-29,https://encora.it/recordings/1145866/
Video,"Groundhog Day","The Old Vic Revival",2023-08-02,Evening,bikinibottomday,"Andy Karl (Phil Connors), Tanisha Spring (Rita Hanson), Andrew Langtree (Ned Ryerson), Aimée Fisher (u/s Nancy Taylor), Chris Jenkins (Gus), Nick Hayes (Ralph), Ashlee Irish (Larry), Ben Redfern (Buster), Kamilla Fernandes (Debbie), Billy Nevers (Fred), Annie Wensak (Mrs. Lancaster), Durone Stokes (Deputy), Jacqueline Hughes (Piano Teacher), Jez Unwin (Jenson), Jasmin Colangelo (s/w Joelle), Mark Pearce (Sheriff), Alex Stoll (Billy)",,"Excellent 4K capture of Aimee as Nancy! There is one head visible on the bottom that never blocks anything more than the actors’ feet. Some wandering/readjustment and unfocusing throughout. Washout on the wider shots. Includes curtain call, audio fed from external source.",2024-01-02,,,"Never Gift",Unrestricted,Bootleg,"4K MP4 (9.93GB)","MP4 - 9.92 GB",,"Full Show","The Old Vic","London, United Kingdom",2026-07-29,https://encora.it/recordings/1146731/
Video,"Groundhog Day",Broadway,2017-03-20,Evening,NYCG8R,"Andy Karl (Phil Connors), Barrett Doss (Rita Hanson), John Sanders (Ned Ryerson), Rebecca Faulkenberry (Nancy Taylor), Andrew Call (Gus), Raymond J. Lee (Ralph), Vishal Vaidya (Larry), Josh Lamon (Buster), Katy Geraghty (Debbie), Gerard Canonico (Fred), Travis Waldschmidt (Jeff), Rheaume Crenshaw (Doris), Heather Ayers (Mrs. Lancaster), Joseph Medeiros (Deputy), Michael Fatica (Chubby Man), Tari Kelly (Piano Teacher), William Parry (Jenson), Jenna Rubaii (Joelle), Sean Montgomery (Sheriff), Taylor Iman Jones (Lady Storm Chaser)",,"Better capture of the fully working performance than from the first preview vid. Complete show nicely filmed in HD with clear picture and sound.",,,,"Gift at your Discretion",Unrestricted,Bootleg,,"VOB + smalls - 4.21 GB",,"Full Show","August Wilson Theatre","New York, NY",2026-07-28,https://encora.it/recordings/322/
Video,Hadestown,"National Theatre",2018-12-27,Evening,chauvelin,"Reeve Carney (Orpheus), Eva Noblezada (Eurydice), Amber Gray (Persephone), Patrick Page (Hades), André De Shields (Hermes), Carly Mercedes Dyer (Fate), Rosie Fletcher (Fate), Gloria Onitiri (Fate)",,"HD widescreen from the far right circle with minimal zooms. First known full recording of this show pre-Broadway transfer. Far left of the stage is cut off but otherwise a nice video.

Band: Nathaniel Cross (Trombone), David Kadumukasa (Cello), Ros Stephen (Violin), Brad Webb (Drums), Nicki Davenport (Bass), David Delarre (Guitar), Mike Guy (Keys)",2020-01-01,,,"Gift at your Discretion",Unrestricted,Bootleg,"MTS (HD) - 20.91 GB","MTS - 20.9 GB",,"Full Show","National Theatre - Olivier Theatre","London, United Kingdom",2026-08-10,https://encora.it/recordings/24312/
Audio,Hadestown,"West End",2025-09-14,Matinee,walkinginthesun,"Sebastian Lim-Seet (u/s Orpheus), Desmonda Cathabel (Eurydice), Victoria Hamilton-Barritt (Persephone), Chris Jarman (Hades), Cedric Neal (Hermes), Melanie Bright (Fate), Lauran Rae (Fate), Allie Daniel (Fate), Laura Delany (Worker), Michelle Andrews (Worker), Oisin Nolan-Power (s/w Worker), Femi Akinfolarin (Worker), Ollie Bingham (Worker)","Victoria’s final show as Persephone",,,,,"Gift at your Discretion",Unrestricted,Bootleg,"M4A (Untracked)","M4A - 62.1 MB (untracked)",,"Full Show","Lyric Theatre","London, United Kingdom",2026-08-13,https://encora.it/recordings/2037135/
Audio,Hadestown,"West End",2025-06-27,Evening,walkinginthesun,"Sebastian Lim-Seet (u/s Orpheus), Desmonda Cathabel (Eurydice), Victoria Hamilton-Barritt (Persephone), Chris Jarman (Hades), Juan Jackson (u/s Hermes), Melanie Bright (Fate), Lauran Rae (Fate), Lindo Shinda (u/s Fate), Laura Delany (Worker), Michelle Andrews (Worker), Oisin Nolan-Power (s/w Worker), Femi Akinfolarin (Worker), Ollie Bingham (Worker)",,,,,,"Gift at your Discretion",Unrestricted,Bootleg,"M4A (Untracked)","M4A - 62.4 MB (untracked)",,"Full Show","Lyric Theatre","London, United Kingdom",2026-08-13,https://encora.it/recordings/2037125/
Audio,Hadestown,"West End",2025-07-26,Matinee,walkinginthesun,"Sebastian Lim-Seet (u/s Orpheus), Desmonda Cathabel (Eurydice), Victoria Hamilton-Barritt (Persephone), Chris Jarman (Hades), Allie Daniel (u/s Hermes), Jasmine Triadi (u/s Fate), Lauran Rae (Fate), Lucinda Buckley (u/s Fate), Laura Delany (Worker), Michelle Andrews (Worker), Oisin Nolan-Power (s/w Worker), Femi Akinfolarin (Worker), Ollie Bingham (Worker)",,,,,,"Never Gift",Unrestricted,Bootleg,,"M4A - 63.6 MB (untracked)",,"Full Show","Lyric Theatre","London, United Kingdom",2026-08-13,https://encora.it/recordings/2037119/
Audio,Hadestown,"West End",2025-05-08,Evening,walkinginthesun,"Sebastian Lim-Seet (u/s Orpheus), Desmonda Cathabel (Eurydice), Victoria Hamilton-Barritt (Persephone), Chris Jarman (Hades), Cedric Neal (Hermes), Melanie Bright (Fate), Lauran Rae (Fate), Allie Daniel (Fate), Laura Delany (Worker), Michelle Andrews (Worker), Oisin Nolan-Power (s/w Worker), Femi Akinfolarin (Worker), Ollie Bingham (Worker)",,,,,,"Gift at your Discretion",Unrestricted,Bootleg,"M4A (Untracked)","M4A - 62.1 MB (untracked)",,"Full Show","Lyric Theatre","London, United Kingdom",2026-08-13,https://encora.it/recordings/2037108/
Audio,Hadestown,"West End",2025-02-11,Evening,walkinginthesun,"Reeve Carney (Orpheus), Eva Noblezada (Eurydice), Amber Gray (Persephone), Phillip Boykin (e/c Hades), André De Shields (Hermes), Bella Brown (Fate), Madeline Charlemagne (Fate), Allie Daniel (Fate), Lucinda Buckley (s/w Worker), Ryesha Higgs (s/w Worker), Tiago Dhondt Bamberger (Worker), Waylon Jacobs (Worker), Christopher Short (Worker)","First performance for the OBC in London. Patrick Page got injured in rehearsals, so Philip Boykin emergency covered Hades.",,,,,"Gift at your Discretion",Unrestricted,Bootleg,"M4A (Untracked)","M4A - 63.4 MB (untracked)",,"Full Show","Lyric Theatre","London, United Kingdom",2026-08-11,https://encora.it/recordings/2037065/
Audio,Hadestown,"West End",2026-03-10,Evening,walkinginthesun,"Marley Fenton (Orpheus), Bethany Antonia (Eurydice), Rachel Adedeji (Persephone), Alastair Parker (Hades), Clive Rowe (Hermes), Melanie Bright (Fate), Lauran Rae (Fate), Spike Maxwell (Fate), Gabriela Benedetti (Worker), Michelle Andrews (Worker), Sebastian Lim-Seet (Worker), Femi Akinfolarin (Worker), Ollie Bingham (Worker)","First performance for Marley, Bethany, Rachel, Alastair, Clive, Spike and Gabriela",,,,,"Never Gift",Unrestricted,Bootleg,,"M4A - 61.9 MB (untracked)",,"Full Show","Lyric Theatre","London, United Kingdom",2026-08-13,https://encora.it/recordings/2037044/
Audio,Hadestown,"West End",2026-03-08,Matinee,walkinginthesun,"Dylan Wood (Orpheus), Desmonda Cathabel (Eurydice), Joy Wielkens (Persephone), Chris Jarman (Hades), Daniel Breaker (Hermes), Melanie Bright (Fate), Lauran Rae (Fate), Allie Daniel (Fate), Laura Delany (Worker), Michelle Andrews (Worker), Sebastian Lim-Seet (Worker), Femi Akinfolarin (Worker), Ollie Bingham (Worker)","Final performance for Dylan, Desmonda, Joy, Chris, Daniel, Allie and Laura.",,,,,"Never Gift",Unrestricted,Bootleg,"M4A (Untracked)","M4A - 63.5 MB (untracked)",,"Full Show","Lyric Theatre","London, United Kingdom",2026-08-13,https://encora.it/recordings/2037043/
Audio,Hadestown,"West End",2025-11-08,Matinee,walkinginthesun,"Sebastian Lim-Seet (u/s Orpheus), Desmonda Cathabel (Eurydice), Michelle Andrews (u/s Persephone), Chris Jarman (Hades), Cedric Neal (Hermes), Lucinda Buckley (s/w Fate), Lauran Rae (Fate), Allie Daniel (Fate), Laura Delany (Worker), Lindo Shinda (s/w Worker), Juan Jackson (s/w Worker), Femi Akinfolarin (Worker), Ollie Bingham (Worker)",,,,,,"Gift at your Discretion",Unrestricted,Bootleg,"M4A (Untracked)","M4A - 62.8 MB (untracked)",,"Full Show","Lyric Theatre","London, United Kingdom",2026-08-13,https://encora.it/recordings/2037151/
Audio,Hadestown,"West End",2026-01-08,Evening,walkinginthesun,"Sebastian Lim-Seet (u/s Orpheus), Grace Hodgett-Young (e/c Eurydice), Lindo Shinda (u/s Persephone), Chris Jarman (Hades), Allie Daniel (u/s Hermes), Jasmine Triadi (u/s Fate), Lauran Rae (Fate), Lucinda Buckley (u/s Fate), Ryesha Higgs (e/c Worker), Oisin Nolan-Power (s/w Worker), Juan Jackson (s/w Worker), Ollie Bingham (Worker)","Very cover heavy! Grace returns to play Eurydice over a year after she left the show",,,,,"Never Gift",Unrestricted,Bootleg,,"M4A - 61.9 MB (untracked)",,"Full Show","Lyric Theatre","London, United Kingdom",2026-08-13,https://encora.it/recordings/2037033/
Audio,Hadestown,"West End",2026-04-21,Evening,walkinginthesun,"Marley Fenton (Orpheus), Bethany Antonia (Eurydice), Rachel Adedeji (Persephone), Alastair Parker (Hades), Clive Rowe (Hermes), Melanie Bright (Fate), Lauran Rae (Fate), Lindo Shinda (u/s Fate), Gabriela Benedetti (Worker), Jasmine Triadi (s/w Worker), Milly Willows (s/w Worker), Oisin Nolan-Power (s/w Worker), Femi Akinfolarin (Worker), Ollie Bingham (Worker)","Jasmine replaces Gabriela for Act 2",,,,,"Never Gift",Unrestricted,Bootleg,,"M4A - 62.5 MB (untracked)",,"Full Show","Lyric Theatre","London, United Kingdom",2026-08-13,https://encora.it/recordings/2037029/
Audio,Hadestown,"West End",2026-05-14,Evening,walkinginthesun,"Sebastian Lim-Seet (u/s Orpheus), Bethany Antonia (Eurydice), Rachel Adedeji (Persephone), Juan Jackson (u/s Hades), Clive Rowe (Hermes), Melanie Bright (Fate), Lauran Rae (Fate), Milly Willows (s/w Fate), Gabriela Benedetti (Worker), Michelle Andrews (Worker), Oisin Nolan-Power (s/w Worker), Femi Akinfolarin (Worker), Ollie Bingham (Worker)","Please do not share these in any way other than trading, including but not limited to posting on TikTok, Youtube, Instagram etc!",,,,,"Never Gift",Unrestricted,Bootleg,,"M4A - 62.5 MB (untracked)",,"Full Show","Lyric Theatre","London, United Kingdom",2026-08-13,https://encora.it/recordings/2037020/
Audio,Hadestown,"West End",2026-06-09,Evening,walkinginthesun,"Marley Fenton (Orpheus), Jasmine Triadi (u/s Eurydice), Rachel Adedeji (Persephone), Juan Jackson (u/s Hades), Clive Rowe (Hermes), Melanie Bright (Fate), Lauran Rae (Fate), Spike Maxwell (Fate), Gabriela Benedetti (Worker), Michelle Andrews (Worker), Sebastian Lim-Seet (Worker), Femi Akinfolarin (Worker), Ollie Bingham (Worker)","Please please please do not share these in any way other than trading, including but not limited to posting on TikTok, Youtube, Instagram etc!",,,,,"Never Gift",Unrestricted,Bootleg,,"M4A - 62.2 MB (untracked)",,"Full Show","Lyric Theatre","London, United Kingdom",2026-08-13,https://encora.it/recordings/2037005/
Audio,Hadestown,"West End",2026-07-19,Matinee,walkinginthesun,"Marley Fenton (Orpheus), Gabriela Benedetti (u/s Eurydice), Rachel Adedeji (Persephone), Alastair Parker (Hades), Femi Akinfolarin (u/s Hermes), Melanie Bright (Fate), Lauran Rae (Fate), Spike Maxwell (Fate), Milly Willows (s/w Worker), Michelle Andrews (Worker), Sebastian Lim-Seet (Worker), Oisin Nolan-Power (s/w Worker), Ollie Bingham (Worker)","Gabriela’s Eurydice debut!

Please please please do not share these in any way other than trading, including but not limited to posting on TikTok, Youtube, Instagram etc!",,,,,"Never Gift",Unrestricted,Bootleg,,"M4A - 62.1 MB (untracked)",,"Full Show","Lyric Theatre","London, United Kingdom",2026-08-13,https://encora.it/recordings/2036978/
Audio,Hadestown,"West End",2025-03-20,Matinee,walkinginthesun,"Oisin Nolan-Power (u/s Orpheus), Desmonda Cathabel (Eurydice), Victoria Hamilton-Barritt (Persephone), Chris Jarman (Hades), Cedric Neal (Hermes), Melanie Bright (Fate), Lauran Rae (Fate), Allie Daniel (Fate), Laura Delany (Worker), Michelle Andrews (Worker), Sebastian Lim-Seet (Worker), Femi Akinfolarin (Worker), Ollie Bingham (Worker)",,,,,,"Gift at your Discretion",Unrestricted,Bootleg,"M4A (Untracked)","M4A - 64.8 MB (untracked)",,"Full Show","Lyric Theatre","London, United Kingdom",2026-08-13,https://encora.it/recordings/2036977/
Audio,Hadestown,"West End",2026-07-14,Evening,walkinginthesun,"Sebastian Lim-Seet (u/s Orpheus), Bethany Antonia (Eurydice), Rachel Adedeji (Persephone), Juan Jackson (u/s Hades), Femi Akinfolarin (u/s Hermes), Melanie Bright (Fate), Jasmine Triadi (u/s Fate), Spike Maxwell (Fate), Gabriela Benedetti (Worker), Michelle Andrews (Worker), Lindo Shinda (s/w Worker), Ollie Bingham (Worker)","Femi’s Hermes debut!

Please please please do not share these in any way other than trading, including but not limited to posting on TikTok, Youtube, Instagram etc!",,,,,"Never Gift",Unrestricted,Bootleg,,"M4A - 62.6 MB (untracked)",,"Full Show","Lyric Theatre","London, United Kingdom",2026-08-13,https://encora.it/recordings/2036976/
Audio,Hadestown,"West End",2025-03-13,Evening,walkinginthesun,"Oisin Nolan-Power (u/s Orpheus), Desmonda Cathabel (Eurydice), Victoria Hamilton-Barritt (Persephone), Chris Jarman (Hades), Cedric Neal (Hermes), Melanie Bright (Fate), Lauran Rae (Fate), Allie Daniel (Fate), Laura Delany (Worker), Michelle Andrews (Worker), Sebastian Lim-Seet (Worker), Femi Akinfolarin (Worker), Ollie Bingham (Worker)","Oisin’s Orpheus debut! He had not been rehearsed into the role yet and so the MD played some guitar parts on the piano",,,,,"Gift at your Discretion",Unrestricted,Bootleg,"M4A (Untracked)","M4A - 61.8 MB (untracked)",,"Full Show","Lyric Theatre","London, United Kingdom",2026-08-13,https://encora.it/recordings/2036975/
Audio,Hadestown,"West End",2026-07-09,Evening,walkinginthesun,"Sebastian Lim-Seet (u/s Orpheus), Bethany Antonia (Eurydice), Rachel Adedeji (Persephone), Alastair Parker (Hades), Clive Rowe (Hermes), Melanie Bright (Fate), Lindo Shinda (u/s Fate), Spike Maxwell (Fate), Gabriela Benedetti (Worker), Milly Willows (s/w Worker), Oisin Nolan-Power (s/w Worker), Femi Akinfolarin (Worker), Ollie Bingham (Worker)","Please please please do not share these in any way other than trading, including but not limited to posting on TikTok, Youtube, Instagram etc!",,,,,"Never Gift",Unrestricted,Bootleg,,"M4A - 62.3 MB (untracked)",,"Full Show","Lyric Theatre","London, United Kingdom",2026-08-13,https://encora.it/recordings/2036974/
Audio,Hadestown,"West End",2025-03-09,Matinee,walkinginthesun,"Reeve Carney (Orpheus), Eva Noblezada (Eurydice), Amber Gray (Persephone), Phillip Boykin (Hades), André De Shields (Hermes), Bella Brown (Fate), Madeline Charlemagne (Fate), Allie Daniel (Fate), Lucinda Buckley (s/w Worker), Lauren Azania (Worker), Tiago Dhondt Bamberger (Worker), Waylon Jacobs (Worker), Christopher Short (Worker)","Final performance for the OWEC and OBC.",,,,,"Gift at your Discretion",Unrestricted,Bootleg,"M4A (Untracked)","M4A - 64.2 MB (untracked)",,"Full Show","Lyric Theatre","London, United Kingdom",2026-08-13,https://encora.it/recordings/2036971/
Audio,Hadestown,"West End",2025-03-01,Evening,walkinginthesun,"Reeve Carney (Orpheus), Eva Noblezada (Eurydice), Amber Gray (Persephone), Patrick Page (Hades), André De Shields (Hermes), Bella Brown (Fate), Madeline Charlemagne (Fate), Allie Daniel (Fate), Ryesha Higgs (s/w Worker), Lauren Azania (Worker), Tiago Dhondt Bamberger (Worker), Waylon Jacobs (Worker), Christopher Short (Worker)","Filmed performance",,,,,"Gift at your Discretion",Unrestricted,Bootleg,"M4A (Untracked)","M4A - 66.3 MB (untracked)",,"Full Show","Lyric Theatre","London, United Kingdom",2026-08-13,https://encora.it/recordings/2036970/
Audio,Hadestown,"West End",2026-07-08,Evening,bobbyskazoo,"Sebastian Lim-Seet (u/s Orpheus), Bethany Antonia (Eurydice), Rachel Adedeji (Persephone), Alastair Parker (Hades), Clive Rowe (Hermes), Melanie Bright (Fate), Spike Maxwell (Fate), Lauran Rae (Fate), Femi Akinfolarin (Worker), Gabriela Benedetti (Worker), Ollie Bingham (Worker), Oisin Nolan-Power (s/w Worker), Lindo Shinda (s/w Worker)","<p>Clear audio recorded from the third row; includes We Raise Our Cups and playout.</p><p><br> </p><p>Do not post on any platform (TikTok, Tumblr, YouTube, Reddit, etc.). Please list as bobbyskazoo’s master. Feel free to trade as normal; never to be gifted or sold.</p>","Band: Daniel Higham (Trombone), David Kadumukasa (Cello), Kit Massey (Violin sub), Paul Gregory (Drums sub), Nic Breakspear (Bass sub), David Delarre (Guitar), Tarek Merchant (Keys)",,,NFS,"Never Gift",Unrestricted,Bootleg,"M4A (untracked) - 415.9 MB","M4A - 415 MB (untracked)",,"Full Show","Lyric Theatre","London, United Kingdom",2026-07-24,https://encora.it/recordings/2035560/
Audio,Hadestown,Broadway,2026-06-07,Matinee,PTSnucka,"Jeffrey Cornelius (t/r Orpheus), Jordan Tyson (Eurydice), Gaby Moreno (Persephone), Gary Dourdan (Hades), J. Harrison Ghee (Hermes), Jewelle Blackman (Fate), KC Dela Cruz (u/s Fate), Tara Jackson (u/s Fate), Malcolm Armwood (Worker), Sojourner Brown (Worker), Tanner Ray Wilson (s/w Worker), Sydney Parra (Worker), Max Kumangai (s/w Worker)","Decent audio recorded from front orchestra but off to the side and close to a speaker. Some more editing than usual to limit/normalize loudness and help with muddiness but recording suffers a bit at some louder parts.",,,,NFS,"Gift at your Discretion",Unrestricted,Bootleg,"M4A (untracked) - 154.6 MB","M4A - 154.6 MB (untracked)",,"Full Show","Walter Kerr Theatre","New York, NY",2026-07-13,https://encora.it/recordings/2034107/
Video,Hadestown,Broadway,2024-05-24,Evening,bikinibottomday,"Sayo Oni (u/s Orpheus), Isa Briones (Eurydice), Ani DiFranco (Persephone), Phillip Boykin (Hades), Jon Jon Briones (Hermes), Kay Trinidad (Fate), Jessie Shelton (Fate), Brit West (Fate), Yael ""YaYa"" Reich (s/w Worker), Malcolm Armwood (Worker), Tanner Ray Wilson (s/w Worker), Max Kumangai (s/w Worker), Grace Yoo (Worker)","<p>Excellent 4K capture of Sayo and Isa together! Some moments of wandering and unfocusing. One head visible at the bottom but shouldn’t block anything. Includes curtain call and “We Raise Our Cups,” audio fed from external source.</p>",,2024-12-17,,,"Never Gift",Unrestricted,Bootleg,"4K MP4 (9.67 GB)","4K MP4 - 9.67 GB",,"Full Show","Walter Kerr Theatre","New York, NY",2026-07-12,https://encora.it/recordings/2001361/
Video,Hadestown,Broadway,2024-06-23,Matinee,shesmydoctor,"Jordan Fisher (Orpheus), Isa Briones (Eurydice), Ani DiFranco (Persephone), Phillip Boykin (Hades), Jon Jon Briones (Hermes), Grace Yoo (u/s Fate), Kay Trinidad (Fate), Brit West (Fate), Malcolm Armwood (Worker), Chibueze Ihuoma (Worker), Alex Puette (Worker), Alex Lugo (Worker), Sojourner Brown (s/w Worker)","Gorgeous orchestra shot with a mix of closeups and wide shots with some very minor obstruction at the bottom of the screen. This was Isa and Jordan’s last show together and they both gave phenomenal performances. NFT until February 8, 2025.",,2025-02-08,,,"Never Gift",Unrestricted,Bootleg," MP4 (HD) - 8.03 GB","MP4 - 8.03 GB (2 files)",,"Full Show","Walter Kerr Theatre","New York, NY",2026-07-12,https://encora.it/recordings/2003851/
Audio,Hadestown,Broadway,2024-06-29,Evening,yourlocaltrader,"Chibueze Ihuoma (u/s Orpheus), Isa Briones (Eurydice), Ani DiFranco (Persephone), Phillip Boykin (Hades), Jon Jon Briones (Hermes), Belén Moyano (Fate), Alex Lugo (u/s Fate), Brit West (Fate), Emily Afton (Worker), Malcolm Armwood (Worker), Max Kumangai (s/w Worker), Alex Puette (Worker), Grace Yoo (Worker)","Jon Jon, Isa, and Ani’s penultimate performance. 
",,,,,"Gift at your Discretion",Unrestricted,Bootleg,,"M4A - 61.7 GB (untracked)",,"Full Show","Walter Kerr Theatre","New York, NY",2026-07-26,https://encora.it/recordings/2003341/
Video,Hadestown,Broadway,"2024-05-×× (2)",Unknown,catherinewasamassivec,"Jordan Fisher (Orpheus), Isa Briones (Eurydice), Ani DiFranco (Persephone), Phillip Boykin (Hades), Jon Jon Briones (Hermes), Jessie Shelton (Fate), Yael ""YaYa"" Reich (u/s Fate), Brit West (Fate), Emily Afton (Worker), Malcolm Armwood (Worker), Sayo Oni (Worker), Alex Puette (Worker), Grace Yoo (Worker)","Filmed between heads, but worked around them pretty well, with plenty of close-ups.","The watermarked version is the only circulating copy as of now.
7/28/25 - the non-watermarked version now exists. Ask the trader which version they have.",2025-04-18,,,"Never Gift",Unrestricted,Bootleg,,"MP4 - 6.38 GB",,"Full Show","Walter Kerr Theatre","New York, NY",2026-07-12,https://encora.it/recordings/2004923/
Video,Hadestown,Broadway,"2024-06-×× (2)",Unknown,catherinewasamassivec,"Jordan Fisher (Orpheus), Isa Briones (Eurydice), Tara Jackson (u/s Persephone), Phillip Boykin (Hades), Jon Jon Briones (Hermes), Jessie Shelton (Fate), Kay Trinidad (Fate), Brit West (Fate), Emily Afton (Worker), Malcolm Armwood (Worker), Chibueze Ihuoma (Worker), Alex Puette (Worker), Grace Yoo (Worker)","Filmed between heads, often obstructed, but worth it especially for Isa, Jon Jon, and Tara. Fun fact: the arm reaching in frame at 32:28 is Eva Noblezada cheering.","The watermarked version is the only circulating copy as of now. 
7/28/25 - the non-watermarked version now exists. Ask the trader which version they have. ",2025-04-18,,,"Never Gift",Unrestricted,Bootleg,,"MP4 - 6.44 GB",,"Full Show","Walter Kerr Theatre","New York, NY",2026-07-22,https://encora.it/recordings/2004924/
Audio,Hadestown,Broadway,2025-10-18,Evening,pancakehaus,"Jack Wolfe (Orpheus), Morgan Dudley (Eurydice), Rebecca Naomi Jones (Persephone), Paulo Szot (Hades), Kurt Elling (Hermes), KC Dela Cruz (u/s Fate), Alex Lugo (u/s Fate), Marla Louissaint (Fate), Emily Afton (Worker), Tanner Ray Wilson (s/w Worker), Jeffrey Cornelius (Worker), Sydney Parra (Worker), Alex Puette (Worker)","Tracked and untracked audio. Includes audio of Cups. I was very close to a speaker, and so this audio is very bass heavy. There is some very prominent peaking and distortion during loud moments. Volume warnings for Chant (after 'song of their love'), When the Chips are Down (after 'knife in the back'), and Chant Reprise (during Hades's counting).",,,,,"Gift at your Discretion",Unrestricted,Bootleg,"MP3 (tracked/untracked)","MP3 - 159 MB (tracked audio only)",,"Full Show","Walter Kerr Theatre","New York, NY",2026-07-26,https://encora.it/recordings/2023000/
Audio,Hadestown,Broadway,2024-06-30,Matinee,SadLittleBikeRack,"Jordan Fisher (Orpheus), Isa Briones (Eurydice), Ani DiFranco (Persephone), Phillip Boykin (Hades), Jon Jon Briones (Hermes), Belén Moyano (Fate), Alex Lugo (u/s Fate), Brit West (Fate), Emily Afton (Worker), Malcolm Armwood (Worker), Chibueze Ihuoma (Worker), Alex Puette (Worker), Grace Yoo (Worker)","Jon Jon, Isa, and Ani’s final performance! Recorded close to stage. Incredible energy in the theatre, lots of cheering! Jon Jon and Isa get emotional near the end and start audibly crying during Road To Hell (reprise). Includes speeches by Phillip Boykin and Jordan Fisher. (Spoiler alert: They cry too)","Band: Brian Drye (Trombone), Terrence Thornhill (Cello sub), Dana Lyn (Violin), Eladio Rojas (Drums sub), Robinson Morse (Bass), Illusha Tsinadze (Guitar), Cody Owen Stine (Keys sub)",,,NFS,"Never Gift",Unrestricted,Bootleg,"M4A (untracked) - 142.79 MB","M4A - 142 MB (untracked)",,"Full Show","Walter Kerr Theatre","New York, NY",2026-08-10,https://encora.it/recordings/2001541/
Video,Hadestown,"Second US National Tour (Non-Equity)",2024-10-21,Evening,"Medium Observation","Bryan Munar (Orpheus), Megan Colton (Eurydice), Namisa Mdlalose Bizana (Persephone), Nickolaus Colón (Hades), Jaylon Crump (Hermes), Julia Schick (u/s Fate), Miriam Navarrete (Fate), Katelyn Crall (Fate), Randy Cain (Worker), Miracle Myles (Worker), Kaitlyn O'Leary (Worker), Mikaela Rada (Worker), Joe Rumi (Worker)","Perfect capture of this incredible new tour! Lots of nice closeups and lots of wideshots to show the new staging and lighting! Sometimes the right side of the stage gets covered with lights and can obstruct faces but its always minuscule. Some washout, shakiness and readjusting throughout.",,2025-05-01,,,"Never Gift",Unrestricted,Bootleg,,"MP4 - 10.3 GB",,"Full Show","Marathon Center for the Performing Arts","Findlay, OH",2026-07-24,https://encora.it/recordings/2005978/
Video,Hadestown,"Australian Tour",2025-03-25,Evening,onesmallstar,"Noah Mullins (Orpheus), Abigail Adriano (Eurydice), Elenoa Rokobaro (Persephone), Adrian Tamburini (Hades), Iosefa Laga'aia (u/s Hermes), Sarah Murr (Fate), Jennifer Trijo (Fate), Imani Williams (Fate), Eliza Soriano (Worker), Afua Adjei (Worker), Sam Richardson (Worker), Joshua Kobeck (s/w Worker), Devon Braithwaite (Worker)","Excellent capture of Iosefa’s Hermes debut. Unobstructed with plenty of focus on him.","Band: James Greening (Trombone), ? (Cello sub), Kieran Ledwidge (Violin), Glenn Wilson (Drums), Dominic Cabusi (Bass), Seb Bartels (Guitar), Laura Tipoki (Keys)",2025-10-03,,,"Never Gift",Unrestricted,Bootleg,"MP4 (3840x2160, HEVC) - 2 files, 10.7 GB","MP4 - 10.7 GB",,"Full Show","Theatre Royal [Sydney]","Sydney, Australia",2026-08-05,https://encora.it/recordings/2017708/
Audio,Hadestown,Broadway,2024-06-23,Matinee,Nachtvögel,"Jordan Fisher (Orpheus), Isa Briones (Eurydice), Ani DiFranco (Persephone), Phillip Boykin (Hades), Jon Jon Briones (Hermes), Grace Yoo (u/s Fate), Kay Trinidad (Fate), Brit West (Fate)",,"Including a few video highlights (both Wait For Me + some random parts in the middle) with limited view.",,,NFS,"Gift at your Discretion",Unrestricted,Bootleg,,"MP3 - 341 MB (untracked)",,"Full Show","Walter Kerr Theatre","New York, NY",2026-07-26,https://encora.it/recordings/2001344/
Audio,Hadestown,Broadway,2024-05-29,Evening,"Medium Observation","Jordan Fisher (Orpheus), Isa Briones (Eurydice), Ani DiFranco (Persephone), Phillip Boykin (Hades), Jon Jon Briones (Hermes), Jessie Shelton (Fate), Kay Trinidad (Fate), Brit West (Fate), Malcolm Armwood (Worker), Sayo Oni (Worker), Emily Afton (Worker), Alex Puette (Worker), Grace Yoo (Worker)",,,,,,"Gift at your Discretion",Unrestricted,Bootleg,,"M4A - 242 MB (untracked)",,"Full Show","Walter Kerr Theatre","New York, NY",2026-07-26,https://encora.it/recordings/2001325/
Video,Hadestown,Broadway,2024-05-29,Evening,"Medium Observation","Jordan Fisher (Orpheus), Isa Briones (Eurydice), Ani DiFranco (Persephone), Phillip Boykin (Hades), Jon Jon Briones (Hermes), Jessie Shelton (Fate), Kay Trinidad (Fate), Brit West (Fate), Malcolm Armwood (Worker), Sayo Oni (Worker), Emily Afton (Worker), Alex Puette (Worker), Grace Yoo (Worker)","<p>Near perfect capture of this incredible cast. there is a brief 30 second blackout at the end of road to hell. some readjusting and shakiness is seen throughout. includes we raise our cups.</p>",,2024-12-01,,,"Gift at your Discretion",Unrestricted,Bootleg,,"MP4 - 10.27 GB",,"Full Show","Walter Kerr Theatre","New York, NY",2026-07-12,https://encora.it/recordings/2000492/
Audio,Hadestown,Broadway,2024-05-15,Evening,catherinewasamassivec,"Jordan Fisher (Orpheus), Isa Briones (Eurydice), Ani DiFranco (Persephone), Phillip Boykin (Hades), Jon Jon Briones (Hermes), Jessie Shelton (Fate), Brit West (Fate), Yael ""YaYa"" Reich (u/s Fate), Emily Afton (Worker), Malcolm Armwood (Worker), Sayo Oni (Worker), Alex Puette (Worker), Grace Yoo (Worker)","<p>Jon Jon Hermes changed my life. Isa Eurydice ILU. Jordan is great too, but I could do without his fangirls behind me chirping loudly throughout the show.</p>",,,,NFS,"Gift at your Discretion",Unrestricted,Bootleg,,"M4A - 60 MB (untracked)",,"Full Show","Walter Kerr Theatre","New York, NY",2026-08-10,https://encora.it/recordings/2000032/
Video,Hadestown,Broadway,2023-05-18,Evening,bikinibottomday,"Brandon Cameron (u/s Orpheus), Grace Yoo (u/s Eurydice), Jewelle Blackman (Persephone), Tom Hewitt (Hades), Lillias White (Hermes), Amelia Cormack (Fate), Lindsey Hailes (Fate), Brit West (Fate), Emily Afton (Worker), Malcolm Armwood (Worker), Tanner Ray Wilson (s/w Worker), John Krause (Worker), Sojourner Brown (s/w Worker)",,"Excellent 4K capture of Grace and Brandon's first time performing together as the leads! During Any Way The Wind Blows, there's a 20 second blackout. There's a head consistently visible at the bottom, but it never blocks anything. Minimal wandering and unfocusing throughout the video. Includes audio of curtain call and We Raise Our Cups, audio is fed from external source.",2024-10-17,,,"Never Gift",Unrestricted,Bootleg,"MP4 (4K) - 9.43 GB","MP4 - 9.4 GB",,"Full Show","Walter Kerr Theatre","New York, NY",2026-07-27,https://encora.it/recordings/1157469/
Video,Hadestown,"West End","2024-03-×× (2)",Unknown,Lasagna,"Dónal Finn (Orpheus), Madeline Charlemagne (u/s Eurydice), Lauren Azania (u/s Persephone), Zachary James (Hades), Melanie La Barrie (Hermes), Bella Brown (Fate), Miriam Nyarko (u/s Fate), Allie Daniel (Fate), Beth Hinton-Lever (Worker), Ryesha Higgs (s/w Worker), Tiago Dhondt Bamberger (Worker), Waylon Jacobs (Worker), Winny Herbert (s/w Worker)",,"Nice capture of Madeline and Lauren as Eurydice and Persephone! Shot around heads, a few very brief dropouts for safety and a little wandery at times.",2025-07-29,,,"Gift at your Discretion",Unrestricted,Bootleg,"MP4 (4K)","MP4 - 9.30 GB",,"Full Show","Lyric Theatre","London, United Kingdom",2026-07-20,https://encora.it/recordings/1156593/
Audio,Hadestown,Broadway,2026-01-06,Evening,Unknown,"Jack Wolfe (Orpheus), Morgan Dudley (Eurydice), Allison Russell (Persephone), Paulo Szot (Hades), Kurt Elling (Hermes), Jessie Shelton (Fate), Kay Trinidad (Fate), Brit West (t/r Fate), Sydney Parra (Worker), Malcolm Armwood (Worker), Jeffrey Cornelius (Worker), Emily Afton (Worker), Alex Puette (Worker)",,"Trade only. Do NOT trade on social media (Twitter/TikTok/Reddit).",,,,"Never Gift",Unrestricted,Bootleg,"M4A (untracked)","M4A - 57.5 MB (untracked)",,"Full Show","Walter Kerr Theatre","New York, NY",2026-07-29,https://encora.it/recordings/2027015/
Video,Hadestown,Broadway,2025-09-××,Unknown,StarCuffedJeans,"Jack Wolfe (Orpheus), Morgan Dudley (Eurydice), Rebecca Naomi Jones (Persephone), Paulo Szot (Hades), Kurt Elling (Hermes), Jessie Shelton (Fate), Kay Trinidad (Fate), Shea Renne (t/r Fate), Emily Afton (Worker), Malcolm Armwood (Worker), Jeffrey Cornelius (Worker), Sydney Parra (Worker), Alex Puette (Worker)",,,2026-07-01,,,"Never Gift",Unrestricted,Bootleg,"MP4 (HD) - 5.92 GB","MP4 (HD) - 5.92 GB",,"Full Show","Walter Kerr Theatre","New York, NY",2026-07-12,https://encora.it/recordings/2027323/
Audio,Hadestown,Broadway,2024-03-24,Matinee,ColorAndLight,"Jordan Fisher (Orpheus), Isa Briones (Eurydice), Ani DiFranco (Persephone), Phillip Boykin (Hades), Jon Jon Briones (Hermes), Belén Moyano (Fate), Kay Trinidad (Fate), Brit West (Fate), Emily Afton (Worker), Malcolm Armwood (Worker), Chibueze Ihuoma (Worker), Alex Puette (Worker), Grace Yoo (Worker)",,"Act one recorded from standing room, act 2 recorded from front orchestra. Act 2 is split into 2 parts and is missing about 10-15 seconds in Chant II when an alarm on my phone went off and stopped the recording. Includes We Raise Our Cups and the Broadway Cares speech from Jordan and Isa.",,,,"Gift at your Discretion",Unrestricted,Bootleg,,"M4A - 62.5 MB (untracked)",,"Full Show","Walter Kerr Theatre","New York, NY",2026-07-26,https://encora.it/recordings/1156494/
Video,Hadestown,Broadway,2024-02-09,Evening,bikinibottomday,"Jordan Fisher (Orpheus), Lola Tung (Eurydice), Ani DiFranco (Persephone), Phillip Boykin (Hades), Lillias White (Hermes), Belén Moyano (Fate), Kay Trinidad (Fate), Brit West (Fate), Emily Afton (Worker), Malcolm Armwood (Worker), Chibueze Ihuoma (Worker), Alex Puette (Worker), Grace Yoo (Worker)",,"Excellent 4K capture of Lola and Ani's debuts! Minor head obstruction at the bottom and some occasional brief additional obstruction. Some wandering/readjustment and unfocusing throughout. Includes curtain call and We Raise Our Cups, audio fed from external source.",2024-08-17,,,"Never Gift",Unrestricted,Bootleg,"MP4 (4K) - 9.9 GB","MKV - 9.91 GB",,"Full Show","Walter Kerr Theatre","New York, NY",2026-07-12,https://encora.it/recordings/1155333/
Video,Hadestown,Broadway,2023-08-××,Unknown,juniper47,"Chibueze Ihuoma (u/s Orpheus), Alex Lugo (u/s Eurydice), Jewelle Blackman (Persephone), Tom Hewitt (Hades), Lillias White (Hermes), Tara Jackson (u/s Fate), Lindsey Hailes (Fate), Brit West (Fate), Emily Afton (Worker), Malcolm Armwood (Worker), Brandon Cameron (s/w Worker), Grace Yoo (Worker), Tanner Ray Wilson (s/w Worker)",,"Filmed in 4K, released in 1080p and 4K. Filmed using alternative method, so a tiny bit of delay in framing to follow action here and there, but video has also been edited to crop/zoom to better focus on performers. A few short drop-outs due to latecomers or usher movement. Great energy from audience, many of whom were there to see Chibueze and/or Alex make their principal role debuts on Broadway, and they were FANTASTIC.",2024-08-28,,NFS,"Gift at your Discretion",Unrestricted,Bootleg,"MP4 (HD) and MP4 (4K)","MP4 - 19.5 GB",,"Full Show","Walter Kerr Theatre","New York, NY",2026-07-12,https://encora.it/recordings/1153000/
Audio,Hadestown,Broadway,2024-04-16,Evening,bobbyskazoo,"Brandon Cameron (u/s Orpheus), Isa Briones (Eurydice), Ani DiFranco (Persephone), Phillip Boykin (Hades), Jon Jon Briones (Hermes), Tara Jackson (u/s Fate), Kay Trinidad (Fate), Brit West (Fate), Emily Afton (Worker), Malcolm Armwood (Worker), Sayo Oni (Worker), Alex Puette (Worker), Grace Yoo (Worker)","<p>5th anniversary performance! Recorded from mid-orchestra. The person next to me loved their snacks and rustling in their purse - you’d think my phone was in their bag how loud it is sometimes, so sorry about that. Includes We Raise Our Cups and playout music.</p><p><br></p><p>Do not post on any platform (TikTok, Tumblr, YouTube, Reddit etc.). Please list as bobbyskazoo’s master. Feel free to trade as normal; never to be gifted or sold.</p>",,,,NFS,"Never Gift",Unrestricted,Bootleg,"M4A (untracked) - 357.1 MB","M4A - 357 MB (untracked)",,"Full Show","Walter Kerr Theatre","New York, NY",2026-08-07,https://encora.it/recordings/2009193/
Video,Hadestown,Broadway,2024-12-03,Evening,bikinibottomday,"Timothy H. Lee (u/s Orpheus), Maia Reficco (Eurydice), Allison Russell (Persephone), Phillip Boykin (Hades), Malcolm Armwood (u/s Hermes), Shea Renne (Fate), Jessie Shelton (t/r Fate), Brit West (Fate), Emily Afton (Worker), Tanner Ray Wilson (s/w Worker), Brandon Cameron (s/w Worker), Alex Puette (Worker), Yael ""YaYa"" Reich (s/w Worker), Grace Yoo (Worker)","Excellent 4K capture of Tim’s debut as Orpheus! YaYa swung on for Alex as a worker during intermission. Some wandering and unfocusing throughout. Includes curtain call and “We Raise Our Cups,” audio fed from external source.",,2025-08-02,,,"Never Gift",Unrestricted,Bootleg,"4K MP4 (9.37GB)","MP4 - 9.37 GB",,"Full Show","Walter Kerr Theatre","New York, NY",2026-07-14,https://encora.it/recordings/2010216/
Video,Hadestown,"West End",2025-01-××,Unknown,hitmewithyourbethshot,"Dylan Wood (Orpheus), Bella Brown (u/s Eurydice), Rachel Tucker (Persephone), Trevor Dion Nicholas (Hades), Melanie La Barrie (Hermes)","MTS, shot around heads, includes We Raise Our Cups (MOV)",,2025-07-27,,,"Gift at your Discretion",Unrestricted,Bootleg,MTS,"MTS - 11.5 GB",,"Full Show","Lyric Theatre","London, United Kingdom",2026-07-26,https://encora.it/recordings/2010759/
Video,Hadestown,Broadway,2025-03-05,Matinee,bikinibottomday,"Carlos Valdes (Orpheus), Hailey Kilgore (Eurydice), Merle Dandridge (Persephone), Tom Hewitt (Hades), Daniel Breaker (Hermes), Jessie Shelton (Fate), Kay Trinidad (Fate), Brit West (Fate), Emily Afton (Worker), Malcolm Armwood (Worker), Grace Yoo (Worker), Timothy H. Lee (Worker), Alex Puette (Worker)","Great 4K capture of the new cast! Head obstruction on the right that blocks off some action, but mostly worked around well. Increased wandering and unfocusing throughout, especially at the beginning. Includes curtain call and “We Raise Our Cups,” audio fed from external source.",,2025-09-02,,,"Never Gift",Unrestricted,Bootleg,"4K MP4 (9.56GB)","MP4 - 9.56 GB",,"Full Show","Walter Kerr Theatre","New York, NY",2026-07-14,https://encora.it/recordings/2011130/
Video,Hadestown,"Australian Tour",2025-02-××,Evening,onesmallstar,"Noah Mullins (Orpheus), Abigail Adriano (Eurydice), Sarah Murr (u/s Persephone), Adrian Tamburini (Hades), Christine Anu (Hermes), Molly Bugeja (u/s Fate), Jennifer Trijo (Fate), Imani Williams (Fate), Eliza Soriano (Worker), Afua Adjei (Worker), Sam Richardson (Worker), Iosefa Laga'aia (Worker), Devon Braithwaite (Worker)","Great capture; a head at the bottom is in view but doesn’t really obstruct. Occasional appearance of a head on the left that causes a bit of obstruction; there is a speaker positioned in front of the upper balcony that sometimes blocks the head of actors. Brief dropouts throughout totalling ~35s.",,2025-09-03,,,"Gift at your Discretion",Unrestricted,Bootleg,"4K MP4 (3840x2160) - 2 files, 10.3 GB","MP4 - 10.3 GB",,"Full Show",,,2026-07-12,https://encora.it/recordings/2011454/
Video,Hadestown,Broadway,2025-02-××,Unknown,"The Riddle","Carlos Valdes (Orpheus), Hailey Kilgore (Eurydice), Allison Russell (Persephone), Tom Hewitt (Hades), Lillias White (Hermes), Grace Yoo (u/s Fate), Kay Trinidad (Fate), Brit West (Fate), Emily Afton (Worker), Malcolm Armwood (Worker), Timothy H. Lee (Worker), Alex Puette (Worker), KC Dela Cruz (s/w Worker)","Excellent 4k capture of Allison and Lillias’s final performance with the company.  Allison is in frame whenever possible, with a slight focus on her at times - I was a bit of a lesbian mess this performance and it shows.  She truly gave it her everything, and her Persephone will always be so special to me.  Heads sometimes show up on the bottom of the picture but don’t obstruct anything.  General warning for intense strobing lights, timestamp: 1:25:16-1:25:28.  Includes (a deeply emotional) We Raise Our Cups and Lillias’s goodbye speech.",,2025-10-05,,,"Never Gift",Unrestricted,Bootleg,,"MP4 - 10.7 GB","ALLISON RUSSELL THE WOMAN YOU ARE","Full Show","Walter Kerr Theatre","New York, NY",2026-08-04,https://encora.it/recordings/2011583/
Video,Hadestown,"West End","2025-02-×× (2)",Unknown,Lasagna,"Reeve Carney (Orpheus), Eva Noblezada (Eurydice), Amber Gray (Persephone), Phillip Boykin (t/r Hades), André De Shields (Hermes), Bella Brown (Fate), Madeline Charlemagne (Fate), Allie Daniel (Fate), Lucinda Buckley (s/w Worker)","Excellent capture of the first show back for the Broadway cast! Shot over heads which block the very front of the stage at times, some brief dropouts including parts of WWBTW and WFM II",,2025-07-29,,,"Never Gift",Unrestricted,Bootleg,,"MP4 - 9.58 GB",,"Full Show","Lyric Theatre","London, United Kingdom",2026-08-07,https://encora.it/recordings/2011646/
Video,Hadestown,"West End","2025-02-×× (3)",Unknown,Lasagna,"Reeve Carney (Orpheus), Eva Noblezada (Eurydice), Amber Gray (Persephone), Patrick Page (Hades), André De Shields (Hermes), Bella Brown (Fate), Madeline Charlemagne (Fate), Allie Daniel (Fate), Ryesha Higgs (s/w Worker)","Good capture of Patrick's return as Hades! Cameras occasionally visible due to proshot filming. Some difficult obstruction towards the start which gradually lessens.
Brief dropouts including parts of Way Down Hadestown. Show stop in Epic Ill due to automation issues, there's a brief pause while they reset back to the start of the song",,2025-07-29,,,"Never Gift",Unrestricted,Bootleg,,"MP4 - 10.2 GB",,"Full Show","Lyric Theatre","London, United Kingdom",2026-08-06,https://encora.it/recordings/2011647/
Video,Hadestown,"West End","2025-03-×× (1)",Unknown,Lasagna,"Reeve Carney (Orpheus), Eva Noblezada (Eurydice), Amber Gray (Persephone), Phillip Boykin (t/r Hades), André De Shields (Hermes), Bella Brown (Fate), Madeline Charlemagne (Fate), Allie Daniel (Fate), Lucinda Buckley (s/w Worker), Winny Herbert (s/w Worker)","Lovely capture of the final show for the entire cast! Shot around heads and is pretty zoom-heavy as a result (including some just for fun)",,2025-07-29,,,"Never Gift",Unrestricted,Bootleg,,"MP4 - 10.2 GB",,"Full Show","Lyric Theatre","London, United Kingdom",2026-08-07,https://encora.it/recordings/2011648/
Video,Hadestown,"West End","2025-03-×× (2)",Unknown,Lasagna,"Oisin Nolan-Power (u/s Orpheus), Desmonda Cathabel (Eurydice), Victoria Hamilton-Barritt (Persephone), Chris Jarman (Hades), Cedric Neal (Hermes), Melanie Bright (Fate), Allie Daniel (Fate), Lauran Rae (Fate)","Great capture of Oisin's last minute debut as Orpheus! Shot over an annoying head so focus is on Oisin wherever possible. Missing the end of Road To Hell/start of Any Way The Wind Blows due to a camera glitch.",,2025-07-29,,,"Never Gift",Unrestricted,Bootleg,,"MP4 - 9.16 GB",,"Full Show","Lyric Theatre","London, United Kingdom",2026-07-12,https://encora.it/recordings/2011649/
Video,Hadestown,"West End","2025-03-×× (3)",Unknown,Lasagna,"Dylan Wood (Orpheus), Desmonda Cathabel (Eurydice), Victoria Hamilton-Barritt (Persephone), Chris Jarman (Hades), Cedric Neal (Hermes), Melanie Bright (Fate), Lauran Rae (Fate), Allie Daniel (Fate)","Incredible unobstructed capture of the new cast! A couple brief dropouts and misses about a minute from Way Down Hadestown (Reprise) due to camera glitch.",,2025-07-29,,,"Never Gift",Unrestricted,Bootleg,,"MP4 - 9.32 GB",,"Full Show","Lyric Theatre","London, United Kingdom",2026-07-26,https://encora.it/recordings/2011650/
Video,Hadestown,"Second US National Tour (Non-Equity)",2025-03-××,Evening,"The Riddle","Miracle Myles (u/s Orpheus), Megan Colton (Eurydice), Namisa Mdlalose Bizana (Persephone), Nickolaus Colón (Hades), Randy Cain (u/s Hades/Worker), Jaylon Crump (Hermes), Alli Sutton (Fate), Katelyn Crall (Fate), Miriam Navarrete (Fate), Joe Rumi (Worker), Mikaela Rada (Worker), Kaitlyn O'Leary (Worker), Darius J. Manuel (s/w Worker), Julia Schick (s/w Worker)","Great 4k capture of this touring cast!  Filmed with a mix of mostly wides and mediums with a few close-ups.  After a slightly lengthy interval, it was announced that Randy Cain would be taking over as Hades and Darius Manuel would be swinging on as a worker.  Some slight graininess to the picture at times and the very far left of the stage is somewhat obstructed by the lighting rig, including the passage that acts as the entrance/exit to Hadestown.  Occasional wandering/readjusting throughout, but little obstruction except when the person in front of me fidgeted with their hair.  Slight amount of camera fog at the beginning, and there’s an extended dropout during Anyway the Wind Blows due to latecomers in my row.  General warning for intense strobing lights, timestamp: 1:22:58-1:23:10.  Sorry for crying like all throughout Road to Hell (Reprise) but Jaylon Hermes…they really got to me.  Includes We Raise Our Cups.",,2025-10-05,,,"Never Gift",Unrestricted,Bootleg,"MP4 (10.26 GB, 4K)","MP4 - 10.2 GB",,"Full Show",,,2026-07-18,https://encora.it/recordings/2011666/
Video,Hadestown,Broadway,"2025-01-×× (2)",Evening,"The Riddle","Carlos Valdes (Orpheus), Hailey Kilgore (Eurydice), Allison Russell (Persephone), Tom Hewitt (Hades), Lillias White (Hermes), Jessie Shelton (Fate), Kay Trinidad (Fate), Brit West (Fate), Emily Afton (Worker), Malcolm Armwood (Worker), Timothy H. Lee (Worker), Alex Puette (Worker), Grace Yoo (Worker)","Excellent 4k capture of Carlos’ and Hailey’s debuts and Tom’s and Kay’s returns!  One railing that is occasionally in frame but almost never obstructs action, and very minor instances of blind shooting due to usher activity (shoutout to the accidental Alex Puette fancam during part of Any Way the Wind Blows).  Carlos and Hailey give absolutely beautiful performances.",,2025-08-01,,,"Never Gift",Unrestricted,Bootleg,"MP4 (10.09 GB, 2160p)","MP4 - 10 GB",,"Full Show","Walter Kerr Theatre","New York, NY",2026-08-03,https://encora.it/recordings/2009480/
Video,Hadestown,"Second US National Tour (Non-Equity)",2024-10-22,Evening,"Medium Observation","Bryan Munar (Orpheus), Julia Schick (u/s Eurydice), Namisa Mdlalose Bizana (Persephone), Randy Cain (u/s Hades), Jaylon Crump (Hermes), Miriam Navarrete (Fate), Katelyn Crall (Fate), Michelle E. Carter (u/s Fate), Jamir Brown (s/w Worker), Miracle Myles (Worker), Kaitlyn O'Leary (Worker), Mikaela Rada (Worker), Joe Rumi (Worker)","Fantastic capture of Julia, Randy and Michelle's Debut's as Eurydice, Hades and Fate respectively. Due to how far away i was the video is slightly grainy at max zoom. Wideshot to show new tour differences and zooms to highlight the debuts. Some washout, shakiness and readjusting throughout.",,2025-05-01,,,"Never Gift",Unrestricted,Bootleg,,"MP4 - 10.1 GB",,"Full Show","Emens Auditorium","Muncie, IN",2026-08-02,https://encora.it/recordings/2005979/
Audio,Hadestown,Broadway,2024-06-29,Evening,bobbyskazoo,"Chibueze Ihuoma (u/s Orpheus), Isa Briones (Eurydice), Ani DiFranco (Persephone), Phillip Boykin (Hades), Jon Jon Briones (Hermes), Alex Lugo (u/s Fate), Belén Moyano (Fate), Brit West (Fate), Emily Afton (Worker), Malcolm Armwood (Worker), Max Kumangai (s/w Worker), Alex Puette (Worker), Grace Yoo (Worker)","<p>Clear audio recorded from the rear orchestra.</p><p><br></p><p>Do not post on any platform (TikTok, Tumblr, YouTube, Reddit etc.). Please list as bobbyskazoo’s master. Feel free to trade as normal; never to be gifted or sold.</p>",,,,NFS,"Never Gift",Unrestricted,Bootleg,"M4A (untracked) - 378.2 MB","M4A  - 378 MB (untracked)",,"Full Show","Walter Kerr Theatre","New York, NY",2026-07-26,https://encora.it/recordings/2009173/
Video,Hadestown,Broadway,2024-10-××,Unknown,juniper47,"Jordan Fisher (Orpheus), Maia Reficco (Eurydice), Lana Gordon (Persephone), Phillip Boykin (Hades), Lillias White (Hermes), Belén Moyano (Fate), Brit West (Fate), Jessie Shelton (Fate), Emily Afton (Worker), Malcolm Armwood (Worker), Timothy H. Lee (Worker), Alex Puette (Worker), KC Dela Cruz (s/w Worker)","Filmed in 4K from orchestra. Beautiful capture of this wonderful cast combo. Very few obstructions. Dropouts only for applause, late-comers, and usher activity in the aisles. Does not include curtain call or We Raise Our Cups. 
NFT (NOT FOR TRADE) and sales only through master until August 28, 2025.",,2025-08-28,,NFS,"Never Gift",Unrestricted,Bootleg,"MP4 (4K)","MP4 - 9.99 GB",,"Full Show","Walter Kerr Theatre","New York, NY",2026-08-10,https://encora.it/recordings/2008366/
Video,Hadestown,Broadway,2024-11-××,Unknown,MTTZ,"Jordan Fisher (Orpheus), Maia Reficco (Eurydice), Allison Russell (Persephone), Phillip Boykin (Hades), Malcolm Armwood (u/s Hermes), Shea Renne (Fate), Jessie Shelton (Fate), Brit West (Fate), Brandon Cameron (s/w Worker), KC Dela Cruz (s/w Worker), Tanner Ray Wilson (s/w Worker), Emily Afton (Worker), Timothy H. Lee (Worker)","Excellent capture of this incredible show with Allison Russell joining the cast as Persephone. My first Broadway video! Shot around an annoying moving head that mostly obstructs the bottom left of the stage when present, but it's worked around well and is mostly unobtrustive as well as mostly going away in act 2. Shot in a great mix of wides, mediums, and close-ups. Some increased wandering, shaking, and re-adjusting throughout. Audio is patched in from an external source. Does not include Bows or We Raise Our Cups. Overall a wonderful capture that only gets messy when navigating head obstruction.",,2025-07-05,,,"Gift at your Discretion",Unrestricted,Bootleg,,"MP4 - 9.04 GB",,"Full Show","Walter Kerr Theatre","New York, NY",2026-07-12,https://encora.it/recordings/2007942/
Video,Hadestown,"Second US National Tour (Non-Equity)","2024-11-×× (1)",Unknown,MTTZ,"Bryan Munar (Orpheus), Megan Colton (Eurydice), Namisa Mdlalose Bizana (Persephone), Nickolaus Colón (Hades), Jaylon Crump (Hermes), Katelyn Crall (Fate), Miriam Navarrete (Fate), Erin McMillen (Fate), Randy Cain (Worker), Miracle Myles (Worker), Kaitlyn O'Leary (Worker), Mikaela Rada (Worker), Joe Rumi (Worker)",,"Excellent capture of this wonderful tour! Shot with alternate camera. Some wandering, shaking, and re-adjusting throughout, but mostly on applause breaks. Shot in a great mix of wides, mediums, and close-ups. Includes bows and We Raise Our Cups, though bows get obstructed near the end by a standing ovation. Sometimes shot at a slight tilt. Some washout on wide shots. Overall a fantastic capture of a show I’m never going to get tired of. 

Band: Haik Demirchian (Trombone), Freddy Renaud (Cello), Jessie Bittner (Violin), Michael Manasseh (Drums), Nya Holmes (Bass), Sam Wade (Guitar), Cole Abod (Keys)",2025-06-05,,,"Gift at your Discretion",Unrestricted,Bootleg,,"MP4 - 9.3 GB",,"Full Show",,,2026-08-11,https://encora.it/recordings/2007565/
Video,Hadestown,"Second US National Tour (Non-Equity)",2025-05-××,Unknown,"Medium Observation","José Contreras (Orpheus), Megan Colton (Eurydice), Namisa Mdlalose Bizana (Persephone), Nickolaus Colón (Hades), Jaylon Crump (Hermes), Miriam Navarrete (Fate), Alli Sutton (Fate), Katelyn Crall (Fate), Randy Cain (Worker), Miracle Myles (Worker), Kaitlyn O'Leary (Worker), Mikaela Rada (Worker), Joe Rumi (Worker)","Amazing capture of this casts last show together! Act 2 is missing all of flowers and come home with me reprise due to camera troubles (audio in place of video). NEVER list with full date even if it's obvious what date it is. Some washout, shakiness and readjusting throughout.",,2025-12-01,,,"Never Gift",Unrestricted,Bootleg,,"MP4 - 10.4 GB",,"Full Show",,,2026-07-12,https://encora.it/recordings/2015127/
Video,Hadestown,"Second US National Tour (Non-Equity)",2024-10-××,Unknown,MTTZ,"Bryan Munar (Orpheus), Megan Colton (Eurydice), Namisa Mdlalose Bizana (Persephone), Nickolaus Colón (Hades), Jaylon Crump (Hermes), Katelyn Crall (Fate), Miriam Navarrete (Fate), Erin McMillen (Fate), Randy Cain (Worker), Miracle Myles (Worker), Kaitlyn O'Leary (Worker), Mikaela Rada (Worker), Joe Rumi (Worker)","Great capture of this incredible tour! Shot in a great mix of wides, mediums, and close-ups. Some increased wandering, shaking, and re-adjusting throughout. A few brief dropouts in both acts. Audio is patched in from an external source. Does not include bows or We Raise Our Cups. This cast is so damn good. Overall a great capture of this ever excellent show. ",,2025-06-05,,,"Never Gift",Unrestricted,Bootleg,,"MP4 - 9.09 GB",,"Full Show",,,2026-08-16,https://encora.it/recordings/2007564/
Video,Hadestown,Broadway,2025-05-28,Matinee,bikinibottomday,"Ali Louis Bourzgui (Orpheus), Myra Molloy (Eurydice), Merle Dandridge (Persephone), Matthew Patrick Quinn (t/r Hades), Daniel Breaker (Hermes), Marla Louissaint (Fate), Jessie Shelton (Fate), Kay Trinidad (Fate), KC Dela Cruz (s/w Worker), Malcolm Armwood (Worker), Sydney Parra (Worker), Tanner Ray Wilson (s/w Worker), Chibueze Ihuoma (Worker)","Excellent 4K capture of the new cast with Matthew! Starts about 30 seconds into “Road To Hell.” About a minute long blackout afterward due to latecomers. Increased wandering / readjustment and unfocusing throughout. Includes curtain call and “We Raise Our Cups,” audio fed from external source.",,2025-12-17,,,"Never Gift",Unrestricted,Bootleg,"4K MP4 (9.53GB)","MP4 - 9.53 GB",,"Full Show","Walter Kerr Theatre","New York, NY",2026-07-12,https://encora.it/recordings/2016014/
Video,Hadestown,"West End",2025-05-××,Unknown,hitmewithyourbethshot,"Dylan Wood (Orpheus), Desmonda Cathabel (Eurydice), Victoria Hamilton-Barritt (Persephone), Chris Jarman (Hades), Allie Daniel (u/s Hermes), Melanie Bright (Fate), Lauran Rae (Fate), Lindo Shinda (u/s Fate)","Includes We Raise Our Cups (MOV)",,2025-11-21,,,"Gift at your Discretion",Unrestricted,Bootleg,MTS,"MTS - 11.60 GB",,"Full Show","Lyric Theatre","London, United Kingdom",2026-07-20,https://encora.it/recordings/2016029/
Audio,Hadestown,"Second US National Tour (Non-Equity)",2025-04-29,Evening,bobodoesbootlegs,"José Contreras (Orpheus), Megan Colton (Eurydice), Namisa Mdlalose Bizana (Persephone), Nickolaus Colón (Hades), Jaylon Crump (Hermes), Alli Sutton (Fate), Miriam Navarrete (Fate), Katelyn Crall (Fate), Miracle Myles (Worker), Randy Cain (Worker), Kaitlyn O'Leary (Worker), Mikaela Rada (Worker), Joe Rumi (Worker)","A clear and wonderful audio from the orchestra pit! This is a perfect audio, with some ooo's and ahh's from me and the audience at some points. All and all it's an 11/10 audio, and an 11/10 show.",,,,,"Gift On Request",Unrestricted,Bootleg,,"M4A - 63.8 MB (untracked)",,"Full Show","Gogue Performing Arts Center","Auburn, AL",2026-07-15,https://encora.it/recordings/2017520/
Video,Hadestown,"West End","2024-10-×× (2)",Unknown,Lasagna,"Dylan Wood (Orpheus), Bella Brown (u/s Eurydice), Lauren Azania (u/s Persephone), Trevor Dion Nicholas (Hades), Melanie La Barrie (Hermes), Lucinda Buckley (u/s Fate), Ryesha Higgs (u/s Fate), Winny Herbert (s/w Worker)","Solid capture of Bella as Eurydice! Not my most focused video, some obstruction and wandering throughout and a couple brief dropouts, made up for by her incredible performance.",,2025-07-29,,,"Never Gift",Unrestricted,Bootleg,"MP4 (4K)","MP4 - 9.03 GB",,"Full Show","Lyric Theatre","London, United Kingdom",2026-08-02,https://encora.it/recordings/2009857/
Video,Hadestown,Broadway,"2025-06-×× (1)",Unknown,juniper47,"Ali Louis Bourzgui (Orpheus), Myra Molloy (Eurydice), Merle Dandridge (Persephone), Matthew Patrick Quinn (t/r Hades), Daniel Breaker (Hermes), Marla Louissaint (Fate), Jessie Shelton (Fate), Kay Trinidad (Fate), Emily Afton (Worker), Malcolm Armwood (Worker), Tanner Ray Wilson (s/w Worker), Sydney Parra (Worker), Alex Puette (Worker)","Filmed in 4K from orchestra, no obstructions, drop-outs only for applause and late-comers. Mix of wide shots and zooms. Merle Dandridge and Matthew Patrick Quinn's final performance for their respective runs. Curtain call and We Raise Our Cups from friend's phone so it's a little blurry/grainy at times. 
NFT (NOT FOR TRADE) and sales only through master until March 28, 2026.",,2026-03-28,,NFS,"Never Gift",Unrestricted,Bootleg,"MP4 (4K) - 9.48 GB","MP4 - 9.48 GB",,"Full Show","Walter Kerr Theatre","New York, NY",2026-07-12,https://encora.it/recordings/2018045/
Video,Hadestown,Broadway,"2022-01-×× (1)",Unknown,StarCuffedJeans,"Jordan Dobson (t/r Orpheus), Jessie Shelton (u/s Eurydice), Lana Gordon (alt Persephone), Patrick Page (Hades), Trent Saunders (u/s Hermes), Yael ""YaYa"" Reich (u/s Fate), Kay Trinidad (Fate), Jewelle Blackman (Fate), Emily Afton (Worker), Malcolm Armwood (Worker), Timothy Hughes (Worker), Sayo Oni (s/w Worker), Khaila Wilcoxon (Worker)",,"i skipped survivor for this cast",2023-08-01,,,"Gift at your Discretion",Unrestricted,Bootleg,"MP4 (HD) - 5.8 GB","MP4 - 5.8 GB",,"Full Show","Walter Kerr Theatre","New York, NY",2026-08-19,https://encora.it/recordings/1138922/
Video,Hadestown,Broadway,2023-08-17,Evening,bikinibottomday,"Reeve Carney (Orpheus), Solea Pfeiffer (Eurydice), Jewelle Blackman (Persephone), Tom Hewitt (Hades), Malcolm Armwood (u/s Hermes), Brit West (Fate), Yael ""YaYa"" Reich (u/s Fate), Amelia Cormack (Fate), Emily Afton (Worker), Chibueze Ihuoma (s/w Worker), Alex Lugo (Worker), Eddie Noel Rodríguez (s/w Worker), Tanner Ray Wilson (s/w Worker)",,"Excellent 4K capture of Solea in her first week! One major head obstruction on the left that blocks a few bits of action, but the vast majority of the show is unaffected by it. Heads are also visible on the bottom and may block a bit of characters sitting/laying down. There is a brief set malfunction near the end of the show. Some wandering/readjustment and unfocusing throughout. Includes audio of curtain call and We Raise Our Cups, audio is fed from external source.",2024-01-17,,,"Never Gift",Unrestricted,Bootleg,"4K MP4 (9.49GB)","MP4 - 9.49 GB",,"Full Show","Walter Kerr Theatre","New York, NY",2026-08-22,https://encora.it/recordings/1147134/
Video,Hadestown,Broadway,2022-02-19,Evening,musain,"Reeve Carney (Orpheus), Eva Noblezada (Eurydice), Amber Gray (Persephone), Patrick Page (Hades), André De Shields (Hermes), Tara Jackson (u/s Fate), Jewelle Blackman (Fate), Kay Trinidad (Fate), Emily Afton (Worker), Malcolm Armwood (Worker), Timothy Hughes (Worker), Grace Yoo (Worker), Trent Saunders (Worker)",,"Amber Gray's final performance in Hadestown. Full show is filmed, including the standing ovation that Amber got before the performance even started, right up to the band exiting. Moderate obstruction from the box/bar, etc. Dropouts and shakiness during applause breaks, especially during all of the standing ovations that happened for Amber—what can I say? It was such an emotional night and I was more focused on being in the moment than getting a 4K video. However, what is captured is high quality, and is of a very memorable show. For transparency, some screenshots include the obstructed/less-than-HQ moments, so people know what they're purchasing/watching.

Band: Brian Drye (Trombone), Marika Hughes (Cello), Dana Lyn (Violin), Ben Perowsky (Drums), Robinson Morse (Bass), Ilusha Tsinadze (Guitar), Liam Robinson (Keys)",2022-07-10,,,"Gift at your Discretion",Unrestricted,Bootleg,MP4,"MP4 - 3.55 GB",,"Full Show","Walter Kerr Theatre","New York, NY",2026-07-20,https://encora.it/recordings/1122221/
Video,Hadestown,Broadway,2021-12-××,Unknown,StarCuffedJeans,"Trent Saunders (u/s Orpheus), Eva Noblezada (Eurydice), Amber Gray (Persephone), Patrick Page (Hades), André De Shields (Hermes), Khaila Wilcoxon (u/s Fate), Jessie Shelton (Fate), Mariand Torres (Fate), Timothy Hughes (Worker), Yael ""YaYa"" Reich (s/w Worker), Tara Jackson (s/w Worker), T. Oliver Reid (s/w Worker), Malcolm Armwood (Worker)",,,2023-01-01,,,"Gift at your Discretion",Unrestricted,Bootleg,"MP4 (HD) - 5.96 GB","MP4 - 5.96 GB",,"Full Show","Walter Kerr Theatre","New York, NY",2026-07-19,https://encora.it/recordings/1127487/
Video,Hadestown,Broadway,2023-10-××,Unknown,TheatreCouple14,"Reeve Carney (Orpheus), Solea Pfeiffer (Eurydice), Betty Who (Persephone), Phillip Boykin (Hades), Max Kumangai (u/s Hermes), Amelia Cormack (Fate), Lindsey Hailes (Fate), Tara Jackson (u/s Fate), Emily Afton (Worker), Malcolm Armwood (Worker), Alex Puette (Worker), Tanner Ray Wilson (s/w Worker), Grace Yoo (Worker)",,"Excellent wide-shot phone boot from the mid-orchestra. First minute and a half are overexposed, but it's fixed after a slight dropout. Zero obstruction except when a couple people walk out during Build The Wall. Doubt Comes In is mostly dark, that scene is always hard to capture cuz its so dark. Includes We Raise Our Cups.
Absolutely in love with this new cast. Amazing performances from all, but my favorite is definitely Phillip Boykin. He brings complete new life to Hades. Includes video, audio (tracked by Medium Observation and untracked), and cast board photo.",,,,"Gift at your Discretion",Unrestricted,Bootleg,,"MP4 - 9.28 GB (video only)",,"Full Show","Walter Kerr Theatre","New York, NY",2026-08-19,https://encora.it/recordings/1149422/
Video,Hadestown,Broadway,2023-11-24,Evening,bikinibottomday,"Jordan Fisher (Orpheus), Solea Pfeiffer (Eurydice), Betty Who (Persephone), Phillip Boykin (Hades), Malcolm Armwood (u/s Hermes), Belén Moyano (Fate), Tara Jackson (u/s Fate), Brit West (Fate), Alex Lugo (s/w Worker), Brandon Cameron (s/w Worker), Eddie Noel Rodríguez (s/w Worker), Tanner Ray Wilson (s/w Worker), Grace Yoo (Worker)",,"Excellent 4K capture of Jordan in his first week! Three short blackouts in Act One, after All I've Ever Known (30 seconds), in the middle of Hey Little Songbird (25 seconds), and the intro to Wait For Me (15 seconds). Occasional wandering/readjusting and unfocusing. Includes curtain call, We Raise Our Cups, and the post-show BC/EFA speech, audio fed from external source.",2024-05-17,,,"Never Gift",Unrestricted,Bootleg,"4K MP4 (9.83GB)","4K MP4 - 9.83GB",,"Full Show","Walter Kerr Theatre","New York, NY",2026-07-12,https://encora.it/recordings/1151337/
Video,Hadestown,Edmonton,2017-12-××,Unknown,Unknown,"Reeve Carney (Orpheus), TV Carpio (Eurydice), Amber Gray (Persephone), Patrick Page (Hades), Kingsley Leggs (Hermes), Kira Guloien (Fate), Evangelia Kambites (Fate), Jewelle Blackman (Fate)",,"The only known full video bootleg of Edmonton. Postmastered and distributed by musain, threadcutters, and BenTheChipsAreDown. Do not ask for master contact - without getting into too much info, the filmer ended up being a bigot and a creep to cast members, and although this video is not a leak and the distributors have permission to share, they all want to be careful and know who's getting it. Gift Upon Request to those who ask (via the distributors only), but please don't share the video or link in any public setting, and make edits/gifs at your own discretion.

Band: Audrey Ochoa (Trombone), Ian Woodman (Cello), Jim Cockell (Violin), Joel Jeschke (Drums), Aretha Tillotson (Bass), Jim Head (Guitar), Liam Robinson (Keys)",,NFTF,,"Gift at your Discretion",Unrestricted,Bootleg,,"MP4 - 3.88 GB",,"Full Show","Citadel Theatre","Edmonton, AB",2026-07-20,https://encora.it/recordings/1118559/
Video,Hadestown,"New York Theatre Workshop",2016-07-××,Unknown,Unknown,"Damon Daunno (Orpheus), Nabiyah Be (Eurydice), Amber Gray (Persephone), Patrick Page (Hades), Matthew Saldivar (u/s Hermes), Jessie Shelton (Fate), Lulu Fall (Fate), Erica Sweany (s/b Fate)",,"The only known full video bootleg of NYTW. Postmastered and distributed by musain, threadcutters, and BenTheChipsAreDown. Do not ask for master contact - without getting into too much info, the filmer ended up being a bigot and a creep to cast members, and although this video is not a leak and the distributors have permission to share, they all want to be careful and know who's getting it. Gift Upon Request to those who ask (via the distributors only), but please don't share the video or link in any public setting, and make edits/gifs at your own discretion.

Band: Tim Vaughn (Trombone sub), Clara Kennedy (Cello sub), Sam Bardfeld (Violin sub), Ben Perowsky (Drums), Robinson Morse (Bass), Michael Chorney (Guitar), Ted Baker (Keys sub)",,NFTF,,"Gift at your Discretion",Unrestricted,Bootleg,"MP4 720p - 3.59GB","MP4 - 3.59 GB",,"Full Show","New York Theatre Workshop","New York, NY",2026-07-20,https://encora.it/recordings/1118558/
Video,Hadestown,Broadway,2022-11-13,Evening,shesmydoctor,"Sayo Oni (u/s Orpheus), Grace Yoo (u/s Eurydice), Jewelle Blackman (Persephone), Patrick Page (Hades), Max Kumangai (u/s Hermes), Mariand Torres (Fate), Amelia Cormack (Fate), Soara-Joye Ross (Fate), Malcolm Armwood (Worker), Emily Afton (Worker), Alex Puette (Worker), Brandon Cameron (Worker), Tara Jackson (s/w Worker)",,"Near-perfect capture of some great understudies and swings taking over the show! Mix of close-ups, stage shots, and small group shots. Another master, Lasagna, also filmed this performance.",2023-05-08,,,"Gift at your Discretion",Unrestricted,Bootleg,"MP4 (HD) - 7.45 GB","MP4 - 7.45 GB",,"Full Show","Walter Kerr Theatre","New York, NY",2026-08-18,https://encora.it/recordings/1135357/
Video,Hadestown,"West End",2025-11-××,Unknown,hitmewithyourbethshot,"Sebastian Lim-Seet (u/s Orpheus), Desmonda Cathabel (Eurydice), Nicola Roberts (Persephone), Chris Jarman (Hades), Cedric Neal (Hermes), Melanie Bright (Fate), Lauran Rae (Fate), Lindo Shinda (u/s Fate)","Audio is fed from an external source, synced by LichtInDuizendvoud ",,2026-05-17,,,"Never Gift",Unrestricted,Bootleg,,"MP4 - 10.8 GB",,"Full Show","Lyric Theatre","London, United Kingdom",2026-07-26,https://encora.it/recordings/2025771/
Audio,Hadestown,Broadway,2026-02-04,Matinee,bobbyskazoo,"Jack Wolfe (Orpheus), Morgan Dudley (Eurydice), Allison Russell (Persephone), Paulo Szot (Hades), Max Kumangai (u/s Hermes), KC Dela Cruz (u/s Fate), Shea Renne (t/r Fate), Kay Trinidad (Fate), Emily Afton (Worker), Malcolm Armwood (Worker), Brandon Cameron (s/w Worker), Jeffrey Cornelius (Worker), Sydney Parra (Worker)","<p>Clear audio recorded on watch from front row center; includes We Raise Our Cups and playout.</p><p><br></p><p>Do not post on any platform (TikTok, Tumblr, YouTube, Reddit, etc.). Please list as bobbyskazoo’s master. Feel free to trade as normal; never to be gifted or sold.</p>","Band: Brian Drye (Trombone), Buffi Jacobs (Cello sub), Dana Lyn (Violin), Dan Rieser (Drums sub), Chris Tordini (Bass), Ilusha Tsinadze (Guitar), Dionne Hendricks (Keys sub)

KC covered Fate 1, Shea covered Fate 3, and Brandon covered Worker 5.",,,NFS,"Never Gift",Unrestricted,Bootleg,"M4A (untracked) - 59.8 MB","M4A - 59.7 MB (untracked)",,"Full Show","Walter Kerr Theatre","New York, NY",2026-08-05,https://encora.it/recordings/2028450/
Audio,Hadestown,Broadway,2025-12-17,Matinee,PTSnucka,"Jack Wolfe (Orpheus), Morgan Dudley (Eurydice), Allison Russell (Persephone), Alex Puette (u/s Hades), Kurt Elling (Hermes), Brit West (t/r Fate), Jessie Shelton (Fate), Kay Trinidad (Fate), Emily Afton (Worker), Malcolm Armwood (Worker), Jeffrey Cornelius (Worker), Sydney Parra (Worker), Tanner Ray Wilson (s/w Worker)","Clear audio recorded from front orchestra. Includes Cups minus a few seconds when I accidentally started recording video. Overall a solid audio with Alex on as Hades and Allison back as Persephone.",,,,NFS,"Gift On Request",Unrestricted,Bootleg,"M4A (untracked) - 153.7 MB","M4A - 153 MB (untracked)",,"Full Show","Walter Kerr Theatre","New York, NY",2026-07-28,https://encora.it/recordings/2026022/
Video,Hadestown,Broadway,2025-11-××,Unknown,MTTZ,"Jack Wolfe (Orpheus), Morgan Dudley (Eurydice), Rebecca Naomi Jones (Persephone), Paulo Szot (Hades), Kurt Elling (Hermes), Sydney Parra (u/s Fate), Kay Trinidad (Fate), Brit West (t/r Fate), Ayla Ciccone-Burton (s/w Worker), Malcolm Armwood (Worker), Jeffrey Cornelius (Worker), KC Dela Cruz (s/w Worker), Alex Puette (Worker)","Excellent capture of this stunning cast! Shot in a great mix of wides, mediums, and close-ups. Some wandering, shaking, and re-adjusting throughout, slightly increased in act 2. Some minor washout and focus issues. Audio is patched in from an external source. Does not include bows or Cups. Overall an incredible capture of this must-see cast. ","Due to excess leaks of this cast of Hadestown, this video is only available to purchase for vetted traders that have previously bought at least two videos from me, with at least one purchase being 3 months old, and with those videos never being leaked. This is non-negotiable. If you believe that you fit this description, email me to purchase.",2026-06-05,,,"Gift at your Discretion",Unrestricted,Bootleg,,"MP4 - 9.02GB",,"Full Show","Walter Kerr Theatre","New York, NY",2026-07-12,https://encora.it/recordings/2025583/
Audio,Hadestown,Broadway,2026-03-01,Matinee,TheTiniestLifeboat,"Jack Wolfe (Orpheus), Morgan Dudley (Eurydice), Allison Russell (Persephone), Paulo Szot (Hades), Kurt Elling (Hermes), Shea Renne (Fate), Jessie Shelton (Fate), Kay Trinidad (Fate), Emily Afton (Worker), Malcolm Armwood (Worker), Jeffrey Cornelius (Worker), Sydney Parra (Worker), Alex Puette (Worker)","Cast's final performance! My friend's audio. Clear.",,,,,"Gift at your Discretion",Unrestricted,Bootleg,"M4A (untracked) - 1.27 GB","M4A - 1.35 GB (untracked)",,"Full Show","Walter Kerr Theatre","New York, NY",2026-07-13,https://encora.it/recordings/2029595/
Audio,Hadestown,Broadway,2026-02-28,Evening,zuzu5678,"Jack Wolfe (Orpheus), Morgan Dudley (Eurydice), Tara Jackson (u/s Persephone), Paulo Szot (Hades), Kurt Elling (Hermes), Kay Trinidad (Fate), KC Dela Cruz (u/s Fate), Shea Renne (Fate), Emily Afton (Worker), Malcolm Armwood (Worker), Jeffrey Cornelius (Worker), Sydney Parra (Worker), Alex Puette (Worker)",,,,,,"Gift at your Discretion",Unrestricted,Bootleg,"M4A (untracked) - 63.9 MB","M4A - 63.8 GB (untracked)",,"Full Show","Walter Kerr Theatre","New York, NY",2026-07-28,https://encora.it/recordings/2029611/
Audio,Hadestown,Broadway,2026-03-01,Matinee,madeapactwithsatine,"Jack Wolfe (Orpheus), Morgan Dudley (Eurydice), Allison Russell (Persephone), Paulo Szot (Hades), Kurt Elling (Hermes), Shea Renne (Fate), Jessie Shelton (Fate), Kay Trinidad (Fate), Emily Afton (Worker), Malcolm Armwood (Worker), Jeffrey Cornelius (Worker), Sydney Parra (Worker), Alex Puette (Worker)","Last show for Jack, Morgan, Allison, Paulo, and Kurt.  I drop my phone at some point during act 1 without ever realizing it so a lot of act one is extremely bass heavy. Extremely excited but mostly respectful audience and some shuffling due to standing ovations and other various movements.  Includes tracked and untracked audio + video of bows, Kurt's speech, and We Raise Our Cups.  Never to be gifted, never to be posted publically anywhere. ",,,,NFS,"Never Gift",Unrestricted,Bootleg,"tracked + untracked m4a + mov (1.46 GB)","M4A - 236 MB (tracked), M4A - 237 MB (untracked) - 1.46 GB total",,"Full Show","Walter Kerr Theatre","New York, NY",2026-08-01,https://encora.it/recordings/2029608/
Audio,Hadestown,"West End",2026-03-19,Evening,Imgonnawalkintotheocean,"Marley Fenton (Orpheus), Bethany Antonia (Eurydice), Rachel Adedeji (Persephone), Alastair Parker (Hades), Clive Rowe (Hermes), Spike Maxwell (Fate), Lauran Rae (Fate), Jasmine Triadi (u/s Fate), Femi Akinfolarin (Worker), Michelle Andrews (Worker), Gabriela Benedetti (Worker), Ollie Bingham (Worker), Sebastian Lim-Seet (Worker)",,"Don’t post on any platform (TikTok, Tumblr, YouTube, Reddit, etc.)
",,,,"Gift at your Discretion",Unrestricted,Bootleg,"m4a untracked 179,6 mb","M4A - 179 MB (untracked)",,"Full Show","Lyric Theatre","London, United Kingdom",2026-07-13,https://encora.it/recordings/2030641/
Video,Hadestown,Broadway,2025-09-02,Evening,Lyre.lyrepantsonfire,"Jack Wolfe (Orpheus), Morgan Dudley (Eurydice), Rebecca Naomi Jones (Persephone), Paulo Szot (Hades), Kurt Elling (Hermes), Shea Renne (Fate), Jessie Shelton (Fate), Kay Trinidad (Fate), Emily Afton (Worker), Malcolm Armwood (Worker), Jeffrey Cornelius (Worker), Sydney Parra (Worker), Alex Puette (Worker)","Shot in Portrait (9:16) 1080p from the first couple of rows so quite an obstructed view","Jack Wolfe, Morgan, Rebecca, Paulo, Kurt, and Jeffrey’s debut",2025-12-31,,NFS,"Never Gift",Unrestricted,Bootleg,,"MOV - 10.0 GB",,"Full Show","Walter Kerr Theatre","New York, NY",2026-07-12,https://encora.it/recordings/2020050/
Video,Hadestown,Broadway,2025-09-02,Evening,bikinibottomday,"Jack Wolfe (Orpheus), Morgan Dudley (Eurydice), Rebecca Naomi Jones (Persephone), Paulo Szot (Hades), Kurt Elling (Hermes), Shea Renne (Fate), Jessie Shelton (Fate), Kay Trinidad (Fate), Emily Afton (Worker), Malcolm Armwood (Worker), Jeffrey Cornelius (Worker), Sydney Parra (Worker), Alex Puette (Worker)","Excellent 4K capture of Jack, Morgan, Rebecca, Paulo, Kurt, and Jeffrey’s debut! Increased wandering and unfocusing throughout. Includes curtain call and “We Raise Our Cups,” audio fed from external source.","Only released by the master as a 9.68 GB MP4, other file sizes are rips.",2026-03-02,,,"Never Gift",Unrestricted,Bootleg,"4K MP4 (9.68GB)","4K MP4 - 9.68GB",,"Full Show","Walter Kerr Theatre","New York, NY",2026-07-12,https://encora.it/recordings/2020104/
Video,Hairspray,"NBC Live",2016-12-07,Evening,,"Maddie Baillio (Tracy Turnblad), Harvey Fierstein (Edna Turnblad), Jennifer Hudson (Motormouth Maybelle), Ariana Grande (Penny Pingleton), Kristin Chenoweth (Velma Von Tussle), Dove Cameron (Amber Von Tussle), Martin Short (Wilbur Turnblad), Garrett Clayton (Link Larkin), Derek Hough (Corny Collins), Ephraim Sykes (Seaweed J. Stubbs), Shahadi Wright Joseph (Little Inez), Andrea Martin (Prudy Pingleton), Sean Hayes (Mr. Pinky), Rosie O'Donnell (Gym Teacher), Paul Vogt (Harriman F. Spritzer)",,"Television Special aired on NBC on December 7, 2016.",,,,"Gift at your Discretion",Unrestricted,Pro-Shot,,"MP4 - 2.08 GB",,"Full Show","Universal Studios","Los Angeles, CA",2026-07-12,https://encora.it/recordings/8186/
Audio,Hamilton,"First US National Tour (Angelica)",2018-04-01,Evening,wjarrettc,"Austin Scott (Alexander Hamilton), Julia K Harriman (Eliza Hamilton), Nicholas Christopher (Aaron Burr), Sabrina Sloan (Angelica Schuyler), Isaiah Johnson (George Washington), Chris Lee (Marquis de Lafayette/Thomas Jefferson), Mathenee Treco (Hercules Mulligan/James Madison), Rubén J. Carbajal (John Laurens/Philip Hamilton), Isa Briones (Peggy Schuyler/Maria Reynolds), Peter Matthew Smith (King George III), Sabrina Imamura (Ensemble)",,"Act 2 only. Isaiah, Mathenee and Sabrina Imamuras last show.",,,,"Gift at your Discretion",Unrestricted,Bootleg,,"MP3 - 52 MB (tracked)",,"Partial recording",,,2026-08-09,https://encora.it/recordings/1002313/
Audio,Hamilton,"First US National Tour (Angelica)",2019-03-09,Evening,Unknown,"Wonza Johnson (u/s Alexander Hamilton), Hannah Cruz (Eliza Hamilton), Josh Tower (Aaron Burr), Stephanie Umoh (Angelica Schuyler), Paul Oakley Stovall (George Washington), Bryson Bruce (Marquis de Lafayette/Thomas Jefferson), Chaundre Hall-Broomfield (Hercules Mulligan/James Madison), Jon Viktor Corpuz (John Laurens/Philip Hamilton), Isa Briones (Peggy Schuyler/Maria Reynolds), Peter Matthew Smith (King George III), Alexander Ferguson (Philip Schuyler/James Reynolds/Doctor), Sean Harrison Jones (Samuel Seabury), Robbie Nicholson (Charles Lee), Taylor N. Daniels (George Eacker), Jennifer Geller (Ensemble), Charnette Batey (Ensemble), Dan Belnavis (Ensemble), Natalie Kaye Clater (Ensemble), Paige Krumbach (Ensemble), Krystal Mackie (Ensemble), Andy Tofa (Ensemble)",,,,,,"Gift at your Discretion",Unrestricted,Bootleg,,"M4A - 68 MB (untracked)",,"Full Show",,"Cincinnati, OH",2026-08-11,https://encora.it/recordings/7766/
Audio,Hamilton,"First US National Tour (Angelica)",2019-01-08,Evening,heartofstonetrades,"Alexander Ferguson (u/s Alexander Hamilton), Charnette Batey (u/s Eliza Hamilton), Josh Tower (Aaron Burr), Stephanie Umoh (Angelica Schuyler), Paul Oakley Stovall (George Washington), Bryson Bruce (Marquis de Lafayette/Thomas Jefferson), Chaundre Hall-Broomfield (Hercules Mulligan/James Madison), Jon Viktor Corpuz (John Laurens/Philip Hamilton), Isa Briones (Peggy Schuyler/Maria Reynolds), Peter Matthew Smith (King George III), Sean Harrison Jones (Samuel Seabury), Robbie Nicholson (Charles Lee), Taylor N. Daniels (George Eacker)",,,,,,"Gift at your Discretion",Unrestricted,Bootleg,,"MP3 - 194 MB (untracked)",,"Full Show",,"Pittsburgh, PA",2026-08-05,https://encora.it/recordings/6763/
Audio,Hamilton,"First US National Tour (Angelica)",2018-07-29,Matinee,ascreaminggoddess,"Austin Scott (Alexander Hamilton), Julia K Harriman (Eliza Hamilton), Nicholas Christopher (Aaron Burr), Raven Thomas (u/s Angelica Schuyler), Carvens Lissaint (George Washington), Bryson Bruce (Marquis de Lafayette/Thomas Jefferson), Josh Rivera (s/b Hercules Mulligan/s/b James Madison), Rubén J. Carbajal (John Laurens/Philip Hamilton), Isa Briones (Peggy Schuyler/Maria Reynolds), Peter Matthew Smith (King George III), Alexander Ferguson (Philip Schuyler/James Reynolds/Doctor), Andrew Wojtal (Samuel Seabury), Desmond Nunn (s/w Charles Lee), Raymond Baynard (George Eacker)",,,,,,"Gift at your Discretion",Unrestricted,Bootleg,,"MP3 - 271 MB (untracked)",,"Full Show",,"Washington, DC",2026-08-05,https://encora.it/recordings/6611/
Audio,Hamilton,"First US National Tour (Angelica)",2018-05-26,Evening,Unknown,"Austin Scott (Alexander Hamilton), Julia K Harriman (Eliza Hamilton), Nicholas Christopher (Aaron Burr), Sabrina Sloan (Angelica Schuyler), Carvens Lissaint (George Washington), Chris Lee (Marquis de Lafayette/Thomas Jefferson), Chaundre Hall-Broomfield (Hercules Mulligan/James Madison), Josh Rivera (s/b John Laurens/s/b Philip Hamilton), Isa Briones (Peggy Schuyler/Maria Reynolds), Peter Matthew Smith (King George III)",,,,,,"Gift at your Discretion",Unrestricted,Bootleg,,"MP3 - 268 MB (tracked)",,"Full Show",,,2026-08-11,https://encora.it/recordings/1127130/
Audio,Hamilton,"First US National Tour (Angelica)",2018-07-05,Evening,coffeeisthebesttrades,"Austin Scott (Alexander Hamilton), Julia K Harriman (Eliza Hamilton), Nicholas Christopher (Aaron Burr), Sabrina Sloan (Angelica Schuyler), Carvens Lissaint (George Washington), Bryson Bruce (Marquis de Lafayette/Thomas Jefferson), Chaundre Hall-Broomfield (Hercules Mulligan/James Madison), Rubén J. Carbajal (John Laurens/Philip Hamilton), Isa Briones (Peggy Schuyler/Maria Reynolds), Peter Matthew Smith (King George III), Alexander Ferguson (Philip Schuyler/James Reynolds/Doctor), Andrew Wojtal (Samuel Seabury), Keenan D. Washington (s/w Charles Lee), Raymond Baynard (George Eacker)",,,,,,"Gift at your Discretion",Unrestricted,Bootleg,,"MP3 - 171 MB (untracked)",,"Full Show",,,2026-08-05,https://encora.it/recordings/8321/
Video,Hamilton,Broadway,2019-04-××,Unknown,StarCuffedJeans,"Austin Scott (Alexander Hamilton), Denée Benton (Eliza Hamilton), Daniel Breaker (Aaron Burr), Mandy Gonzalez (Angelica Schuyler), Carvens Lissaint (George Washington), Andrew Chappelle (s/b Marquis de Lafayette/s/b Thomas Jefferson), Wallace Smith (Hercules Mulligan/James Madison), Anthony Lee Medina (John Laurens/Philip Hamilton), Joanna A Jones (Peggy Schuyler/Maria Reynolds), Euan Morton (King George III), Marc delaCruz (Philip Schuyler/James Reynolds/Doctor), Willie Smith III (s/w Samuel Seabury), Neil Haskell (Charles Lee), Terrance Spencer (George Eacker)",,"Beautiful HD video of the new Broadway cast of Hamilton! There are a few drop-outs and obstructions here and there in Act One but overall it's worked around. Act One is mostly close-ups and starts at Laurens' rap. Act Two picks up in the middle of What Did I Miss? and features both close-ups and wider shots. I did move during intermission so Act Two has almost no obstructions, but honestly I don't even care. This performance—this cast—deserved to be captured on video. The colors pick up gorgeously, my favorite parts of the staging are captured just right, and I even rested my camera on my backpack to help steady it when I was overcome with emotion and shaking. Just wow.",2019-10-03,,,"Gift at your Discretion",Unrestricted,Bootleg,"MP4 (HD)","MP4 - 19.79 GB",,"Full Show","Richard Rodgers Theatre","New York, NY",2026-07-22,https://encora.it/recordings/9395/
Audio,Hamilton,"First US National Tour (Angelica)",2018-05-26,Evening,N2DEHR,"Austin Scott (Alexander Hamilton), Julia K Harriman (Eliza Hamilton), Nicholas Christopher (Aaron Burr), Sabrina Sloan (Angelica Schuyler), Carvens Lissaint (George Washington), Chris Lee (Marquis de Lafayette/Thomas Jefferson), Chaundre Hall-Broomfield (Hercules Mulligan/James Madison), Rubén J. Carbajal (John Laurens/Philip Hamilton), Isa Briones (Peggy Schuyler/Maria Reynolds), Peter Matthew Smith (King George III), Alexander Ferguson (Philip Schuyler/James Reynolds/Doctor), Andrew Wojtal (Samuel Seabury), Robbie Nicholson (Charles Lee), Raymond Baynard (George Eacker), Jennifer Geller (Ensemble)",,,,,,"Gift at your Discretion",Unrestricted,Bootleg,,"MP3 - 268 MB (tracked)",,"Full Show",,"Atlanta, GA",2026-08-09,https://encora.it/recordings/5377/
Audio,Hamilton,"First US National Tour (Angelica)",2018-09-19,Evening,marina-trading,"Austin Scott (Alexander Hamilton), Hannah Cruz (Eliza Hamilton), Nicholas Christopher (Aaron Burr), Sabrina Sloan (Angelica Schuyler), Paul Oakley Stovall (George Washington), Bryson Bruce (Marquis de Lafayette/Thomas Jefferson), Chaundre Hall-Broomfield (Hercules Mulligan/James Madison), Rubén J. Carbajal (John Laurens/Philip Hamilton), Isa Briones (Peggy Schuyler/Maria Reynolds), Peter Matthew Smith (King George III)",,"Hannah Cruz's and multiple ensemble members' second show.",,,,"Gift at your Discretion",Unrestricted,Bootleg,,"MP3 - 206 MB (MP3 (Untracked) 101 MB, MP3 (tracked) 101 MB)",,"Full Show",,"Boston, MA",2026-07-22,https://encora.it/recordings/3713/
Audio,Hamilton,"First US National Tour (Angelica)",2019-03-05,Evening,Unknown,"Wonza Johnson (u/s Alexander Hamilton), Hannah Cruz (Eliza Hamilton), Josh Tower (Aaron Burr), Stephanie Umoh (Angelica Schuyler), Paul Oakley Stovall (George Washington), Bryson Bruce (Marquis de Lafayette/Thomas Jefferson), Chaundre Hall-Broomfield (Hercules Mulligan/James Madison), Jon Viktor Corpuz (John Laurens/Philip Hamilton), Isa Briones (Peggy Schuyler/Maria Reynolds), Peter Matthew Smith (King George III), Alexander Ferguson (Philip Schuyler/James Reynolds/Doctor), Sean Harrison Jones (Samuel Seabury), Robbie Nicholson (Charles Lee), Taylor N. Daniels (George Eacker), Jennifer Geller (Ensemble), Charnette Batey (Ensemble), Dan Belnavis (Ensemble), Natalie Kaye Clater (Ensemble), Paige Krumbach (Ensemble), Krystal Mackie (Ensemble), Andy Tofa (Ensemble)",,,,,,"Gift at your Discretion",Unrestricted,Bootleg,,"M4A - 143 MB (untracked)",,"Full Show","Aronoff Center for the Arts","Cincinnati, OH",2026-08-05,https://encora.it/recordings/17241/
Audio,Hamilton,"First US National Tour (Angelica)",2018-05-25,Evening,N2DEHR,"Edred Utomi (s/b Alexander Hamilton), Julia K Harriman (Eliza Hamilton), Nicholas Christopher (Aaron Burr), Sabrina Sloan (Angelica Schuyler), Carvens Lissaint (George Washington), Chris Lee (Marquis de Lafayette/Thomas Jefferson), Chaundre Hall-Broomfield (Hercules Mulligan/James Madison), Rubén J. Carbajal (John Laurens/Philip Hamilton), Isa Briones (Peggy Schuyler/Maria Reynolds), Peter Matthew Smith (King George III), Alexander Ferguson (Philip Schuyler/James Reynolds/Doctor), Andrew Wojtal (Samuel Seabury), Robbie Nicholson (Charles Lee), Raymond Baynard (George Eacker), Jennifer Geller (Ensemble), Natalie Kaye Clater (Ensemble), Jeffery Duffy (Ensemble), Francesca Granell (Ensemble), Jennifer Locke (Ensemble), Raven Thomas (Ensemble), Keenan D. Washington (s/w Ensemble)",,,,,,"Gift at your Discretion",Unrestricted,Bootleg,,"MP3 - 96.7 MB (tracked)",,"Full Show",,"Atlanta, GA",2026-08-09,https://encora.it/recordings/21782/
Audio,Hamilton,"First US National Tour (Angelica)",2018-06-01,Evening,N2DEHR,"Austin Scott (Alexander Hamilton), Julia K Harriman (Eliza Hamilton), Nicholas Christopher (Aaron Burr), Sabrina Sloan (Angelica Schuyler), Carvens Lissaint (George Washington), Chris Lee (Marquis de Lafayette/Thomas Jefferson), Chaundre Hall-Broomfield (Hercules Mulligan/James Madison), Rubén J. Carbajal (John Laurens/Philip Hamilton), Isa Briones (Peggy Schuyler/Maria Reynolds), Peter Matthew Smith (King George III), Alexander Ferguson (Philip Schuyler/James Reynolds/Doctor), Andrew Wojtal (Samuel Seabury), Robbie Nicholson (Charles Lee), Jacob Guzman (s/w George Eacker), Jennifer Geller (Ensemble)",,,,,,"Gift at your Discretion",Unrestricted,Bootleg,,"MP3 - 95.5 MB (tracked)",,"Full Show",,"Atlanta, GA",2026-08-09,https://encora.it/recordings/21783/
Audio,Hamilton,"First US National Tour (Angelica)",2018-06-10,Matinee,N2DEHR,"Austin Scott (Alexander Hamilton), Isa Briones (u/s Eliza Hamilton), Nicholas Christopher (Aaron Burr), Sabrina Sloan (Angelica Schuyler), Carvens Lissaint (George Washington), Chris Lee (Marquis de Lafayette/Thomas Jefferson), Chaundre Hall-Broomfield (Hercules Mulligan/James Madison), Josh Rivera (s/b John Laurens/s/b Philip Hamilton), Dorcas Leung (s/b Peggy Schuyler/s/b Maria Reynolds), Peter Matthew Smith (King George III), Alexander Ferguson (Philip Schuyler/James Reynolds/Doctor), Desmond Nunn (s/w Samuel Seabury), Robbie Nicholson (Charles Lee), Raymond Baynard (George Eacker), Jennifer Geller (Ensemble)",,"Matinee performance. Isa Briones debut as Eliza. Chris Lees 2nd to last performance with the show. Not so great quality audio recording with lots of echos and background noise. Recording is of Act 2 only. Re-released and re-tracked September 2022. This copy can be traded freely—no NFT.",,,,"Gift at your Discretion",Unrestricted,Bootleg,,"MP3 - 47.3 MB (tracked)",,"Partial recording",,"Atlanta, GA",2026-08-09,https://encora.it/recordings/21784/
Audio,Hamilton,"First US National Tour (Angelica)",2018-05-09,Evening,Unknown,"Austin Scott (Alexander Hamilton), Raven Thomas (u/s Eliza Hamilton), Nicholas Christopher (Aaron Burr), Sabrina Sloan (Angelica Schuyler), Carvens Lissaint (George Washington), Josh Rivera (s/b Marquis de Lafayette/s/b Thomas Jefferson), Chaundre Hall-Broomfield (Hercules Mulligan/James Madison), Rubén J. Carbajal (John Laurens/Philip Hamilton), Isa Briones (Peggy Schuyler/Maria Reynolds), Peter Matthew Smith (King George III), Sean Harrison Jones (s/w Philip Schuyler/s/w James Reynolds/s/w Doctor), Keenan D. Washington (s/w Samuel Seabury), Robbie Nicholson (Charles Lee), Raymond Baynard (George Eacker), Jennifer Geller (Ensemble)",,,,,,"Gift at your Discretion",Unrestricted,Bootleg,,"M4A - 209 MB (untracked)",,"Full Show",,"Houston, TX",2026-08-05,https://encora.it/recordings/23652/
Audio,Hamilton,"First US National Tour (Angelica)",2018-11-18,Matinee,httrading,"Austin Scott (Alexander Hamilton), Isa Briones (u/s Eliza Hamilton), Nicholas Christopher (Aaron Burr), Stephanie Umoh (Angelica Schuyler), Paul Oakley Stovall (George Washington), Bryson Bruce (Marquis de Lafayette/Thomas Jefferson), Chaundre Hall-Broomfield (Hercules Mulligan/James Madison), Rubén J. Carbajal (John Laurens/Philip Hamilton), Dorcas Leung (s/b Peggy Schuyler/s/b Maria Reynolds), Peter Matthew Smith (King George III), Alexander Ferguson (Philip Schuyler/James Reynolds/Doctor)",,"Won lottery! Recorded from front row right behind the conductor. This show is Nicholas and Rubén's FINAL matinee with the Angelica Company. First known recording of Isa Briones as Eliza, Dorcas Leung as Peggy, and Stephanie Uwoh as Angelica. This is a rare combination of people that will NEVER perform together again. Gifted upon request.
Two versions are circulating – ALAC m4a (1.23 GB) and AAC LC m4a (260.9 MB).",,,,"Gift at your Discretion",Unrestricted,Bootleg,,"M4A - 260 MB (untracked)",,"Full Show",,"Boston, MA",2026-07-22,https://encora.it/recordings/31000/
Video,Hamilton,"UK and Ireland Tour",2025-04-××,Unknown,hitmewithyourbethshot,"Richard Logun (u/s Alexander Hamilton), Casey Al-Shaqsy (Eliza Hamilton), Billy Nevers (Aaron Burr), Chasity Crisp (Angelica Schuyler), Castell Parker (u/s George Washington), Ashley J. Daniels (Thomas Jefferson), KM Drew Boateng (Hercules Mulligan/James Madison), Shak Mancel James (John Laurens/Philip Hamilton), Naomi Katiyo (Peggy Schuyler/Maria Reynolds), Louis Maskell (King George III)",,,2025-10-24,,,"Gift at your Discretion",Unrestricted,Bootleg,MTS,"MTS - 13.4 GB",,"Full Show",,,2026-07-29,https://encora.it/recordings/2014486/
Video,Hamilton,Broadway,"2023-01-×× (1)",Unknown,StarCuffedJeans,"Miguel Cervantes (Alexander Hamilton), Stephanie Jae Park (Eliza Hamilton), Nik Walker (Aaron Burr), Jennie Harney-Fleming (Angelica Schuyler), Jimmie JJ Jeter (s/b George Washington), Kyle Scatliffe (Marquis de Lafayette/Thomas Jefferson), J. Quinton Johnson (s/b Hercules Mulligan/s/b James Madison), Daniel Yearwood (John Laurens/Philip Hamilton), Aubin Wise (Peggy Schuyler/Maria Reynolds), Aaron J. Albano (u/s King George III), Antuan Magic Raimone (Philip Schuyler/James Reynolds/Doctor), Thayne Jasperson (Samuel Seabury), Willie Smith III (s/w Charles Lee), Roddy Kennedy (s/w George Eacker), Kim Taylor (s/w Ensemble), Lauren Boyd (Ensemble), Jennifer Geller (Ensemble), Shonica Gooden (Ensemble), Deon'te Goodman (Ensemble), Malik Shabazz Kitchen (Ensemble), Cherry Torres (Ensemble)","google says eliza sings high","Great HD capture of many covers! Act 1 starts at Hamilton's introduction during Alexander Hamilton. Act 2 starts at the first “Thomas Jefferson's coming home”. A bit of obstruction on both sides (primarily the right) that is worked around well and gets better in Act 2, only a head that doesn't block much.",2024-03-01,,,"Gift at your Discretion",Unrestricted,Bootleg,"MP4 (HD) - 6.88 GB","MP4 - 6.8 GB",,"Full Show","Richard Rodgers Theatre","New York, NY",2026-08-16,https://encora.it/recordings/1150697/
Video,Hamilton,"UK and Ireland Tour",2025-01-××,Unknown,hitmewithyourbethshot,"Marley Fenton (Alexander Hamilton), Roshani Abbey (Eliza Hamilton), Billy Nevers (Aaron Burr), Chasity Crisp (Angelica Schuyler), Akmed Junior Khemalai (George Washington), Ashley J. Daniels (Marquis de Lafayette/Thomas Jefferson), KM Drew Boateng (Hercules Mulligan/James Madison), Shak Mancel James (John Laurens/Philip Hamilton), Naomi Katiyo (Peggy Schuyler/Maria Reynolds), Louis Maskell (King George III)","Missing part of My Shot",,2025-07-27,,,"Gift at your Discretion",Unrestricted,Bootleg,MTS,"MTS - 13.3 GB",,"Full Show",,,2026-07-12,https://encora.it/recordings/2010761/
Video,Hamilton,"UK and Ireland Tour",2024-07-××,Unknown,hadesishere,"Shaq Taylor (Alexander Hamilton), Maya Britto (Eliza Hamilton), Akmed Junior Khemalai (s/b Aaron Burr), Aisha Jawando (Angelica Schuyler), Charles Simmons (George Washington), Billy Nevers (Marquis de Lafayette/Thomas Jefferson), KM Drew Boateng (Hercules Mulligan/James Madison), DeAngelo Jones (John Laurens/Philip Hamilton), Roshani Abbey (s/b Peggy Schuyler/s/b Maria Reynolds), Rhys West (u/s King George III), Kyerron Dixon-Bassey (Philip Schuyler/James Reynolds/Doctor), Harry Robinson (Samuel Seabury), Antoine Murray-Straughan (Charles Lee), Taylor Bradshaw (Ensemble), Yesy Garcia (s/w Ensemble), Mia Mullarkey (Ensemble), Phoebe Samuel-Gray (s/w Ensemble), Levi Tyrell Johnson (Ensemble), Jack Whitehead (s/w Ensemble), Sian Yeo (s/w Ensemble)","Excellent capture of Akmed as Burr, Roshani (temporary standby) as Peggy/Maria and Rhys as King George. Unobstructed with a little wandering/adjustment throughout. Shot in 4K with external audio synced and includes bows and playout.",,2025-12-01,,NFS,"Never Gift",Unrestricted,Bootleg,"MP4 (4K) - 10.87 GB","MP4 - 10.8 GB",,"Full Show",,,2026-08-10,https://encora.it/recordings/2010300/
Audio,Hamilton,"West End",2026-07-07,Evening,walkinginthesun,"Stephenson Ardern-Sodje (Alexander Hamilton), Bente Mulan Nanayakkara (Eliza Hamilton), Leslie Odom Jr. (Aaron Burr), Georgina Onuorah (Angelica Schuyler), Akmed Junior Khemalai (George Washington), Ashley J. Daniels (Marquis de Lafayette/Thomas Jefferson), Alexander Bellinfantie (Hercules Mulligan/James Madison), Shak Mancel James (John Laurens/Philip Hamilton), Roxanne Couch (s/b Peggy Schuyler/s/b Maria Reynolds), John Browning (s/b King George III), Joshua Clemetson (Philip Schuyler/James Reynolds/Doctor), Michael Lin (Samuel Seabury), Liam Morris (Charles Lee), Tim Nutt (s/w George Eacker), Milan Cacacie (Ensemble), Riccardo Haerri (Ensemble), Lily Laight (Ensemble), Avigalle Mendoza (Ensemble), Fallon Mondlane (Ensemble), Joshian Angelo Omaña (Ensemble), Daisy Ward (Ensemble)","Leslie’s 5th show in the West End. The cheering is VERY loud 

Please please please do not share these in any way other than trading, including but not limited to posting on TikTok, Youtube, Instagram etc!",,,,,"Never Gift",Unrestricted,Bootleg,,"M4A - 72.8 MB (untracked)",,"Full Show","Victoria Palace Theatre","London, United Kingdom",2026-08-13,https://encora.it/recordings/2036979/
Audio,Hamilton,"UK and Ireland Tour",2025-12-27,Matinee,CountDuckula,"Marley Fenton (Alexander Hamilton), Sydney Spencer (u/s Eliza Hamilton), Billy Nevers (Aaron Burr), Chasity Crisp (Angelica Schuyler), Akmed Junior Khemalai (George Washington), Ashley J. Daniels (Marquis de Lafayette), Louis Maskell (King George III)","Very playful final matinee from this amazing cast.",,,,,"Gift at your Discretion",Unrestricted,Bootleg,,"MP3 - 349 MB (untracked)",,"Full Show","Glasgow Theatre Royal","Glasgow, United Kingdom",2026-07-29,https://encora.it/recordings/2026459/
Audio,Hamilton,"UK and Ireland Tour",2025-03-29,Matinee,walkinginthesun,"Marley Fenton (Alexander Hamilton), Casey Al-Shaqsy (Eliza Hamilton), Billy Nevers (Aaron Burr), Chasity Crisp (Angelica Schuyler), Castell Parker (u/s George Washington), Ashley J. Daniels (Marquis de Lafayette/Thomas Jefferson), KM Drew Boateng (Hercules Mulligan/James Madison), Shak Mancel James (John Laurens/Philip Hamilton), Naomi Katiyo (Peggy Schuyler/Maria Reynolds), Louis Maskell (King George III), Jago Mottart (Charles Lee), Melad Hamidi (Ensemble), Patrick Munday (s/w Ensemble), Chris Otim (Ensemble), Eva Phillips (Ensemble), Izzy Read (Ensemble), Harry Robinson (s/w Ensemble), Phoebe Samuel-Gray (s/w Ensemble), Jack Whitehead (s/w Ensemble), Ynez Williams (Ensemble), Sian Yeo (s/w Ensemble)",,,,,,"Gift at your Discretion",Unrestricted,Bootleg,"M4A (Untracked)","M4A - 73.6 MB (untracked)",,"Full Show",,,2026-08-13,https://encora.it/recordings/2036986/
Video,"Hamlet (O'Hara)","Center Theatre Group",2025-05-××,Unknown,MTTZ,"Patrick Ball (Hamlet), Ariel Shafir (Claudius), Ramiz Monsef (Polonius), Gina Torres (Gertrude), Coral Peña (Ophelia), Jakeem Powell (Horatio), Ty Molbak (Laertes/Rosencrantz), Danny Zuhlke (Guildenstern), Fidel Gomez (Gravedigger), Joe Chrest (Fortinbras), Jaime Lincoln Smith (Player #1/Head Attendant), James T. Alfred (Head Attendant)","Excellent capture of this film noir, murder mystery, brand new adaptation of Hamlet in previews! Shot with alternate camera in a great mix of wides, mediums, and close-ups. Some wandering, shaking, and re-adjusting throughout. Some disruptive audience noises. Overall an excellent capture of this stacked cast!",,2025-12-05,,,"Gift at your Discretion",Unrestricted,Bootleg,,"MP4 - 8.7 GB",,"Full Show","Mark Taper Forum","Los Angeles, CA",2026-08-11,https://encora.it/recordings/2015495/
Video,"Harry Potter and the Cursed Child",Broadway,2022-01-××,Unknown,StarCuffedJeans,"Steve Haggard (u/s Harry Potter), James Romney (Albus Severus Potter), Brady Dalton Richards (Scorpius Malfoy), David Abeles (Ron Weasley), Jenny Jules (Hermione Granger), Eva Kaminsky (u/s Ginny Potter), Aaron Bartz (Draco Malfoy), Nadia Brown (Rose Granger-Weasley/Young Hermione), Lauren Nicole Cipoletti (Delphi Diggory), Kevin Matthew Reyes (Craig Bowker Jr.), Michela Cannon (Moaning Myrtle/Lily Potter Sr./Polly Chapman/Fleur Delacour), Stephen Spinella (Severus Snape/Lord Voldemort), Ben Horner (Sorting Hat/Bane), Jax Jackson (Yann Fredericks/Young Harry Potter), Antoinette Robinson (Madam Hooch), Karen Janes Woditsch (Dolores Umbridge/Professor McGonagall), Edward James Hyland (Amos Diggory/Albus Dumbledore), Judith Lightfoot Clarke (Trolley Witch), Will Carlyon (Cedric Diggory/James Potter Jr./James Potter Sr.), Dan Piering (Karl Jenkins/Viktor Krum), Ted Deasy (Station Master), Kevin Rico Angulo (u/s Professor Mazoni), Oge Agulué (V World General), Jack Koenig (Ministry Official), Paul Thornley (Voice of Ludo Bagman), Chris Jarman (Voice of Phone Box), John Alix (e/c Ensemble), Chelsey Arce (Ensemble), Quinn Blades (Ensemble), Kira Fath (Ensemble), Stephanie Gomérez (Ensemble), Spencer LaRue (Ensemble), Rachel Leslie (Ensemble), Sarita Amani Nash (Ensemble), William Rhem Jr. (Ensemble), Tom Stephens (Ensemble), Maya Thomas (Ensemble)",,"First post-opening revised show video.",2022-08-01,,,"Gift at your Discretion",Unrestricted,Bootleg,"MP4 (HD) - 8.57 GB","MP4 - 8.57 GB","I DO NOT support JKR in anyway shape or form.","Full Show","Lyric Theatre","New York, NY",2026-07-12,https://encora.it/recordings/1120414/
Video,"Harry Potter and the Cursed Child - Part One",Broadway,2018-04-15,Matinee,NYCG8R,"Jamie Parker (Harry Potter), Sam Clemmett (Albus Severus Potter), Anthony Boyle (Scorpius Malfoy), Paul Thornley (Ron Weasley), Noma Dumezweni (Hermione Granger), Poppy Miller (Ginny Potter), Alex Price (Draco Malfoy), Susan Heyward (Rose Granger-Weasley/Young Hermione), Jessie Fisher (Delphi Diggory), Adam McNamara (Hagrid/Sorting Hat), Benjamin Wheelwright (Cedric Diggory/James Potter Jr./James Potter Sr.)",,,,,,"Gift at your Discretion",Unrestricted,Bootleg,,"VOB + smalls - 4.23 GB","I DO NOT support JKR in anyway shape or form. It’s a boot from 8 yrs ago and I just wanted to see Jamie Parker","Full Show","Lyric Theatre","New York, NY",2026-07-27,https://encora.it/recordings/367/
Video,"Harry Potter and the Cursed Child - Part Two",Broadway,2018-04-15,Evening,NYCG8R,"Jamie Parker (Harry Potter), Sam Clemmett (Albus Severus Potter), Anthony Boyle (Scorpius Malfoy), Paul Thornley (Ron Weasley), Noma Dumezweni (Hermione Granger), Poppy Miller (Ginny Potter), Alex Price (Draco Malfoy), Susan Heyward (Rose Granger-Weasley/Young Hermione), Jessie Fisher (Delphi Diggory), Adam McNamara (Hagrid/Sorting Hat), Benjamin Wheelwright (Cedric Diggory/James Potter Jr./James Potter Sr.)",,,,,,"Gift at your Discretion",Unrestricted,Bootleg,,"VOB + smalls - 4.21 GB","NOT FOR TRADE (from me)
I DO NOT support JKR in anyway shape or form. It’s a boot from 8 yrs ago and I just wanted to see Jamie Parker","Full Show","Lyric Theatre","New York, NY",2026-07-27,https://encora.it/recordings/416/
Audio,"#Hash(tag) America","Los Angeles Concert",2019-11-18,Evening,"Token Goat","Isa Briones (Charlie Delaney), Heath Saunders (Sean), Eden Espinosa (Mrs. Cartwright), Christina Sajous (Billie Holmes), Kyle Carter (Vincent), Anthony Fedorov (Anatoliy)",,,,,,"Gift at your Discretion",Unrestricted,Bootleg,,"MP3 - 97.3 MB (untracked)",,"Full Show","Catalina Jazz Club","Los Angeles, CA",2026-08-10,https://encora.it/recordings/22744/
Video,"Hazbin Hotel - Live on Broadway",Broadway,2025-10-20,Evening,,"Jessica Vosk (Lute), Erika Henningsen (Charlie Morningstar), Jeremy Jordan (Lucifer Morningstar), Kimiko Glenn (Niffty), Amir Talai (Alastor), Stephanie Beatriz (Vaggie), Christian Borle (Vox), Krystina Alabado (Cherri Bomb), Blake Roman (Angel Dust)",,,,,NFS,"Gift at your Discretion",Unrestricted,Pro-Shot,,"MKV - 7.9 GB",,"Full Show","Majestic Theatre","New York, NY",2026-08-20,https://encora.it/recordings/2024516/
Audio,"Heathers: The Musical","First Off-Broadway Revival",2025-12-14,Evening,beheadedcousins,"Kuhoo Verma (Veronica Sawyer), Casey Likes (Jason ""J.D."" Dean), McKenzie Kurtz (Heather Chandler), Jackera Davis (Heather Duke), Elizabeth Teeter (Heather McNamara), Xavier McKinnon (Ram Sweeney), James Caleb Grice (u/s Kurt Kelly), Syd Sider (u/s Martha Dunnstock), Kerry Butler (Ms. Fleming/Veronica's Mom), Cameron Loyal (u/s Ram's Dad/u/s Big Bud Dean/u/s Coach Ripper), Brian Martin (u/s Kurt's Dad/u/s Veronica's Dad/u/s Principal Gowan), Devin Lewis (Hipster Dork), Thalia Atallah (e/c Stoner Chick), Kiara Lee (Young Republicanette), Lav Raman (s/w Drama Club Drama Queen), Emma Benson (s/w Midwestern Surfer Punk/s/w Officer Milner), Louis Griffin (s/w Fresh Prince of Ohio/s/w Officer McCord)","Lav was in Cecilia's track and Louis was in James' track  and Emma was  Brian's Track and Thalia was brought back once again",,,,,"Gift at your Discretion",Unrestricted,Bootleg,"m4a (untracked) 122.0 MB","M4A - 121 MB (untracked)",,"Full Show","New World Stages - Stage 1","New York, NY",2026-07-19,https://encora.it/recordings/2025932/
Video,"Heathers: The Musical","First Off-Broadway Revival","2025-12-×× (4)",Unknown,StarCuffedJeans,"Kuhoo Verma (Veronica Sawyer), Casey Likes (Jason ""J.D."" Dean), Jodie Steele (t/r Heather Chandler), Jackera Davis (Heather Duke), Elizabeth Teeter (Heather McNamara), Xavier McKinnon (Ram Sweeney), Cade Ostermeyer (Kurt Kelly), Erin L. Morton (Martha Dunnstock), Kerry Butler (Ms. Fleming/Veronica's Mom), Ben Davis (Ram's Dad/Big Bud Dean/Coach Ripper), Brian Martin (u/s Kurt's Dad/u/s Veronica's Dad/u/s Principal Gowan), James Caleb Grice (Beleaguered Geek/Officer McCord), Devin Lewis (Hipster Dork), Cecilia Trippiedi (New Wave Party Girl), Syd Sider (Stoner Chick), Lav Raman (s/w Drama Club Drama Queen), Louis Griffin (s/w Fresh Prince of Ohio/s/w Officer Milner)",,,2026-07-01,,,"Never Gift",Unrestricted,Bootleg,"MP4 (1080p) - 5.96 GB","MP4 - 5.95 GB",,"Full Show","New World Stages - Stage 1","New York, NY",2026-07-12,https://encora.it/recordings/2027327/
Video,"Heathers: The Musical","First Off-Broadway Revival","2025-07-×× (1)",Unknown,StarCuffedJeans,"Lorna Courtney (Veronica Sawyer), Casey Likes (Jason ""J.D."" Dean), McKenzie Kurtz (Heather Chandler), Olivia Elease Hardy (Heather Duke), Elizabeth Teeter (Heather McNamara), Xavier McKinnon (Ram Sweeney), Cade Ostermeyer (Kurt Kelly), Erin L. Morton (Martha Dunnstock), Kerry Butler (Ms. Fleming/Veronica's Mom), Ben Davis (Ram's Dad/Big Bud Dean/Coach Ripper), Brian Martin (u/s Kurt's Dad/u/s Veronica's Dad/u/s Principal Gowan), James Caleb Grice (Beleaguered Geek/Officer McCord), Devin Lewis (Hipster Dork), Cecilia Trippiedi (New Wave Party Girl), Syd Sider (Stoner Chick), Kiara Lee (Young Republicanette), Louis Griffin (s/w Fresh Prince of Ohio/s/w Officer Milner)","brian's debut in that role, lewis' debut",,2026-06-01,,,"Gift at your Discretion",Unrestricted,Bootleg,"MP4 (HD) - 5.94 GB","MP4 - 5.9 GB",,"Full Show","New World Stages - Stage 1","New York, NY",2026-08-19,https://encora.it/recordings/2026635/
Video,"Heathers: The Musical","First Off-Broadway Revival","2026-01-×× (4)",Unknown,StarCuffedJeans,"Kuhoo Verma (Veronica Sawyer), Casey Likes (Jason ""J.D."" Dean), Peyton List (Heather Chandler), Jackera Davis (Heather Duke), Elizabeth Teeter (Heather McNamara), Xavier McKinnon (Ram Sweeney), Cade Ostermeyer (Kurt Kelly), Syd Sider (u/s Martha Dunnstock), Kate Rockwell (Ms. Fleming/Veronica's Mom), Adam Bashian (Ram's Dad/Big Bud Dean/Coach Ripper), Jimmy Ray Bennett (Kurt's Dad/Veronica's Dad/Principal Gowan), James Caleb Grice (Beleaguered Geek/Officer McCord), Brian Martin (Preppy Stud/Officer Milner), Devin Lewis (Hipster Dork), Cecilia Trippiedi (New Wave Party Girl), Kiara Lee (Young Republicanette), Emma Benson (s/w Midwestern Surfer Punk)",,,2026-08-01,,,"Gift at your Discretion",Unrestricted,Bootleg,"MP4 (HD) - 5.93 GB","MP4 - 5.93 GB",,"Full Show","New World Stages - Stage 1","New York, NY",2026-08-02,https://encora.it/recordings/2028883/
Audio,"Heathers: The Musical","First Off-Broadway Revival",2025-12-11,Evening,ColorAndLight,"Kuhoo Verma (Veronica Sawyer), Casey Likes (Jason ""J.D."" Dean), McKenzie Kurtz (Heather Chandler), Jackera Davis (Heather Duke), Elizabeth Teeter (Heather McNamara), Xavier McKinnon (Ram Sweeney), Cade Ostermeyer (Kurt Kelly), Erin L. Morton (Martha Dunnstock), Kerry Butler (Ms. Fleming/Veronica's Mom), Ben Davis (Ram's Dad/Big Bud Dean/Coach Ripper), Cameron Loyal (Kurt's Dad/Veronica's Dad/Principal Gowan), James Caleb Grice (Beleaguered Geek/Officer McCord), Brian Martin (Preppy Stud/Officer Milner), Devin Lewis (Hipster Dork), Syd Sider (Stoner Chick), Kiara Lee (Young Republicanette), Lav Raman (s/w Drama Club Drama Queen)","Kuhoo and Jackera's first performance. Incredibly supportive audience. Occasional laughter, cheering, and audible reactions.",,,,,"Gift at your Discretion",Unrestricted,Bootleg,,"M4A - 62.5 MB (untracked)",,"Full Show","New World Stages - Stage 1","New York, NY",2026-07-29,https://encora.it/recordings/2025962/
Audio,"Heathers: The Musical","First Off-Broadway Revival",2025-12-13,Evening,beheadedcousins,"Kuhoo Verma (Veronica Sawyer), Casey Likes (Jason ""J.D."" Dean), McKenzie Kurtz (Heather Chandler), Jackera Davis (Heather Duke), Elizabeth Teeter (Heather McNamara), Xavier McKinnon (Ram Sweeney), Cade Ostermeyer (Kurt Kelly), Syd Sider (u/s Martha Dunnstock), Emma Benson (u/s Ms. Fleming/u/s Veronica's Mom), Ben Davis (Ram's Dad/Big Bud Dean/Coach Ripper), Cameron Loyal (Kurt's Dad/Veronica's Dad/Principal Gowan), James Caleb Grice (Beleaguered Geek/Officer McCord), Brian Martin (Preppy Stud/Officer Milner), Devin Lewis (Hipster Dork), Cecilia Trippiedi (New Wave Party Girl), Kiara Lee (Young Republicanette), Lav Raman (s/w Drama Club Drama Queen)","Lav was in Syd's track",,,,,"Gift at your Discretion",Unrestricted,Bootleg,"m4a (untracked) 119.5 MB","M4A - 119 MB (untracked)",,"Full Show","New World Stages - Stage 1","New York, NY",2026-07-19,https://encora.it/recordings/2025931/
Audio,"Heathers: The Musical","First Off-Broadway Revival",2025-12-12,Evening,TheTiniestLifeboat,"Kuhoo Verma (Veronica Sawyer), Casey Likes (Jason ""J.D."" Dean), McKenzie Kurtz (Heather Chandler), Jackera Davis (Heather Duke), Elizabeth Teeter (Heather McNamara), Xavier McKinnon (Ram Sweeney), Cade Ostermeyer (Kurt Kelly), Syd Sider (u/s Martha Dunnstock), Emma Benson (u/s Ms. Fleming/u/s Veronica's Mom), Ben Davis (Ram's Dad/Big Bud Dean/Coach Ripper), Cameron Loyal (Kurt's Dad/Veronica's Dad/Principal Gowan), James Caleb Grice (Beleaguered Geek/Officer McCord), Brian Martin (Preppy Stud/Officer Milner), Devin Lewis (Hipster Dork), Cecilia Trippiedi (New Wave Party Girl), Kiara Lee (Young Republicanette), Lav Raman (s/w Drama Club Drama Queen)","friends audio! they authorized me to upload it to encora!",,,,,"Never Gift",Unrestricted,Bootleg,,"M4A - 62.9 MB (untracked)",,"Full Show","New World Stages - Stage 1","New York, NY",2026-08-03,https://encora.it/recordings/2025742/
Audio,"Heathers: The Musical","First Off-Broadway Revival",2025-12-11,Evening,beheadedcousins,"Kuhoo Verma (Veronica Sawyer), Casey Likes (Jason ""J.D."" Dean), McKenzie Kurtz (Heather Chandler), Jackera Davis (Heather Duke), Elizabeth Teeter (Heather McNamara), Xavier McKinnon (Ram Sweeney), Cade Ostermeyer (Kurt Kelly), Erin L. Morton (Martha Dunnstock), Kerry Butler (Ms. Fleming/Veronica's Mom), Ben Davis (Ram's Dad/Big Bud Dean/Coach Ripper), Cameron Loyal (Kurt's Dad/Veronica's Dad/Principal Gowan), James Caleb Grice (Beleaguered Geek/Officer McCord), Brian Martin (Preppy Stud/Officer Milner), Devin Lewis (Hipster Dork), Syd Sider (Stoner Chick), Kiara Lee (Young Republicanette), Lav Raman (s/w Drama Club Drama Queen)","Kuhoo's and Jackera's debuts!!! Lav was Cecillia's role",,,,,"Gift at your Discretion",Unrestricted,Bootleg,"m4a (untracked) 120.4 MB","M4A - 120 MB (untracked)",,"Full Show","New World Stages - Stage 1","New York, NY",2026-08-03,https://encora.it/recordings/2025688/
Video,"Heathers: The Musical","First Off-Broadway Revival","2025-08-×× (6)",Unknown,StarCuffedJeans,"Sara Al-Bazali (s/b Veronica Sawyer), Casey Likes (Jason ""J.D."" Dean), McKenzie Kurtz (Heather Chandler), Kiara Lee (u/s Heather Duke), Elizabeth Teeter (Heather McNamara), Xavier McKinnon (Ram Sweeney), Cade Ostermeyer (Kurt Kelly), Syd Sider (u/s Martha Dunnstock), Kerry Butler (Ms. Fleming/Veronica's Mom), Ben Davis (Ram's Dad/Big Bud Dean/Coach Ripper), Cameron Loyal (Kurt's Dad/Veronica's Dad/Principal Gowan), James Caleb Grice (Beleaguered Geek/Officer McCord), Devin Lewis (Hipster Dork), Cecilia Trippiedi (New Wave Party Girl), Lav Raman (s/w Drama Club Drama Queen), Emma Benson (s/w Midwestern Surfer Punk), Louis Griffin (s/w Fresh Prince of Ohio/s/w Officer Milner)",,"Heavily focused on Sara. Lav was on for Kiara's track, Emma was on for Syd’s and Louis was on for Brian Martin's.",2026-03-01,,,"Gift at your Discretion",Unrestricted,Bootleg,"MP4 (HD) - 5.92 GB","MP4 - 5.92 GB",,"Full Show","New World Stages - Stage 1","New York, NY",2026-07-12,https://encora.it/recordings/2020625/
Video,"Heathers: The Musical","First Off-Broadway Revival",2025-08-04,Evening,"Medium Observation","Lorna Courtney (Veronica Sawyer), Casey Likes (Jason ""J.D."" Dean), McKenzie Kurtz (Heather Chandler), Olivia Elease Hardy (Heather Duke), Elizabeth Teeter (Heather McNamara), Xavier McKinnon (Ram Sweeney), Cade Ostermeyer (Kurt Kelly), Erin L. Morton (Martha Dunnstock), Kerry Butler (Ms. Fleming/Veronica's Mom), Ben Davis (Ram's Dad/Big Bud Dean/Coach Ripper), Cameron Loyal (Kurt's Dad/Veronica's Dad/Principal Gowan), James Caleb Grice (Beleaguered Geek/Officer McCord), Brian Martin (Preppy Stud/Officer Milner), Devin Lewis (Hipster Dork), Cecilia Trippiedi (New Wave Party Girl), Syd Sider (Stoner Chick), Kiara Lee (Young Republicanette)","Wonderful capture of this amazing revival and cast! During big group numbers, I tend to go with a wideshot instead of focusing on one person. Camera sometimes wanders down. Some washout, shakiness, and readjusting throughout. Subtitles included with video (Made by Rayhoo).",,2026-03-01,,,"Never Gift",Unrestricted,Bootleg,,"MP4 - 10.2 GB",,"Full Show","New World Stages - Stage 1","New York, NY",2026-07-23,https://encora.it/recordings/2019867/
Video,"Heathers: The Musical","First Off-Broadway Revival","2025-07-×× (2)",Unknown,StarCuffedJeans,"Lorna Courtney (Veronica Sawyer), Casey Likes (Jason ""J.D."" Dean), McKenzie Kurtz (Heather Chandler), Olivia Elease Hardy (Heather Duke), Elizabeth Teeter (Heather McNamara), James Caleb Grice (u/s Ram Sweeney), Cade Ostermeyer (Kurt Kelly), Erin L. Morton (Martha Dunnstock), Kerry Butler (Ms. Fleming/Veronica's Mom), Ben Davis (Ram's Dad/Big Bud Dean/Coach Ripper), Cameron Loyal (Kurt's Dad/Veronica's Dad/Principal Gowan), Brian Martin (Preppy Stud/Officer Milner), Devin Lewis (Hipster Dork), Cecilia Trippiedi (New Wave Party Girl), Syd Sider (Stoner Chick), Kiara Lee (Young Republicanette), Louis Griffin (s/w Fresh Prince of Ohio/s/w Officer McCord)","james' ram debut, act one gets blurry when zoomed out too much but this is quickly corrected","Watermarked version is circulating more than the non-watermarked due to a leak. Check with traders for their files! Louis was on for James's track of Belaguered Geek.",2026-01-01,,,"Never Gift",Unrestricted,Bootleg,"MP4 (1080p) - 5.87 GB (02:03:36)","MP4 - 5.87 GB",,"Full Show","New World Stages - Stage 1","New York, NY",2026-07-12,https://encora.it/recordings/2017468/
Video,"Heathers: The Musical","West End",2018-10-27,Evening,hitmewithyourbethshot,"Olivia Moore (u/s Veronica Sawyer), Jamie Muscato (Jason ""J.D."" Dean), Jodie Steele (Heather Chandler), T'Shan Williams (Heather Duke), Sophie Isaacs (Heather McNamara), Dominic Andersen (Ram Sweeney), Christopher Chung (Kurt Kelly), Jenny O'Leary (Martha Dunnstock), Rebecca Lock (Ms. Fleming/Veronica's Mom), Nathan Amzi (Ram's Dad/Big Bud Dean/Coach Ripper), Brandon Lee Sears (u/s Kurt's Dad/u/s Veronica's Dad/u/s Principal Gowan), Alex James-Hatton (Beleaguered Geek/Officer Milner), Jhon Lumsden (Hipster Dork/u/s Officer McCord), Lauren Drew (New Wave Party Girl), Charlotte Jaconelli (Stoner Chick), Merryl Ansah (Drama Club Drama Queen)",,"Stage partially blocked by heads & circle overhang",2019-02-28,,,"Gift at your Discretion",Unrestricted,Bootleg,,"MTS - 11.3 GB",,"Full Show","Theatre Royal Haymarket","London, United Kingdom",2026-08-18,https://encora.it/recordings/5650/
Video,"Heathers: The Musical","Off-West End Revival",2022-05-××,Unknown,,"Ailsa Davidson (Veronica Sawyer), Simon Gordon (Jason ""J.D."" Dean), Maddison Firth (Heather Chandler), Vivian Panka (Heather Duke), Teleri Hughes (Heather McNamara), Rory Phelan (Ram Sweeney), Liam Doyle (Kurt Kelly), Mhairi Angus (Martha Dunnstock), Vicki Lee Taylor (Ms. Fleming/Veronica's Mom), Andy Brady (Ram's Dad/Veronica's Dad/Principal Gowan), Oliver Brooks (Kurt's Dad/Big Bud Dean/Coach Ripper), Benjamin Karran (Beleaguered Geek), Jermaine Woods (Preppy Stud/Officer Milner), Christopher Parkinson (Hipster Dork/Officer McCord), Hannah Lowther (New Wave Party Girl), Mary-Jean Caldwell (Stoner Chick), Eleanor Morrison-Halliday (Young Republicanette), May Tether (Drama Club Drama Queen)",,"Pro-shot filmed in May 2022 with the Off-West End cast, and released on September 16, 2022. Originally released on Roku. Veronica Sawyer does her best to survive her senior year while navigating the beautiful but cruel Heathers, the new to school Jason J.D. Dean, and the constant pressure to fit in with everyone else.
Three versions exist, the one released on Roku, the one released in UK cinemas without ad breaks or BTS moments, and one that contains a BTS of the filming process with no ad breaks.
Multiple Subtitle files exist to correspond to the timing of the different versions. ",,,,"Gift at your Discretion",Unrestricted,Pro-Shot,,"MP4 - 2.26 GB",,"Full Show","The Other Palace Theatre","London, United Kingdom",2026-07-15,https://encora.it/recordings/1131544/
Video,"Heathers: The Musical","West End",2018-11-24,Evening,NYCG8R,"Carrie Hope Fletcher (Veronica Sawyer), Jamie Muscato (Jason ""J.D."" Dean), Jodie Steele (Heather Chandler), T'Shan Williams (Heather Duke), Sophie Isaacs (Heather McNamara), Dominic Andersen (Ram Sweeney), Christopher Chung (Kurt Kelly), Jenny O'Leary (Martha Dunnstock), Amy Booth-Steel (Ms. Fleming/Veronica's Mom), Nathan Amzi (Ram's Dad/Big Bud Dean/Coach Ripper), Brandon Lee Sears (u/s Kurt's Dad/u/s Veronica's Dad/u/s Principal Gowan), Alex James-Hatton (Beleaguered Geek/Officer Milner), Jhon Lumsden (Hipster Dork/u/s Officer McCord), Lauren Drew (New Wave Party Girl), Charlotte Jaconelli (Stoner Chick), Olivia Moore (Young Republicanette), Merryl Ansah (Drama Club Drama Queen)",,"Closing night. A couple heads at the bottom of the screen that obstruct a bit but are shot around when action is downstage.",2019-03-15,,,"Gift at your Discretion",Unrestricted,Bootleg,,"VOB + smalls - 4.22 GB",,"Full Show","Theatre Royal Haymarket","London, United Kingdom",2026-07-15,https://encora.it/recordings/7832/
Video,"Hell's Kitchen",Broadway,2024-05-16,Evening,bikinibottomday,"Maleah Joi Moon (Ali), Shoshana Bean (Jersey), Kecia Lewis-Evans (Miss Liza Jane), Brandon Victor Dixon (Davis), Chris Lee (Knuck), Vanessa Ferguson (Tiny), Jackie Leon (Jessica), Nyseli Vega (Millie), Chad Carstarphen (Ray), Rema Webb (Crystal), Jakeim Hart (Q), Lamont Walker II (Riq), Reid Clarke (Ensemble), Chloe Davis (Ensemble), Nico DeJesus (Ensemble), Timothy L. Edwards (Ensemble), David Guzman (Ensemble), Raechelle Manalo (Ensemble), Sarah Parker (Ensemble), Niki Saludez (Ensemble)","<p>Excellent 4K capture of this new musical! Increased moments of wandering and unfocusing. Spotlight washout somewhat frequently. First minute or so is blocked by people standing up. Very minor head obstruction on the sides. Includes curtain call, audio is fed from external source.</p>",,2024-12-02,,,"Never Gift",Unrestricted,Bootleg,"MP4 (4K) - 10.72 GB","MP4 - 10.7 GB",,"Full Show","Shubert Theatre","New York, NY",2026-08-02,https://encora.it/recordings/2000756/
Video,"Hello, Dolly!","Third West End Revival",2024-07-××,Unknown,Jagweed,"Imelda Staunton (Dolly Gallagher Levi), Andy Nyman (Horace Vandergelder), Jenna Russell (Irene Molloy), Harry Hepple (Cornelius Hackl), Tyrone Huntley (Barnaby Tucker), Emily Lane (Minnie Fay), Emily Langham (Ermengarde/Ensemble), Michael Lin (Ambrose Kemper/Ensemble), Jodie Jacobs (Ernestina/Ensemble), Shirley Jameson (Mrs. Rose/Ensemble), Kraig Thornber (Judge/Ensemble), Matt Overfield (Stanley/Ensemble), Craig Armstrong (Manny/Ensemble), Phil Snowden (Danny/Ensemble), Paul Kemble (Rudy/Ensemble), Alan Bradshaw (Louie/Ensemble), Jabari Braham (Harry/Ensemble), Tom Partridge (Harry/Ensemble), Liam Wrate (Hank/Ensemble), Leo Abad (Ensemble), Lindsay Atherton (Ensemble), Gemma Atkins (Ensemble), Kevin Brewis (Ensemble), Samara Casteallo (Ensemble), Brendan Cull (Ensemble), Jacqueline Hughes (Ensemble), Ashlee Irish (Ensemble), Amira Matthews (Ensemble), Laura Medforth (Ensemble), Wendy-Lee Purdy (Ensemble), Gavin Wilkinson (Ensemble), Edwin Ray (Ensemble), Hayley Diamond (Ensemble), Olly Christopher (Ensemble), Daisy Boyles (Ensemble), Jenni Bowden (Ensemble)","Pretty much a perfect capture of this revival. A handful of focus issues throughout that last only several seconds. Recording includes the curtain call and marquee.",,2025-08-30,,NFS,"Never Gift",Unrestricted,Bootleg,"MP4 (9.8GB)","MP4 - 9.85 GB",,"Full Show","London Palladium","London, United Kingdom",2026-07-16,https://encora.it/recordings/2010129/
Video,Hercules,"West End",2025-08-××,Unknown,MTTZ,"Luke Brady (Hercules), Rhianne Alleyne (u/s Meg), Kimmy Edwards (s/b Thalia), Stephen Carlile (Hades), Malinda Parris (Calliope), Joel Benjamin (Zeus), Robyn Rose (Terpsichore), Ellie Mitchell (Hera), Marie Finlayson (u/s Clio), Trevor Dion Nicholas (Phil), Brianna Ogunbawo (Melpomene), Saffi Needham (Despina), Craig Gallivan (Bob), Lee Zarrett (Charles), Jason Winter (Ensemble), Ope Sowande (Ensemble), Matt Overfield (Ensemble), Ben Nicholas (Ensemble), Stefan Lagoulis (Ensemble), Travis Kerry (Ensemble), Cruz-Troy Hunter (Ensemble), Nicole Carlisle (Ensemble), Jack Butcher (Ensemble), Sarah Benbelaid (Ensemble), Lana Antoniou (Ensemble)","Great capture of this updated Disney adaptation! Shot in a great mix of wides, mediums, and close-ups. Some increased wandering, shaking, and re-adjusting throughout. One brief dropout in act 2. Includes curtain call. Audio is patched in from an external source. Overall a very good capture. ",,2026-02-05,,,"Never Gift",Unrestricted,Bootleg,"MP4 (4K) - 7.31 GB","MP4 - 7.30 GB",,"Full Show","Theatre Royal Drury Lane","London, United Kingdom",2026-07-24,https://encora.it/recordings/2019154/
Video,"Here Lies Love","Center Theatre Group",2026-03-××,Unknown,MTTZ,"Reanne Acasio (Imelda), Chris Renfro (Marcos), Joshua Dela Cruz (Ninoy Aquino), Carol Angeli (Estrella Cumpas), Joan Almedilla (Aurora Aquino), Sarah Kay (Maria Luisa), Aura Mayari (Imeldific), Steven-Adam Agdeppa (Ensemble), Kayla Amistad (Ensemble), Kelvin Co (Ensemble), Joanne Javien Coudriet (Ensemble), Audrey Lyn Crabaño (Ensemble), JeffLorenz Garrido (Ensemble), Garrick Goce Macatangay (Ensemble), Danielle Mendoza (Ensemble), Justine Rafael (Ensemble), Ryan Salazar (Ensemble)","Partial capture, ends 48 minutes in. Solid filming, no obstructions except when the actors were on the balcony in front. Has the constant minor shaking from my previous method of filming.",,,,,"Gift at your Discretion",Unrestricted,Bootleg,"MP4 (3.49 GB)","MP4 - 3.49 GB",,"Partial recording","Mark Taper Forum","Los Angeles, CA",2026-08-09,https://encora.it/recordings/2035347/
Audio,"Hit Machine","Soho Theatre",2026-07-10,Evening,SvetlanaVassy,"Noah Galvin (Alex), Josh Radnor (Wes), Khalil Madovi (Defy the Leader)",,,,NFTF,NFS,"Never Gift",Unrestricted,Bootleg,,"M4A - 389 MB",,"Full Show","Soho Theatre","London, United Kingdom",2026-08-06,https://encora.it/recordings/2036385/
Video,"How to Dance in Ohio",Broadway,2024-02-××,Unknown,juniper47,"Liam Pearce (Drew), Madison Kopec (Marideth), Amelia Fei (Caroline), Imani Russell (Mel), Ashley Wool (Jessica), Desmond Luis Edwards (Remy), Conor Tague (Tommy), Caesar Samayoa (Dr. Amigo), Cristina Sastre (Ashley Amigo), Haven Burton (Terry), Andrew Kober (t/r Michael/t/r Derrick), Darlesia Cearcy (Johanna), Carlos L. Encinias (Kurt/Rick/Hawkins), Melina Kalomas (Amy/Shauna)",,"Filmed from mezzanine in 4K, released in 1080p and 4K. Occasional obstruction from the ladies in front of me who leaned toward each other or leaned forward, but they are brief. A few brief dropouts for applause, scene transitions, and for latecomers and people going to/coming back from the restroom. Otherwise a great capture, with wide-shots for ensemble numbers and closer zooms for individual moments. Includes curtain call.",2024-12-28,,NFS,"Gift at your Discretion",Unrestricted,Bootleg,"MP4 (4K) and MP4 (HD)","MP4 - 19.7 GB",,"Full Show","Belasco Theatre","New York, NY",2026-08-20,https://encora.it/recordings/1157637/
Video,"How to Dance in Ohio",Broadway,2024-01-××,Unknown,StarCuffedJeans,"Liam Pearce (Drew), Madison Kopec (Marideth), Amelia Fei (Caroline), Imani Russell (Mel), Ashley Wool (Jessica), Desmond Luis Edwards (Remy), Conor Tague (Tommy), Caesar Samayoa (Dr. Amigo), Cristina Sastre (Ashley Amigo), Marina Pires (u/s Terry), Nick Gaswirth (Michael/Derrick), Darlesia Cearcy (Johanna), Carlos L. Encinias (Kurt/Rick/Hawkins), Melina Kalomas (Amy/Shauna)",,,2024-09-01,,,"Gift at your Discretion",Unrestricted,Bootleg,"MP4 (HD) - 5.76 GB","MP4 (HD) - 5.76 GB",,"Full Show","Belasco Theatre","New York, NY",2026-07-12,https://encora.it/recordings/1155832/
Video,"How to Dance in Ohio",Broadway,2023-12-28,Evening,bikinibottomday,"Liam Pearce (Drew), Madison Kopec (Marideth), Amelia Fei (Caroline), Imani Russell (Mel), Ashley Wool (Jessica), Desmond Luis Edwards (Remy), Conor Tague (Tommy), Caesar Samayoa (Dr. Amigo), Cristina Sastre (Ashley Amigo), Haven Burton (Terry), Nick Gaswirth (Michael/Derrick), Darlesia Cearcy (Johanna), Carlos L. Encinias (Kurt/Rick/Hawkins), Melina Kalomas (Amy/Shauna)","<p>Okay 4K capture. The first 7 minutes of the show are very obstructed, followed by a minute and a half blackout. The rest of the video still has some head obstruction that blocks off the front of the stage, where unfortunately a lot of action happens in this show. Wandering / readjustment and unfocusing throughout. Includes curtain call, audio fed from external source.</p>",,2024-08-17,,,"Never Gift",Unrestricted,Bootleg,"4K MP4 (9.39GB)","MP4 - 9.39 GB",,"Full Show","Belasco Theatre","New York, NY",2026-07-22,https://encora.it/recordings/1155334/
Audio,"How to Dance in Ohio",Broadway,2023-12-02,Matinee,BoqTheMunchkin,"Liam Pearce (Drew), Madison Kopec (Marideth), Amelia Fei (Caroline), Imani Russell (Mel), Ashley Wool (Jessica), Desmond Luis Edwards (Remy), Conor Tague (Tommy), Caesar Samayoa (Dr. Amigo), Cristina Sastre (Ashley Amigo), Haven Burton (Terry), Nick Gaswirth (Michael/Derrick), Darlesia Cearcy (Johanna), Carlos L. Encinias (Kurt/Rick/Hawkins), Melina Kalomas (Amy/Shauna)",,"Recorded from front orchestra. A very sweet and heartwarming show with lots of heart. File includes company board photo. No TikTok, no Tumblr, no Reddit, etc.",,,,"Gift at your Discretion",Unrestricted,Bootleg,"M4A (untracked) - 59 MB","M4A - 59.7 MB (untracked)",,"Full Show","Belasco Theatre","New York, NY",2026-08-13,https://encora.it/recordings/1151871/
Video,"The Hunchback of Notre Dame (Disney)","West End Concert",2025-08-××,Unknown,hitmewithyourbethshot,"Oliver Hewing (Quasimodo), Christine Allado (Esmeralda), Zachary James (Claude Frollo), Dex Lee (Captain Phoebus de Martin), Adam Strong (Clopin Trouillefou), Ben Joyce (Voice of Quasimodo)","Shot around safety rails, concert staging",,2026-02-14,,,"Gift at your Discretion",Unrestricted,Bootleg,MTS,"MTS - 11.0 GB",,"Full Show","Prince Edward Theatre","London, United Kingdom",2026-07-12,https://encora.it/recordings/2020552/
Audio,"The Hunchback of Notre Dame (Disney)","5th Avenue Theatre",2018-06-17,Matinee,sugarsbuttertrades,"Joshua Castille (Quasimodo), Dan'yelle Williamson (Esmeralda), Allen Fitzpatrick (Claude Frollo), Brandon O'Neill (Captain Phoebus de Martin), Dane Stockinger (Clopin Trouillefou)",,"Beautiful clear audio taken from an incredible production. Joshua (Quasimodo) talks and signs, while his guardian/voice sings! Tracked by NavigateThyMaze.",,,,"Gift at your Discretion",Unrestricted,Bootleg,,"MP3 - 166 MB (tracked)",,"Full Show","5th Avenue Theatre","Seattle, WA",2026-07-28,https://encora.it/recordings/19210/
Video,"The Hunchback of Notre Dame (Disney)","5th Avenue Theatre",2018-06-××,Unknown,omnilegent,"Joshua Castille (Quasimodo), Dan'yelle Williamson (Esmeralda), Allen Fitzpatrick (Claude Frollo), Brandon O'Neill (Captain Phoebus de Martin), Dane Stokinger (Clopin Trouillefou), Gregory Calvin Stone (Lt. Frederic Charlus), Eric Ankrim (Jehan Frollo), Kristin Burch (Florika), Aaron Shanks (Saint Aphrodisius), Jordan Iosua Taylor (King Louis XI), Matt Wolfe (Father Dupin), Candice Donehoo (Madam), EJ Cardona (Voice of Quasimodo), Corinna Lapid Munter (Ensemble), Kody Bringman (Ensemble), Jade Solomon (Ensemble), Davione Gordon (Ensemble), Richard Peacock (Ensemble), Zoe Raphael (Ensemble), Carolyn Willems Van Dijk (Ensemble)","For trade from master only","Only known video of this splendid production! Joshua (Quasimodo) uses ASL and speaks the dialogue! Starts right after Out There, a lot of head obstruction and washout. Includes an amateur remastered version.",,NFTF,NFS,"Never Gift",2:1,Bootleg,MOV,"MOV - 2.98 GB",,"Full Show","5th Avenue Theatre","Seattle, WA",2026-07-29,https://encora.it/recordings/1122424/
Video,"The Hunchback of Notre Dame (Disney)","Paper Mill Playhouse",2015-04-05,Evening,Unknown,"Michael Arden (Quasimodo), Ciara Renée (Esmeralda), Patrick Page (Claude Frollo), Andrew Samonsky (Captain Phoebus de Martin), Erik Liberman (Clopin Trouillefou), Jeremy Stolle (Jehan Frollo), Neal Mayer (Saint Aphrodisius)",,"Multiple files are circulating, including MPGs (7 files, 12.86 GB), an MP4 (3.37 GB or 8.19 GB), and VOBs/smalls (7.39 GB). Of these, the MPGs are the best quality and the VOBs the worst.",,,,"Gift at your Discretion",Unrestricted,Bootleg,"MPG (7 files), 12.86 GB","MP4 - 3.37 GB",,"Full Show","Paper Mill Playhouse","Millburn, NJ",2026-07-12,https://encora.it/recordings/5120/
Audio,"The Hunger Games: On Stage",London,2026-03-20,Matinee,Imgonnawalkintotheocean,"Mia Carragher (Katniss Everdeen), Euan Garrett (Peeta Mellark), Joshua Lacey (Haymitch Abernathy)","Not really sure about the rest of the cast. Will probably edit in the future.","Don’t post on any platform (TikTok, Tumblr, YouTube, Reddit, etc.)
",,,,"Gift at your Discretion",Unrestricted,Bootleg,"m4a 182,8 mb","M4A - 182 MB (untracked)",,"Full Show","Troubadour Canary Wharf Theatre","London, United Kingdom",2026-07-24,https://encora.it/recordings/2030647/
Video,If/Then,"First US National Tour",2016-01-24,Evening,"SJ Bernly","Idina Menzel (Elizabeth), LaChanze (Kate), Trey Ellett (u/s Lucas), James Snyder (Josh), Daren A. Herbert (Stephen), Janine DiVita (Anne), Marc delaCruz (David), Kyra Faith (Elena), Corey Greenan (Deputy Mayor/Others), Cliffton Hall (A Bartender/Others), Xavier Cano (A Soldier/Others), Alicia Taylor Tomasko (A Flight Attendant/Others), Tyler McGee (A Street Musician/Others), English Bernhardt (Paulette/Others), Deedee Magno Hall (Cathy/Others)",,"Idina's last performance. An emotional performance by the whole cast, particularly Idina. Her feelings overcome her during Always Starting Over and the Finale, leading to roaring cheers of support from the crowd. There is also a fantastic blooper during What If: Elizabeth's phone rings and the phone is not in her pocket. Chaos ensues. A really fantastic capture with no obstruction, no washout, and just two quick dropouts in Act One. It's filmed in 16:9, with a mix of wides, mediums, and close-ups. The sound is excellent. Includes curtain call and playbill scans. A",,,,"Gift at your Discretion",Unrestricted,Bootleg,,"VOB + smalls - 7.90 GB",,"Full Show","Segerstrom Center for the Arts","Costa Mesa, CA",2026-08-13,https://encora.it/recordings/186/
Video,"In the Heights",Broadway,2008-02-14,Evening,Unknown,"Lin-Manuel Miranda (Usnavi), Mandy Gonzalez (Nina), Christopher Jackson (Benny), Karen Olivo (Vanessa), Olga Merediz (Abuela Claudia), Carlos Gomez (Kevin), Priscilla Lopez (Camila), Andréa Burns (Daniela), Janet Dacal (Carla), Robin de Jesús (Sonny), Seth Stewart (Graffiti Pete), Eliseo Roman (Piragua Guy), Tony Chiroldes (Ensemble), Rosie Lani Fiedelman (Ensemble), Joshua Henry (Ensemble), Afra Hines (Ensemble), Nina Lafarga (Ensemble), Doreen Montalvo (Ensemble), Javier Muñoz (Ensemble), Krysta Rodriguez (Ensemble), Luis Salgado (Ensemble), Shaun Taylor-Corbett (Ensemble), Rickey Tripp (Ensemble)",,"Well filmed from the balcony on the first night of previews. Occasional heads appear in the bottom of the shot. A bit shaky at times, but overall pretty good, with great close ups.
Multiple copies are circulating; the 4.38 GB file is the same as the 4.18 GB file, except with the menu file duplicated (in both VIDEO_TS.VOB and VTS_01_0.VOB).",,,,"Gift at your Discretion",Unrestricted,Bootleg,,"VOB + smalls - 4.49 GB",,"Full Show","Richard Rodgers Theatre","New York, NY",2026-07-12,https://encora.it/recordings/436/
Video,"In the Heights","Signature Theatre",2025-03-××,Unknown,juniper47,"Ángel Lozada (Usnavi), Victoria Gómez (Nina), Chibueze Ihuoma (Benny), Adriana Scalice (Vanessa), Rayanne Gonzales (Abuela Claudia), Berto Fernández (u/s Kevin), Crissy Guerrero (Camila), Karmine Alers (Daniela), Carianmax Benitez (Carla), Nicolas Garza (Sonny), Michael Marrero (Graffiti Pete), Steven Nicolás Franco (u/s Piragua Guy), Gianna Vasquez Bartolini (s/w Ensemble), Jared Martin (s/w Ensemble), José J. Muñoz (Ensemble), Tony Mercado (s/w Ensemble), Alanna Sibrián (Ensemble), Kristen Tarragó (Ensemble), Miranda Pepin (Ensemble)","Filmed in 4K, largely around heads on the right side of the stage, sometimes those heads obstructing acting when performers were lower toward the ground. When action was to the left or center, there were little to no obstruction. Brief dropouts for applause or when actors got close. Production was done in the round, so some moments are of the back of actors' heads. But still a great capture of well-done production. 
NFT (NOT FOR TRADE) and sales only through master until January 28, 2026.",,2026-01-28,,NFS,"Never Gift",Unrestricted,Bootleg,"MP4 (4K) - 9.46 GB","MP4 - 9.45 GB",,"Full Show","Signature Theatre - The MAX","Arlington, VA",2026-08-10,https://encora.it/recordings/2014875/
Audio,"In the Heights","Cleveland Play House",2024-06-07,Evening,"Medium Observation","Joseph Morales (Usnavi), Addie Morales (Nina), Chibueze Ihuoma (Benny), Kalyn West (Vanessa), Trinidad Snider (Abuela Claudia), Rudy Martinez (Kevin), Michelle Aravena (Camila), Shadia Fairuz (Daniela), Kirstin Angelina Henry (Carla), Gabriel Subervi (Sonny), Courtland Davis (Graffiti Pete), Kevin Solis (Piragua Guy), Amy Romero (s/w Ensemble)",,,,,,"Gift at your Discretion",Unrestricted,Bootleg,,"M4A - 239 MB (untracked)",,"Full Show","Cleveland Play House","Cleveland, OH",2026-08-13,https://encora.it/recordings/2001326/
Video,"In the Heights","Cleveland Play House",2024-06-07,Evening,"Medium Observation","Joseph Morales (Usnavi), Addie Morales (Nina), Chibueze Ihuoma (Benny), Kalyn West (Vanessa), Trinidad Snider (Abuela Claudia), Rudy Martinez (Kevin), Michelle Aravena (Camila), Shadia Fairuz (Daniela), Kirstin Angelina Henry (Carla), Gabriel Subervi (Sonny), Courtland Davis (Graffiti Pete), Kevin Solis (Piragua Guy), Amy Romero (s/w Ensemble)","Excellent capture of this incredible production. Some washout and shakiness, and readjusting throughout.",,2025-01-01,,,"Never Gift",Unrestricted,Bootleg,"MP4 (4K) - 10 GB","MP4 - 10 GB",,"Full Show","Cleveland Play House","Cleveland, OH",2026-08-19,https://encora.it/recordings/2001727/
Audio,"Into the Woods","Theater Group Asia",2025-08-09,Evening,endofthemillennium,"Lea Salonga (Witch), Nyoy Volante (Baker), Mikkie Bradshaw-Volante (Baker's Wife), Arielle Jacobs (Cinderella), Teetin Villanueva (Little Red Riding Hood), Nic Chien (Jack), Joshua Dela Cruz (Wolf/Cinderella's Prince), Mark Bautista (Rapunzel's Prince), Rody Vera (Narrator/Mysterious Man), Eugene Domingo (Jack's Mother), Tex Ordoñez-De Leon (Cinderella's Stepmother), Sarah Facuri (Florinda), Kakki Teodoro (Lucinda), Jamie Wilson (Cinderella's Father/Steward), Joreen Bautista (Rapunzel/Cinderella's Mother), Carla Guevara-Laforteza (Granny/Giant's Voice)","Theater Group Asia’s local production of Into the Woods featuring a star-studded all-Filipino cast. Clear recording with minimal commentary in the background. Video of curtain call included. Do not post any part of this bootleg publicly or share outside the trading community.",,,,NFS,"Never Gift",Unrestricted,Bootleg,"M4A untracked ","M4A - 195 MB (untracked)",,"Full Show","Samsung Performing Arts Theatre - The Circuit","Manila, Philippines",2026-08-02,https://encora.it/recordings/2018867/
Video,"Into the Woods","Second Broadway Revival",2022-06-28,Evening,juniper47,"Patina Miller (Witch), Brian d'Arcy James (Baker), Sara Bareilles (Baker's Wife), Phillipa Soo (Cinderella), Julia Lester (Little Red Riding Hood), Cole Thompson (Jack), Gavin Creel (Wolf/Cinderella's Prince), Joshua Henry (Rapunzel's Prince), David Patrick Kelly (Narrator/Mysterious Man), Aymee Garcia (Jack's Mother), Nancy Opel (Cinderella's Stepmother), Brooke Ishibashi (Florinda), Ta'Nika Gibson (Lucinda), Albert Guerzon (Cinderella's Father), David Turner (Steward), Alysia Velez (Rapunzel), Annie Golden (Granny/Cinderella's Mother/Giant's Voice), Kennedy Kanagawa (Milky White)","Filmed in 4K, released in 1080p and 4K. The very first preview of the Broadway transfer from Encores! earlier in the year. LOTS of cheers and screaming and laughter from fans excited about this production moving to Broadway. A fair amount of obstruction from heads that is worked around as best as possible.",,2023-05-27,,NFS,"Gift at your Discretion",Unrestricted,Bootleg,"MP4 (1080p) & MP4 (4K)","MP4 - 8.41 GB",,"Full Show","St. James Theatre","New York, NY",2026-07-12,https://encora.it/recordings/1137476/
Audio,"Into the Woods","Bridge Theatre",2025-12-09,Evening,walkinginthesun,"Kate Fleetwood (Witch), Jamie Parker (Baker), Katie Brayben (Baker's Wife), Chumisa Dornford-May (Cinderella), Gracie McGonigal (Little Red Riding Hood), Jo Foster (Jack), Oliver Savile (Wolf/Cinderella's Prince), Rhys Whitfield (Rapunzel's Prince), Michael Gould (Narrator/Mysterious Man), Julie Jupp (Jack's Mother), Jennifer Hepburn (Cinderella's Stepmother), Gabrielle Lewis-Dodson (Florinda), Hana Ichijo (Lucinda), Geoffrey Aymer (Cinderella's Father), Hughie O'Donnell (Steward), Bella Brown (Rapunzel), Valda Aviks (Granny/Giant's Voice)",,,,,,"Gift at your Discretion",Unrestricted,Bootleg,"M4A (Untracked)","M4A - 69.4 MB (untracked)",,"Full Show","Bridge Theatre","London, United Kingdom",2026-08-13,https://encora.it/recordings/2037008/
Audio,"Into the Woods","Bridge Theatre",2026-01-21,Evening,walkinginthesun,"Kate Fleetwood (Witch), Jamie Parker (Baker), Katie Brayben (Baker's Wife), Chumisa Dornford-May (Cinderella), Gracie McGonigal (Little Red Riding Hood), Jo Foster (Jack), Oliver Savile (Wolf/Cinderella's Prince), Rhys Whitfield (Rapunzel's Prince), Michael Gould (Narrator/Mysterious Man), Julie Jupp (Jack's Mother), Jennifer Hepburn (Cinderella's Stepmother), Gabrielle Lewis-Dodson (Florinda), Hana Ichijo (Lucinda), Geoffrey Aymer (Cinderella's Father), Hughie O'Donnell (Steward), Bella Brown (Rapunzel), Valda Aviks (Granny/Giant's Voice)",,,,,,"Never Gift",Unrestricted,Bootleg,,"M4A - 69.4 MB (untracked)",,"Full Show","Bridge Theatre","London, United Kingdom",2026-08-13,https://encora.it/recordings/2037035/
Audio,"Into the Woods","Bridge Theatre",2026-04-20,Evening,walkinginthesun,"Melanie La Barrie (Witch), Hughie O'Donnell (Baker), Rachel Tucker (Baker's Wife), Chumisa Dornford-May (Cinderella), Gracie McGonigal (Little Red Riding Hood), Jo Foster (Jack), Oliver Savile (Wolf/Cinderella's Prince), Rhys Whitfield (Rapunzel's Prince), John Owen-Jones (Narrator/Mysterious Man), Julie Jupp (Jack's Mother), Jennifer Hepburn (Cinderella's Stepmother), Gabrielle Lewis-Dodson (Florinda), Hana Ichijo (Lucinda), Geoffrey Aymer (Cinderella's Father), Jack Quarton (Steward), Bella Brown (Rapunzel), Valda Aviks (Granny/Giant's Voice)","First performance for the new cast members",,,,,"Never Gift",Unrestricted,Bootleg,"M4A (untracked)","M4A - 70.1 MB (untracked)",,"Full Show","Bridge Theatre","London, United Kingdom",2026-08-13,https://encora.it/recordings/2037031/
Audio,"Into the Woods","Bridge Theatre",2026-04-15,Evening,walkinginthesun,"Kate Fleetwood (Witch), Hughie O'Donnell (u/s Baker), Katie Brayben (Baker's Wife), Hana Ichijo (u/s Cinderella), Gracie McGonigal (Little Red Riding Hood), Jo Foster (Jack), Jacob Fowler (e/c Wolf/e/c Cinderella's Prince), Rhys Whitfield (Rapunzel's Prince), Michael Gould (Narrator/Mysterious Man), Valda Aviks (u/s Jack's Mother), Jennifer Hepburn (Cinderella's Stepmother), Gabrielle Lewis-Dodson (Florinda), Chloe Saracco (s/b Lucinda), Geoffrey Aymer (Cinderella's Father), Jack Quarton (e/c Steward), Bella Brown (Rapunzel), Sophie Linder-Lee (s/b Granny/s/b Giant's Voice)","Jacob Fowler stepped in to play Wolf/Cinderella's Prince despite not covering this role. Jack Quarton also debuted early before a tech run.",,,,,"Never Gift",Unrestricted,Bootleg,,"M4A - 75.1 MB (untracked)",,"Full Show","Bridge Theatre","London, United Kingdom",2026-08-13,https://encora.it/recordings/2037030/
Audio,"Into the Woods","Bridge Theatre",2026-05-30,Evening,walkinginthesun,"Melanie La Barrie (Witch), Hughie O'Donnell (Baker), Rachel Tucker (Baker's Wife), Chumisa Dornford-May (Cinderella), Gracie McGonigal (Little Red Riding Hood), Jo Foster (Jack), Taite-Elliot Drew (s/b Wolf/s/b Cinderella's Prince), Rhys Whitfield (Rapunzel's Prince), John Owen-Jones (Narrator/Mysterious Man), Julie Jupp (Jack's Mother), Jennifer Hepburn (Cinderella's Stepmother), Gabrielle Lewis-Dodson (Florinda), Hana Ichijo (Lucinda), Geoffrey Aymer (Cinderella's Father), Jack Quarton (Steward), Bella Brown (Rapunzel), Valda Aviks (Granny/Giant's Voice)","Final performance at The Bridge 

Don't publicly post please",,,,,"Never Gift",Unrestricted,Bootleg,,"M4A - 70.8 MB (untracked)",,"Full Show","Bridge Theatre","London, United Kingdom",2026-08-13,https://encora.it/recordings/2037026/
Audio,"Into the Woods","Bridge Theatre",2026-05-29,Evening,walkinginthesun,"Melanie La Barrie (Witch), Hughie O'Donnell (Baker), Sophie Linder-Lee (s/b Baker's Wife), Chumisa Dornford-May (Cinderella), Gabrielle Lewis-Dodson (u/s Little Red Riding Hood), Jo Foster (Jack), Oliver Savile (Wolf/Cinderella's Prince), Rhys Whitfield (Rapunzel's Prince), John Owen-Jones (Narrator/Mysterious Man), Julie Jupp (Jack's Mother), Jennifer Hepburn (Cinderella's Stepmother), Chloe Saracco (s/b Florinda), Hana Ichijo (Lucinda), Taite-Elliot Drew (s/b Cinderella's Father), Jack Quarton (Steward), Bella Brown (Rapunzel), Valda Aviks (Granny/Giant's Voice)","Please do not share these in any way other than trading, including but not limited to posting on TikTok, Youtube, Instagram etc!",,,,,"Never Gift",Unrestricted,Bootleg,,"M4A - 70.5 MB (untracked)",,"Full Show","Bridge Theatre","London, United Kingdom",2026-08-13,https://encora.it/recordings/2037025/
Audio,"Into the Woods","Bridge Theatre",2026-05-19,Evening,walkinginthesun,"Melanie La Barrie (Witch), Hughie O'Donnell (Baker), Rachel Tucker (Baker's Wife), Chumisa Dornford-May (Cinderella), Gracie McGonigal (Little Red Riding Hood), Jo Foster (Jack), Oliver Savile (Wolf/Cinderella's Prince), Rhys Whitfield (Rapunzel's Prince), John Owen-Jones (Narrator/Mysterious Man), Julie Jupp (Jack's Mother), Jennifer Hepburn (Cinderella's Stepmother), Gabrielle Lewis-Dodson (Florinda), Hana Ichijo (Lucinda), Geoffrey Aymer (Cinderella's Father), Jack Quarton (Steward), Bella Brown (Rapunzel), Valda Aviks (Granny/Giant's Voice)","Please do not share these in any way other than trading, including but not limited to posting on TikTok, Youtube, Instagram etc!",,,,,"Never Gift",Unrestricted,Bootleg,"M4A (untracked)","M4A - 70.1 MB (untracked)",,"Full Show","Bridge Theatre","London, United Kingdom",2026-08-13,https://encora.it/recordings/2037024/
Video,"Into the Woods","Bridge Theatre",2026-02-××,Unknown,MTTZ,"Kate Fleetwood (Witch), Jamie Parker (Baker), Katie Brayben (Baker's Wife), Chumisa Dornford-May (Cinderella), Gracie McGonigal (Little Red Riding Hood), Jo Foster (Jack), Taite-Elliot Drew (s/b Wolf/s/b Cinderella's Prince), Rhys Whitfield (Rapunzel's Prince), Michael Gould (Narrator/Mysterious Man), Julie Jupp (Jack's Mother), Jennifer Hepburn (Cinderella's Stepmother), Gabrielle Lewis-Dodson (Florinda), Hana Ichijo (Lucinda), Geoffrey Aymer (Cinderella's Father), Hughie O'Donnell (Steward), Bella Brown (Rapunzel), Valda Aviks (Granny/Giant's Voice)","Great capture of this acclaimed revival! Shot in a great mix of wides, mediums, and close-ups. Increased wandering, shaking, and re-adjusting throughout, with some moments of washout and unfocusing. Audio is patched in from an external source; some scraping and rustling might be heard during readjustment periods. Overall a great capture.",,2026-08-05,,,"Never Gift",Unrestricted,Bootleg,"MP4 (4K)","MP4 - 10.2 GB",,"Full Show","Bridge Theatre","London, United Kingdom",2026-08-05,https://encora.it/recordings/2029449/
Audio,"Into the Woods","Bridge Theatre",2026-05-07,Evening,walkinginthesun,"Melanie La Barrie (Witch), Jack Quarton (u/s Baker), Rachel Tucker (Baker's Wife), Chumisa Dornford-May (Cinderella), Gracie McGonigal (Little Red Riding Hood), Jo Foster (Jack), Oliver Savile (Wolf/Cinderella's Prince), Rhys Whitfield (Rapunzel's Prince), John Owen-Jones (Narrator/Mysterious Man), Julie Jupp (Jack's Mother), Jennifer Hepburn (Cinderella's Stepmother), Gabrielle Lewis-Dodson (Florinda), Hana Ichijo (Lucinda), Geoffrey Aymer (Cinderella's Father), Jacob Fowler (s/b Steward), Bella Brown (Rapunzel), Valda Aviks (Granny/Giant's Voice)","Jack’s Baker debut 

Please do not share these in any way other than trading, including but not limited to posting on TikTok, Youtube, Instagram etc!",,,,,"Never Gift",Unrestricted,Bootleg,,"M4A - 69.9 MB (untracked)",,"Full Show","Bridge Theatre","London, United Kingdom",2026-08-13,https://encora.it/recordings/2037023/
Video,"Into the Woods","Bridge Theatre",2025-12-××,Unknown,hitmewithyourbethshot,"Kate Fleetwood (Witch), Jamie Parker (Baker), Katie Brayben (Baker's Wife), Chumisa Dornford-May (Cinderella), Gracie McGonigal (Little Red Riding Hood), Jo Foster (Jack), Oliver Savile (Wolf/Cinderella's Prince), Rhys Whitfield (Rapunzel's Prince), Michael Gould (Narrator/Mysterious Man), Julie Jupp (Jack's Mother), Jennifer Hepburn (Cinderella's Stepmother), Gabrielle Lewis-Dodson (Florinda), Hana Ichijo (Lucinda), Geoffrey Aymer (Cinderella's Father), Hughie O'Donnell (Steward), Bella Brown (Rapunzel), Valda Aviks (Granny/Giant's Voice)","Shot around heads",,2026-06-15,,,"Gift at your Discretion",Unrestricted,Bootleg,MP4,"MP4 - 8.9 GB",,"Full Show","Bridge Theatre","London, United Kingdom",2026-08-05,https://encora.it/recordings/2027407/
Audio,"Into the Woods","Bridge Theatre",2026-05-02,Evening,walkinginthesun,"Melanie La Barrie (Witch), Hughie O'Donnell (Baker), Rachel Tucker (Baker's Wife), Chumisa Dornford-May (Cinderella), Gracie McGonigal (Little Red Riding Hood), Jo Foster (Jack), Oliver Savile (Wolf/Cinderella's Prince), Rhys Whitfield (Rapunzel's Prince), John Owen-Jones (Narrator/Mysterious Man), Valda Aviks (u/s Jack's Mother), Jennifer Hepburn (Cinderella's Stepmother), Gabrielle Lewis-Dodson (Florinda), Hana Ichijo (Lucinda), Geoffrey Aymer (Cinderella's Father), Jacob Fowler (s/b Steward), Chloe Saracco (s/b Rapunzel), Sophie Linder-Lee (s/b Granny/s/b Giant's Voice)","Please do not share these in any way other than trading, including but not limited to posting on TikTok, Youtube, Instagram etc!",,,,,"Never Gift",Unrestricted,Bootleg,,"M4A - 70.7 MB (untracked)",,"Full Show","Bridge Theatre","London, United Kingdom",2026-08-13,https://encora.it/recordings/2037022/
Video,"Into the Woods",Encores!,"2022-05-×× (4)",Unknown,juniper47,"Heather Headley (Witch), Neil Patrick Harris (Baker), Sara Bareilles (Baker's Wife), Denée Benton (Cinderella), Julia Lester (Little Red Riding Hood), Cole Thompson (Jack), Gavin Creel (Wolf/Cinderella's Prince), Jordan Donica (Rapunzel's Prince), David Patrick Kelly (Narrator/Mysterious Man), Ann Harada (Jack's Mother), Lauren Mitchell (Cinderella's Stepmother), Brooke Ishibashi (Florinda), Ta'Nika Gibson (Lucinda), Albert Guerzon (Cinderella's Father), David Turner (Steward), Shereen Pimentel (Rapunzel), Annie Golden (Granny/Cinderella's Mother/Giant's Voice), Kennedy Kanagawa (Milky White)",,"Closing performance. This is arguably the best of the four. 4K and 1080p, from right mezzanine. Very steady filming. Almost no obstructions—minimal heads in house-right side on widest shots. About 1-minute dropout during Finale when house lights come up. Includes curtain call. Funny mishap when Denée's slipper flew into the audience, causing her to break while Sara went to retrieve it. NPH and Gavin Creel were a little extra goofy, too.",2023-01-15,,NFS,"Gift at your Discretion",Unrestricted,Bootleg,"MP4 (4K) and MP4 (HD)","MP4 - 8.87 GB",,"Full Show","New York City Center - Mainstage","New York, NY",2026-08-21,https://encora.it/recordings/1125553/
Video,"It's Only a Play",Broadway,2015-01-31,Evening,SunsetBlvd79,"Matthew Broderick (Peter Austin), Martin Short (James Wicker), Katie Finneran (Julia Budder), Stockard Channing (Virginia Noyes), F. Murray Abraham (Ira Drew), Rupert Grint (Frank Finger), Micah Stock (Gus P. Head)",,"Beautiful HD capture of the show. Martin Short makes a wonderful addition and is absolutely hilarious. This is when the production switched theatres.",,,,"Gift at your Discretion",Unrestricted,Bootleg,,"VOB + smalls - 8.17 GB",,"Full Show","Gerald Schoenfeld Theatre","New York, NY",2026-07-12,https://encora.it/recordings/5815/
Video,"Jack Wolfe In Concert","54 Below",2024-11-03,Evening,angelofmusicishere,"Jack Wolfe (Performer), Allison Young (g/p Performer)",,,,,,"Gift at your Discretion",Unrestricted,Bootleg,MP4,"MP4 - 5.43 GB",,"Full Show","54 Below","New York, NY",2026-07-12,https://encora.it/recordings/2010838/
Video,"Jack Wolfe In Concert","54 Below",2024-11-16,Evening,ren598,"Jack Wolfe (Performer), Caissie Levy (g/p Performer), Veronika Slowikowska (g/p Performer)",,,,,,"Never Gift",Unrestricted,Bootleg,,"MP4 - 1.49 GB",,"Full Show","54 Below","New York, NY",2026-07-14,https://encora.it/recordings/2021731/
Video,"Jagged Little Pill",Broadway,2021-10-××,Unknown,StarCuffedJeans,"Heidi Blickenstaff (Mary Jane Healy), Morgan Dudley (Frankie Healy), Sean Allan Krill (Steve Healy), Derek Klena (Nick Healy), Lauren Patten (Jo), Kathryn Gallagher (Bella), Adi Roy (Phoenix), Logan Hart (Andrew Montefiore), Veronica Otim (Pharmacist/Therapist), Janine DiVita (Jill/Teacher), Jane Bruce (Denise), Heather Lang (Courtney), Runako Campbell (Barista), John Cardoza (Drug Dealer), Max Kumangai (Doctor), Annelise Baker (Kelsey), Wren Rivera (Ensemble), Ken Wulf Clark (Ensemble), Zach Hess (s/w Ensemble), Yeman Brown (s/w Ensemble)",,"While the master lists the release format as 6.79 GB, the more commonly circulating file is 7.11 GB. Both copies have similar video resolution, but the smaller has brighter coloring (see screenshots).",2022-05-01,,,"Gift at your Discretion",Unrestricted,Bootleg,"MP4 (HD) - 6.79 GB","MP4 (HD) - 6.79 GB",,"Full Show","Broadhurst Theatre","New York, NY",2026-07-12,https://encora.it/recordings/1116800/
Audio,"Jamie Muscato in Concert","Theatre Royal Drury Lane",2026-03-22,Matinee,Imgonnawalkintotheocean,"Jamie Muscato (Performer), Jack Wolfe (g/p Performer)","Tracked on 05.04.2026. If you traded for the untracked version feel free to Email me/Dm me on Discord for the tracked version. !Only the songs not the talking inbetween!
","Don’t post on any platform (TikTok, Tumblr, YouTube, Reddit, etc.)
",,,,"Gift at your Discretion",Unrestricted,Bootleg,"m4a untracked 49,6 mb & mp3 tracked 116,1 mb","M4A (untracked) and MP3 (tracked) - 163 MB",,"Full Show",,,2026-07-13,https://encora.it/recordings/2030648/
Audio,"Jesus Christ Superstar","Second West End Revival",2026-06-27,Evening,Unknown,"Sam Ryder (Jesus Christ), Tyrone Huntley (Judas Iscariot), Desmonda Cathabel (Mary Magdalene), David Thaxton (Pontius Pilate), Bob Harms (Caiaphas), Matty Juniosa (Annas), Phil King (Peter), Billy Nevers (Simon Zealotes), Jesse Tyler Ferguson (King Herod)",,,,,,"Never Gift",Unrestricted,Bootleg,"MP3 (Untracked), 88MB","MP3 - 88.0 MB (untracked)",,"Full Show","London Palladium","London, United Kingdom",2026-07-13,https://encora.it/recordings/2034966/
Video,"John Proctor is the Villain",Broadway,2025-04-××,Unknown,MTTZ,"Sadie Sink (Shelby Holcomb), Gabriel Ebert (Carter Smith), Maggie Kuntz (Ivy Watkins), Amalia Yoo (Raelynn Nix), Morgan Scott (Nell Shaw), Fina Strazza (Beth Powell), Molly Griggs (Bailey Gallagher), Nihar Duvvuri (Mason Adams), Hagan Oliveras (Lee Turner)","Excellent capture of this incredible new play! Shot in a great mix of wides, mediums, and close-ups; more wides than usual due to the staging and lighting of the play. Audio is patched in from an external source. A few brief dropouts. Some increased wandering, shaking, and re-adjusting throughout. Overall an excellent capture of this amazing new play. ",,2025-11-05,,,"Gift at your Discretion",Unrestricted,Bootleg,,"MP4 - 7.78 GB",,"Full Show","Booth Theatre","New York, NY",2026-07-12,https://encora.it/recordings/2013310/
Audio,"Joseph and the Amazing Technicolor Dreamcoat","Manhattan Concert Productions",2020-02-17,Evening,smokeline,"Noah Galvin (Joseph), Alex Newell (Narrator), Eden Espinosa (Narrator), Jessica Vosk (Narrator), Chuck Cooper (Jacob), Andy Karl (Potiphar), Orfeh (Potiphar’s Wife), Brooks Ashmanskas (Baker), Gavin Lee (Butler), Merle Dandridge (Pharaoh), Jay Armstrong Johnson (Reuben), Rodrick Covington (Simeon), Julia Mattison (Levi), Mykal Kilgore (Judah), Daniel Yearwood (Dan), Brian Sears (Napthali), Bonnie Milligan (Gad), Tiffany Mann (Asher), Jason Gotay (Issachar), Mason Grey Zaroff (Benjamin)",,,,,NFS,"Gift at your Discretion",Unrestricted,Bootleg,,"MP3 - 47.8 MB (untracked), 56.5 MB (tracked), 104 MB total",,"Full Show","Lincoln Center - David Geffen Hall","New York, NY",2026-08-20,https://encora.it/recordings/1004412/
Audio,"Joseph and the Amazing Technicolor Dreamcoat","Manhattan Concert Productions",2020-02-17,Evening,nycbound620,"Noah Galvin (Joseph), Alex Newell (Narrator), Eden Espinosa (Narrator), Jessica Vosk (Narrator), Chuck Cooper (Jacob), Andy Karl (Potiphar), Orfeh (Potiphar’s Wife), Brooks Ashmanskas (Baker), Gavin Lee (Butler), Merle Dandridge (Pharaoh), Jay Armstrong Johnson (Reuben), Rodrick Covington (Simeon), Julia Mattison (Levi), Mykal Kilgore (Judah), Daniel Yearwood (Dan), Brian Sears (Napthali), Bonnie Milligan (Gad), Tiffany Mann (Asher), Jason Gotay (Issachar), Mason Grey Zaroff (Benjamin)",,,,,,"Gift at your Discretion",Unrestricted,Bootleg,"MP3 (untracked) - 47.8 MB","MP3 - 47.8 MB (untracked)",,"Full Show","Lincoln Center - David Geffen Hall","New York, NY",2026-08-09,https://encora.it/recordings/27183/
Video,"& Juliet","West End","2022-02-×× (3)",Unknown,Lasagna,"Roshani Abbey (u/s Juliet), Cassidy Janson (Anne Hathaway), Oliver Tompsett (William Shakespeare), Jordan Luke Gage (Romeo), Tim Mahendran (Francois), Christopher Parkinson (u/s May), Melanie La Barrie (Nurse ""Angelique""), David Bedella (Lance), Jocasta Almgill (Lady Capulet/Nell), Billy Nevers (s/w Lord Capulet/s/w Cuthbert), Kirstie Skivington (Benvolio/Eleanor), Antoine Murray-Straughan (Augustine), Sophie Usher (s/w Gwynne), Alex Tranter (Henry), Kieran Lai (Kempe), Jaye Marshall (s/w Margaret), Rhys Wilkinson (Richard), Kerri Norville (Susanna)",,"Great capture of Roshani's last scheduled show as Juliet! Video starts just after Larger Than Life. Shot from the stalls with minor obstruction from heads, I opt for a lot of wider shots here but the focus is still very much on Roshani. Occasional issues with camera focus and washout aside, this is a great video of a great show.",2023-12-29,,,"Gift at your Discretion",Unrestricted,Bootleg,"MP4 (HD) - 4.82 GB","MP4 - 4.8 GB",,"Full Show","Shaftesbury Theatre","London, United Kingdom",2026-08-13,https://encora.it/recordings/1124865/
Video,"& Juliet","West End",2022-11-××,Unknown,hitmewithyourbethshot,"Bessy Ewa (u/s Juliet), Cassidy Janson (Anne Hathaway), Oliver Tompsett (William Shakespeare), Tom Francis (Romeo), Billy Nevers (Francois), Jo Foster (May), Cassandra Lee (u/s Nurse ""Angelique""), Nicolas Colicos (Lance), Sophie Usher (s/w Lady Capulet/s/w Gwynne), Ivan de Freitas (Lord Capulet/Sly), Collette Guitart (Benvolio/Eleanor), Owen Saward (Augustine), Aaron Shales (s/w Fletcher), Carl Man (Gregory), Alex Tranter (Henry), Rhian Duncan (Imogen), Rhys Wilkinson (Richard), Ebony Clarke (Susanna), Jaz Terry (s/w Thomas), Suki Wong (s/w Viola)",,"MTS, shot around heads
Aaron was on for Zara MacIntosh's track, a female track, but Collette played Rosaline. Suki was on for Bessy's track and Jaz was on for Christian Maynard's.",2023-04-30,,,"Gift at your Discretion",Unrestricted,Bootleg,"MTS (HD)","MTS - 14.7 GB",,"Full Show","Shaftesbury Theatre","London, United Kingdom",2026-08-03,https://encora.it/recordings/1135141/
Video,"& Juliet",Broadway,2022-11-××,Unknown,Lasagna,"Lorna Courtney (Juliet), Betsy Wolfe (Anne Hathaway), Stark Sands (William Shakespeare), Daniel J. Maldonado (u/s Romeo), Philippe Arroyo (Francois), Justin David Sullivan (May), Melanie La Barrie (Nurse ""Angelique""), Paulo Szot (Lance), Veronica Otim (Lady Capulet/Nell), Nicholas Edwards (Lord Capulet/Sly), Tiernan Tunnicliffe (Benvolio/Eleanor), Virgil Gadson (Augustine), Matt Raffy (Gregory), Joe Moeller (Henry), Jasmine Rafael (Imogen), Rachel Webb (Judith), Joomin Hwang (Kempe), Megan Kane (Lucy), Bobby ""Pocket"" Horner (Rumour), Michael Iván Carrier (s/w Thomas)",,"Near-perfect capture of the original Broadway cast in their last week of previews! Very minor obstruction from a railing only visible in extreme wide shots.",2023-12-29,,,"Gift at your Discretion",Unrestricted,Bootleg,"MP4 (4K)","MP4 - 9.17 GB",,"Full Show","Stephen Sondheim Theatre","New York, NY",2026-08-12,https://encora.it/recordings/1135037/
Video,"& Juliet","West End","2022-03-×× (4)",Unknown,Lasagna,"Miriam-Teak Lee (Juliet), Kirstie Skivington (u/s Anne Hathaway), Oliver Tompsett (William Shakespeare), Jordan Luke Gage (Romeo), Billy Nevers (u/s Francois), Alex Thomas-Smith (May), Melanie La Barrie (Nurse ""Angelique""), David Bedella (Lance), Jocasta Almgill (Lady Capulet/Nell), Ivan de Freitas (Lord Capulet/Sly), Jaye Marshall (s/w Benvolio/s/w Margaret), Antoine Murray-Straughan (Augustine), Christopher Parkinson (s/w Fletcher), Nathan Lorainey-Dineen (Gregory), Alex Tranter (Henry), Rhian Duncan (Imogen), Grace Mouat (Judith), Kieran Lai (Kempe), Roshani Abbey (Lucy), Kerri Norville (Susanna)","Good capture of Kirstie and Billy's final shows as cover Anne and Francois! Both give strong emotional performances. Very minor obstruction from two heads at the bottom visible in some scenes. Video starts in the scene after Larger than Life but is otherwise full",,2023-12-29,,,"Gift at your Discretion",Unrestricted,Bootleg,"MP4 (4K)","MP4 - 9.26 GB",,"Full Show","Shaftesbury Theatre","London, United Kingdom",2026-08-09,https://encora.it/recordings/1130496/
Audio,"& Juliet",Broadway,2026-06-19,Unknown,thesquirrelqueer,"Gianna Harris (Juliet), Alison Luff (Anne Hathaway), Drew Gehling (William Shakespeare), Liam Pearce (Romeo), Nathan Levy (Francois), Gabe Amato (u/s May), Chrissy Metz (Nurse ""Angelique""), Reese Britts (t/r Lance), Mackenzie Meadows (Lady Capulet/Nell), Daniel J. Maldonado (s/w Lord Capulet/s/w Fletcher/s/w Bouncer), Elsa Keefe (Benvolio/Eleanor/Portia), Darien Van Rensalier (Augustine), Laurie Hernandez (Charmion), Alaina Vi Maderal (s/w Gwynne), Daniel Assetta (Henry/Bathroom Attendant), Jhailyn Paige Farcon (Imogen), Zalah Vallien (Judith/Rosaline), Joomin Hwang (Kempe), Nicholas Cooper (s/w Lennox), Cassie Silva (Lucy/Helena)","Reese is temporary principal Lance, Dan was on as his usual Lord Capulet track. Gabe was on as May, Alaina was on as Gregory (Gabe's track) and Nicholas was on for Richard (Makai’s track)

Rules: Please do not post ANY part of these recordings on ANY social media platform (including, but not limited to TikTok, Tumblr, Youtube, Instagram, etc.) No trading or gifting except through me.",,,NFTF,,"Gift at your Discretion",Unrestricted,Bootleg,"M4A (untracked) - 58.6 MB","M4A - 58.6 MB (untracked)",,"Full Show","Stephen Sondheim Theatre","New York, NY",2026-08-13,https://encora.it/recordings/2034644/
Video,"& Juliet",Broadway,2025-02-18,Evening,bikinibottomday,"Maya Boyd (Juliet), Alison Luff (Anne Hathaway), Drew Gehling (William Shakespeare), Liam Pearce (Romeo), Joomin Hwang (u/s Francois), Michael Iván Carrier (May), Jeannette Bayardelle (t/r Nurse ""Angelique""), Joey Fatone (Lance), Mackenzie Meadows (Lady Capulet/Nell), Reese Britts (Lord Capulet/Sly), Elsa Keefe (Benvolio/Eleanor), Darien Van Rensalier (Augustine), Charli D'Amelio (Charmion), Gabe Amato (Gregory), Daniel Assetta (Henry), Jhailyn Paige Farcon (Imogen), Khailah Johnson (Judith), Nicholas Cooper (s/w Lennox), Cassie Silva (Lucy), Makai Hernandez (Richard)","Excellent 4K capture of Joomin as Frankie! Very minor head obstruction that doesn't block off anything. Some wandering and unfocusing throughout. Includes curtain call, audio fed from external source.",,2026-05-10,,,"Never Gift",Unrestricted,Bootleg,"4K MP4 (9.39GB)","MP4 - 9.39 GB","vocal powerhouses all around!","Full Show","Stephen Sondheim Theatre","New York, NY",2026-07-22,https://encora.it/recordings/2022538/
Audio,"& Juliet",Broadway,2026-05-28,Evening,thesquirrelqueer,"Gianna Harris (Juliet), Alison Luff (Anne Hathaway), Drew Gehling (William Shakespeare), Liam Pearce (Romeo), Nathan Levy (Francois), Nicholas Cooper (u/s May), Jeannette Bayardelle (Nurse ""Angelique""), James Monroe Iglehart (Lance), Mackenzie Meadows (Lady Capulet/Nell), Reese Britts (Lord Capulet/Sly/Bouncer), Elsa Keefe (Benvolio/Eleanor/Portia), Esosa Oviasu (s/w Augustine/s/w Cuthbert), Laurie Hernandez (Charmion), Daniel J. Maldonado (s/w Fletcher), Daniel Assetta (Henry/Bathroom Attendant), Jhailyn Paige Farcon (Imogen), Zalah Vallien (Judith/Rosaline), Joomin Hwang (Kempe), Cassie Silva (Lucy/Helena), Makai Hernandez (Richard)","Notes: Nicholas was on as May, Dan was on as Gregory (Gabe's track) and Esosa was on for Augustine (Darien's track)

Rules: Please do not post ANY part of these recordings on ANY social media platform (including, but not limited to TikTok, Tumblr, Youtube, Instagram, etc.) No trading or gifting except through Master.",,,NFTF,,"Never Gift",Unrestricted,Bootleg,,"M4A - 57.4 MB (untracked)",,"Full Show","Stephen Sondheim Theatre","New York, NY",2026-08-13,https://encora.it/recordings/2034189/
Audio,"& Juliet",Broadway,2026-06-25,Evening,thesquirrelqueer,"Mackenzie Meadows (u/s Juliet), Alison Luff (Anne Hathaway), Drew Gehling (William Shakespeare), Liam Pearce (Romeo), Joomin Hwang (u/s Francois), Gabe Amato (u/s May), Chrissy Metz (Nurse ""Angelique""), Reese Britts (t/r Lance), Romy Vuksan (s/w Lady Capulet), Esosa Oviasu (s/w Lord Capulet/s/w Bouncer), Elsa Keefe (Benvolio/Eleanor/Portia), Darien Van Rensalier (Augustine), Laurie Hernandez (Charmion), Ishmael González (s/w Gregory), Alaina Vi Maderal (s/w Gwynne), Daniel Assetta (Henry/Bathroom Attendant), Cassie Silva (Lucy/Helena), TJ Tapp (s/w Margaret/s/w Rosaline), Christopher Robert Hanford (s/w Richard), Kenneth Onesimus Goubran (s/w Tooley)","Cover chaos for pride night! Mackenzie as Juliet, Joomin as Francois, Gabe as May. Romy was on for Lady Capulet (Mackenzie's usual track), Kenneth was on for Kempe (Joomin's track). Reese is temporary principal Lance, Esosa was on as his usual Lord Capulet track. Ishmael is here as emergency cover Gregory (Gabe's track). Christopher was on for Richard (Makai’s track), Alaina was on for Imogen (Jhailyn's track), and TJ was on for Rosaline (Zalah's track). Includes talkback with the cast and and the Senior Director of Communications of the Trevor Project, Jackson Budinger. 

Rules: Please do not post ANY part of these recordings on ANY social media platform (including, but not limited to TikTok, Tumblr, Youtube, Instagram, etc.) No trading or gifting except through me.",,,NFTF,,"Gift at your Discretion",Unrestricted,Bootleg,"M4A (untracked) - 67.4 MB","M4A - 67.4 MB (untracked)",,"Full Show","Stephen Sondheim Theatre","New York, NY",2026-08-13,https://encora.it/recordings/2036466/
Audio,"& Juliet","UK Tour",2025-01-29,Matinee,walkinginthesun,"Gerardine Sacdalan (Juliet), Lara Denning (Anne Hathaway), Jay McGuiness (William Shakespeare), Liam Morris (u/s Romeo), Kyle Cox (Francois), Jordan Broatch (May), Sandra Marvin (Nurse ""Angelique""), Ranj Singh (Lance), Katie Ramshaw (Lady Capulet/Nell), Harriet Caplan-Dean (Benvolio/Eleanor), Andilé Mabhena (Augustine), Samuel Wilson-Freeman (s/w Fletcher), Aaron Shales (Gregory), Michael Nelson (Henry), Rosie Singha (Judith), Alexander Kranz (Lennox), Psalms-Nissi Myers-Reid (Lucy)",,,,,,"Gift at your Discretion",Unrestricted,Bootleg,"62.2 MB - M4A (Untracked)","M4A - 62.2 MB (untracked)",,"Full Show",,,2026-08-11,https://encora.it/recordings/2036945/
Audio,"& Juliet","UK Tour",2025-03-15,Matinee,walkinginthesun,"Psalms-Nissi Myers-Reid (alt Juliet), Lara Denning (Anne Hathaway), Jay McGuiness (William Shakespeare), Jack Danson (Romeo), Kyle Cox (Francois), Jordan Broatch (May), Sandra Marvin (Nurse ""Angelique""), Ranj Singh (Lance), Katie Ramshaw (Lady Capulet/Nell), Harriet Caplan-Dean (Benvolio/Eleanor), Andilé Mabhena (Augustine), Samuel Wilson-Freeman (s/w Fletcher), Michael Nelson (Henry), Rosie Singha (Judith), Alexander Kranz (Lennox), Liam Morris (Richard), Toni Paise (s/w Viola)",,,,,,"Gift at your Discretion",Unrestricted,Bootleg,"M4A (Untracked)","M4A - 61.4 MB (untracked)",,"Full Show",,,2026-08-13,https://encora.it/recordings/2036988/
Audio,"& Juliet","UK Tour",2025-02-01,Matinee,walkinginthesun,"Psalms-Nissi Myers-Reid (alt Juliet), Lara Denning (Anne Hathaway), Jay McGuiness (William Shakespeare), Liam Morris (u/s Romeo), Kyle Cox (Francois), Jordan Broatch (May), Sandra Marvin (Nurse ""Angelique""), Ranj Singh (Lance), Katie Ramshaw (Lady Capulet/Nell), Harriet Caplan-Dean (Benvolio/Eleanor), Andilé Mabhena (Augustine), Samuel Wilson-Freeman (s/w Fletcher), Aaron Shales (Gregory), Michael Nelson (Henry), Rosie Singha (Judith), Alexander Kranz (Lennox), Toni Paise (s/w Viola)",,,,,,"Gift at your Discretion",Unrestricted,Bootleg,"M4A (Untracked)","M4A - 62.7 MB (untracked)",,"Full Show",,,2026-08-11,https://encora.it/recordings/2037066/
Video,"& Juliet",Broadway,2025-03-23,Evening,bikinibottomday,"Maya Boyd (Juliet), Alison Luff (Anne Hathaway), Daniel Assetta (u/s William Shakespeare), Liam Pearce (Romeo), Makai Hernandez (u/s Francois), Michael Iván Carrier (May), Jeannette Bayardelle (t/r Nurse ""Angelique""), Hayden Tee (Lance), Mackenzie Meadows (Lady Capulet/Nell), Reese Britts (Lord Capulet/Sly), Elsa Keefe (Benvolio/Eleanor), Darien Van Rensalier (Augustine), Charli D'Amelio (Charmion), Gabe Amato (Gregory), Jhailyn Paige Farcon (Imogen), Khailah Johnson (Judith), Joomin Hwang (Kempe), Nicholas Cooper (s/w Lennox), Cassie Silva (Lucy), Joe Moeller (s/w Sharpe)","Good 4K capture of Dan as Shakespeare! First 20 minutes are more washed out than usual due to the exposure resetting, was fixed for “Domino.” Missing a minute of “Oops I Did It Again” and another of “Fuckin’ Perfect.” Increased wandering and unfocusing throughout. Includes curtain call and the post-show BC/EFA speech, audio is fed from external source.",,2026-05-10,,,"Never Gift",Unrestricted,Bootleg,"4K MP4 (9.58GB)","MP4 - 9.58 GB",,"Full Show","Stephen Sondheim Theatre","New York, NY",2026-07-22,https://encora.it/recordings/2022537/
Video,"& Juliet",Broadway,2025-08-08,Evening,bikinibottomday,"Gianna Harris (Juliet), Alison Luff (Anne Hathaway), Drew Gehling (William Shakespeare), Liam Pearce (Romeo), Nathan Levy (Francois), Nicholas Cooper (u/s May), Cheryl Porter (Nurse ""Angelique""), James Monroe Iglehart (Lance), Mackenzie Meadows (Lady Capulet/Nell), Reese Britts (Lord Capulet/Sly), Elsa Keefe (Benvolio/Eleanor), Charli D'Amelio (Charmion), Alejandro MullerDahlberg (s/w Crosse), Esosa Oviasu (s/w Cuthbert), Gabe Amato (Gregory), Daniel Assetta (Henry), Jhailyn Paige Farcon (Imogen), Zalah Vallien (Judith), Cassie Silva (Lucy), Makai Hernandez (Richard)","Excellent 4K capture of Nicholas as May! Some wandering and unfocusing throughout. Includes curtain call, audio fed from external source.
","Alejandro was on for Darien Van Rensalier's track and Esosa was on for Joomin Hwang's.",2026-05-10,,,"Never Gift",Unrestricted,Bootleg,"MP4 (4K) - 9.5 GB","MP4 - 9.50 GB",,"Full Show","Stephen Sondheim Theatre","New York, NY",2026-07-14,https://encora.it/recordings/2022553/
Video,"& Juliet","First US National Tour",2025-09-××,Unknown,MTTZ,"Lois Ellise (t/r Juliet), Teal Wicks (Anne Hathaway), Corey Mach (William Shakespeare), Michael Canu (Romeo), Mateus Leite Cardoso (Francois), Nick Drake (May), Kathryn Allison (Nurse ""Angelique""), Paul-Jordan Jansen (Lance), Nicole Lamb (s/w Lady Capulet/s/w Margaret), Francisco Thurston (Lord Capulet/Cuthbert), Kate Mina Lin (Benvolio/Eleanor), Kenneth Onesimus Goubran (Augustine), Yoshi Maysonet (Dion), Ishmael González (Gregory), Christopher Robert Hanford (Henry), Camille Brooks (Judith), Jourdan Ibe (s/w Lennox), Shelby Griswold (Lucy)","Great capture of the year 1 cast’s final tour stop! Shot in a great mix of wides, mediums, and close-ups. Some increased wandering, shaking, and re-adjusting throughout, with a lack of my normal stabilization due to being far from the stage. Does not include the encore or bows. Audio is patched in from an external source. Overall a great capture.","Lois took over as principal Juliet on August 26, 2025 after Rachel Webb's departure and before Fabiola Caraballo Quijada started her run as the official Year 2 Juliet on September 24. Jourdan was on for Josh Jordan's track.",2026-04-05,,,"Gift at your Discretion",Unrestricted,Bootleg,,"MP4 - 9.02 GB",,"Full Show","Renée and Henry Segerstrom Concert Hall","Costa Mesa, CA",2026-08-09,https://encora.it/recordings/2022977/
Audio,"& Juliet",Broadway,2025-11-08,Evening,BoqTheMunchkin,"Gianna Harris (Juliet), Cassie Silva (u/s Anne Hathaway), Drew Gehling (William Shakespeare), Liam Pearce (Romeo), Nathan Levy (Francois), Michael Iván Carrier (May), Cheryl Porter (Nurse ""Angelique""), Hayden Tee (t/r Lance), Mackenzie Meadows (Lady Capulet/Nell), Reese Britts (Lord Capulet/Sly), Shelby Griswold (t/r Benvolio/t/r Eleanor), Darien Van Rensalier (Augustine), Halima Dodo (Charmion), Gabe Amato (Gregory), Alaina Vi Maderal (s/w Gwynne), Daniel Assetta (Henry), Jhailyn Paige Farcon (Imogen), Joomin Hwang (Kempe), Makai Hernandez (Richard), Brittany Nicholas (s/w Viola)","Recorded from standing room for the first act and then rear mezzanine for the second act. Gianna’s Juliet is perfection and I loved her so much. Cassie was a fun Anne, Cheryl’s Perfect was so good, and I love Hayden Tee’s Lance. Liam is such an incredible Romeo as well. File includes understudy board, company board, and includes Drew Gehling’s Broadway Cares speech. ","Brittany was on as Rosaline, Zalah Vallien's track. Alaina was on as Helena, Cassie's track.
No TikTok, no Reddit, no Tumblr. List as BoqTheMunchkin's master.",,,NFS,"Never Gift",Unrestricted,Bootleg,,"M4A - 63.6 MB (untracked)",,"Full Show","Stephen Sondheim Theatre","New York, NY",2026-08-13,https://encora.it/recordings/2024184/
Video,"& Juliet",Broadway,2025-09-××,Unknown,juniper47,"Zalah Vallien (u/s Juliet), Alison Luff (Anne Hathaway), Drew Gehling (William Shakespeare), Liam Pearce (Romeo), Gabe Amato (u/s Francois), Michael Iván Carrier (May), Cheryl Porter (Nurse ""Angelique""), James Monroe Iglehart (Lance), Mackenzie Meadows (Lady Capulet/Nell), Reese Britts (Lord Capulet/Sly), Alaina Vi Maderal (s/w Benvolio/s/w Gwynne), Darien Van Rensalier (Augustine), Halima Dodo (Charmion), Alejandro MullerDahlberg (s/w Crosse), Daniel J. Maldonado (s/w Fletcher), Jhailyn Paige Farcon (Imogen), Joomin Hwang (Kempe), Nicholas Cooper (s/w Lennox), Cassie Silva (Lucy), TJ Tapp (s/w Margaret)","Filmed in 4K from mezzanine. A little bit of obstruction from a head during Act 1, much less in Act 2 except when people in front leaned or moved around. Dropouts for applause and late-comers. More wide shots in ensemble numbers to capture some of the understudies/swings that were on. Includes obstructed curtain call. 
NFT (NOT FOR TRADE) and sales only through master until June 28, 2026. Never to be sold except through juniper47.",,2026-06-28,,NFS,"Never Gift",Unrestricted,Bootleg,"MP4 (4K) - 10.1 GB","MP4 - 10.1 GB",,"Full Show","Stephen Sondheim Theatre","New York, NY",2026-07-22,https://encora.it/recordings/2029552/
Audio,"& Juliet",Broadway,2026-03-18,Matinee,thesquirrelqueer,"Gianna Harris (Juliet), Alison Luff (Anne Hathaway), Daniel J. Maldonado (u/s William Shakespeare), Liam Pearce (Romeo), Nathan Levy (Francois), Michael Iván Carrier (May), Jeannette Bayardelle (Nurse ""Angelique""), Reese Britts (u/s Lance), Mackenzie Meadows (Lady Capulet/Nell), Kenneth Onesimus Goubran (s/w Lord Capulet/s/w Tooley), Elsa Keefe (Benvolio/Eleanor), Darien Van Rensalier (Augustine), Laurie Hernandez (Charmion), Gabe Amato (Gregory), Jhailyn Paige Farcon (Imogen), Zalah Vallien (Judith), Joomin Hwang (Kempe), Nicholas Cooper (s/w Lennox), Makai Hernandez (Richard), Romy Vuksan (s/w Viola)","Daniel J. Maldonado's Shakespeare debut! Reese was also on as Lance, Kenneth as Reese's usual track, Nicholas as Daniel A's, and Romy as Cassie's. ",,,NFTF,NFS,"Never Gift",Unrestricted,Bootleg,,"M4A - 58.2 MB (untracked)",,"Full Show","Stephen Sondheim Theatre","New York, NY",2026-08-13,https://encora.it/recordings/2030502/
Audio,"& Juliet",Broadway,2024-11-03,Matinee,changetheirstories,"Khailah Johnson (u/s Juliet), Alison Luff (Anne Hathaway), Daniel Assetta (u/s William Shakespeare), Liam Pearce (Romeo), Makai Hernandez (t/r Francois), Michael Iván Carrier (May), Jeannette Bayardelle (t/r Nurse ""Angelique""), Paulo Szot (Lance), Romy Vuksan (s/w Lady Capulet/s/w Viola), Reese Britts (Lord Capulet/Sly), Elsa Keefe (Benvolio/Eleanor), Darien Van Rensalier (Augustine), Charli D'Amelio (Charmion), Alejandro MullerDahlberg (s/w Crosse), Daniel J. Maldonado (s/w Fletcher), Alaina Vi Maderal (s/w Gwynne), Jhailyn Paige Farcon (Imogen), Joomin Hwang (Kempe), Nicholas Cooper (s/w Lennox), Ava Noble (s/w Titania)",,"Romy's Broadway debut! She was originally a swing on the & Juliet Australian Tour. Ava was on as Rosaline, Khailah's track. Alaina was on as Helena, Cassie Silva's track. Alejandro was on as the Bathroom Attendant, Daniel Assetta's track. Daniel J Maldonado was on for Gabe Amato's track.",,,,"Gift at your Discretion",Unrestricted,Bootleg,,"MP3 - 169 MB (untracked)",,"Full Show","Stephen Sondheim Theatre","New York, NY",2026-08-03,https://encora.it/recordings/2013592/
Video,"& Juliet",Broadway,2024-07-13,Matinee,bikinibottomday,"Maya Boyd (Juliet), Betsy Wolfe (Anne Hathaway), Austin Scott (William Shakespeare), Makai Hernandez (u/s Romeo), Philippe Arroyo (Francois), Justin David Sullivan (May), Jeannette Bayardelle (t/r Nurse ""Angelique""), David Bedella (t/r Lance), Brittany Nicholas (s/w Lady Capulet/s/w Viola), Andrew Chappelle (Lord Capulet/Sly), Tiernan Tunnicliffe (Benvolio/Eleanor), Virgil Gadson (Augustine), Matt Raffy (Gregory), Daniel Assetta (Henry), Jasmine Rafael (Imogen), Khailah Johnson (Judith), Joomin Hwang (Kempe), Megan Kane (Lucy), Bobby ""Pocket"" Horner (Rumour), Michael Iván Carrier (s/w Thomas)","Excellent 4K capture of Makai as Romeo! First ten minutes are a bit rough, with a few short blackouts and wide shots, but it gets better as it goes on. Some wandering / readjustment and unfocusing throughout. Includes curtain call, audio is fed from external source.","Michael was on for Makai's track.",2025-07-02,,NFS,"Never Gift",Unrestricted,Bootleg,"MP4 (4K) - 9.85 GB","MP4 - 9.8 GB",,"Full Show","Stephen Sondheim Theatre","New York, NY",2026-08-19,https://encora.it/recordings/2008944/
Video,"& Juliet",Broadway,2024-11-19,Evening,bikinibottomday,"Maya Boyd (Juliet), Cassie Silva (u/s Anne Hathaway), Drew Gehling (William Shakespeare), Liam Pearce (Romeo), Nathan Levy (Francois), Michael Iván Carrier (May), Jeannette Bayardelle (t/r Nurse ""Angelique""), Paulo Szot (Lance), Najah Hetsberger (Lady Capulet/Nell), Reese Britts (Lord Capulet/Sly), Elsa Keefe (Benvolio/Eleanor), Darien Van Rensalier (Augustine), Charli D'Amelio (Charmion), Daniel J. Maldonado (s/w Fletcher), Gabe Amato (Gregory), Daniel Assetta (Henry), Jhailyn Paige Farcon (Imogen), Khailah Johnson (Judith), Makai Hernandez (Richard), Ava Noble (s/w Titania)","Excellent 4K capture of Cassie and Nathan’s debuts in their respective roles! Some wandering / readjustment and unfocusing throughout. Act Two is filmed from a more central angle compared to Act One, and has very slightly more obstruction. Includes curtain call and the post-show BC/EFA speech, audio is fed from external source.",,2025-06-02,,,"Never Gift",Unrestricted,Bootleg,"MP4 (4K) - 9.67 GB","MP4 - 9.67 GB",,"Full Show","Stephen Sondheim Theatre","New York, NY",2026-07-13,https://encora.it/recordings/2007737/
Audio,"& Juliet",Broadway,2025-01-09,Evening,ColorAndLight,"Mackenzie Meadows (u/s Juliet), Alison Luff (Anne Hathaway), Drew Gehling (William Shakespeare), Liam Pearce (Romeo), Nathan Levy (Francois), Michael Iván Carrier (May), Cassie Silva (u/s Nurse ""Angelique""), Paulo Szot (Lance), Romy Vuksan (s/w Lady Capulet/s/w Viola), Reese Britts (Lord Capulet/Sly), Elsa Keefe (Benvolio/Eleanor), Darien Van Rensalier (Augustine), Charli D'Amelio (Charmion), Gabe Amato (Gregory), Alaina Vi Maderal (s/w Gwynne), Daniel Assetta (Henry), Jhailyn Paige Farcon (Imogen), Joomin Hwang (Kempe), Makai Hernandez (Richard), Ava Noble (s/w Titania)","Mackenzie’s Juliet (and Broadway!) debut!","Ava was on as Rosaline, Khailah Johnson's track. Alaina was on as Helena, Cassie's track.",,,,"Gift at your Discretion",Unrestricted,Bootleg,,"M4A - 61.4 MB (untracked)",,"Full Show","Stephen Sondheim Theatre","New York, NY",2026-08-03,https://encora.it/recordings/2008959/
Audio,"& Juliet",Broadway,2024-11-19,Evening,httrading,"Maya Boyd (Juliet), Cassie Silva (u/s Anne Hathaway), Drew Gehling (William Shakespeare), Liam Pearce (Romeo), Nathan Levy (Francois), Michael Iván Carrier (May), Jeannette Bayardelle (t/r Nurse ""Angelique""), Paulo Szot (Lance), Najah Hetsberger (Lady Capulet/Nell), Reese Britts (Lord Capulet/Sly), Elsa Keefe (Benvolio/Eleanor), Darien Van Rensalier (Augustine), Charli D'Amelio (Charmion), Daniel J. Maldonado (s/w Fletcher), Gabe Amato (Gregory), Daniel Assetta (Henry), Jhailyn Paige Farcon (Imogen), Khailah Johnson (Judith), Makai Hernandez (Richard), Ava Noble (s/w Titania)","Cassie Anne and Nathan Francois debut. Jeanette was amazing that night. Please do not post/share publicly/TikTok.",,,,,"Gift at your Discretion",Unrestricted,Bootleg,"MP3 (untracked) - 138 MB","MP3 - 138 MB (untracked)",,"Full Show","Stephen Sondheim Theatre","New York, NY",2026-08-20,https://encora.it/recordings/2007032/
Audio,"& Juliet",Broadway,2024-11-09,Evening,ColorAndLight,"Maya Boyd (Juliet), Alison Luff (Anne Hathaway), Daniel Assetta (u/s William Shakespeare), Liam Pearce (Romeo), Makai Hernandez (t/r Francois), Michael Iván Carrier (May), Jeannette Bayardelle (t/r Nurse ""Angelique""), Paulo Szot (Lance), Najah Hetsberger (Lady Capulet/Nell), Reese Britts (Lord Capulet/Sly), Elsa Keefe (Benvolio/Eleanor), Darien Van Rensalier (Augustine), Charli D'Amelio (Charmion), Esosa Oviasu (s/w Cuthbert), Gabe Amato (Gregory), Jhailyn Paige Farcon (Imogen), Khailah Johnson (Judith), Joomin Hwang (Kempe), Cassie Silva (Lucy), Joe Moeller (s/w Sharpe)","Recorded from mid-orchestra.",,,,,"Gift at your Discretion",Unrestricted,Bootleg,,"M4A - 60.1 MB (untracked)",,"Full Show","Stephen Sondheim Theatre","New York, NY",2026-08-03,https://encora.it/recordings/2006458/
Audio,"& Juliet",Broadway,2025-03-23,Matinee,ColorAndLight,"Khailah Johnson (u/s Juliet), Alison Luff (Anne Hathaway), Reese Britts (u/s William Shakespeare), Liam Pearce (Romeo), Makai Hernandez (u/s Francois), Michael Iván Carrier (May), Jeannette Bayardelle (t/r Nurse ""Angelique""), Hayden Tee (t/r Lance), Mackenzie Meadows (Lady Capulet/Nell), Daniel J. Maldonado (s/w Lord Capulet/s/w Fletcher), Elsa Keefe (Benvolio/Eleanor), Darien Van Rensalier (Augustine), Charli D'Amelio (Charmion), Gabe Amato (Gregory), Daniel Assetta (Henry), Jhailyn Paige Farcon (Imogen), Joomin Hwang (Kempe), Nicholas Cooper (s/w Lennox), Cassie Silva (Lucy), Ava Noble (s/w Titania)","First act recorded from the mezzanine, second act recorded from front orchestra. Apologies for any laughter or shuffling.","Ava was on as Rosaline, Khailah's track. Nicholas was on for Makai's track.",,,,"Gift On Request",Unrestricted,Bootleg,,"M4A - 60.5 MB (untracked)",,"Full Show","Stephen Sondheim Theatre","New York, NY",2026-08-03,https://encora.it/recordings/2011845/
Audio,"& Juliet",Broadway,2025-03-30,Matinee,somezazz,"Khailah Johnson (u/s Juliet), Alison Luff (Anne Hathaway), Reese Britts (u/s William Shakespeare), Liam Pearce (Romeo), Nathan Levy (Francois), Gabe Amato (u/s May), Jeannette Bayardelle (t/r Nurse ""Angelique""), Hayden Tee (t/r Lance), Mackenzie Meadows (Lady Capulet/Nell), Daniel J. Maldonado (s/w Lord Capulet/s/w Fletcher), Elsa Keefe (Benvolio/Eleanor), Darien Van Rensalier (Augustine), Charli D'Amelio (Charmion), Jhailyn Paige Farcon (Imogen), Joomin Hwang (Kempe), Nicholas Cooper (s/w Lennox), Cassie Silva (Lucy), Makai Hernandez (Richard), Joe Moeller (s/w Sharpe), Ava Noble (s/w Titania)","sorry for any shuffling or anything picked up! also probably very bass-heavy in the second act so be warned
please do not share/post on social media! gift or trade as you'd like. thank you <3","Ava was on as Rosaline, Khailah's track. Joe was on as the Bathroom Attendant, Daniel Assetta's track. Nicholas was on for Gabe's track.",,,,"Gift at your Discretion",Unrestricted,Bootleg,,"M4A - 56.7 MB (untracked)",,"Full Show","Stephen Sondheim Theatre","New York, NY",2026-08-20,https://encora.it/recordings/2012014/
Video,"& Juliet",Broadway,"2022-11-×× (2)",Unknown,StarCuffedJeans,"Lorna Courtney (Juliet), Betsy Wolfe (Anne Hathaway), Stark Sands (William Shakespeare), Daniel J. Maldonado (u/s Romeo), Philippe Arroyo (Francois), Justin David Sullivan (May), Melanie La Barrie (Nurse ""Angelique""), Paulo Szot (Lance), Veronica Otim (Lady Capulet/Nell), Nicholas Edwards (Lord Capulet/Sly), Tiernan Tunnicliffe (Benvolio/Eleanor), Virgil Gadson (Augustine), Nico DeJesus (s/w Cuthbert), Matt Raffy (Gregory), Joe Moeller (Henry), Jasmine Rafael (Imogen), Rachel Webb (Judith), Joomin Hwang (Kempe), Megan Kane (Lucy), Bobby ""Pocket"" Horner (Rumour), Michael Iván Carrier (s/w Thomas)",,"Daniel's Romeo debut! Michael was on for Brandon Antonio's track. Nico went on for Joomin's track mid-Act 1.",2023-06-01,,,"Gift at your Discretion",Unrestricted,Bootleg,"MP4 (HD)","MP4 - 5.82 GB",,"Full Show","Stephen Sondheim Theatre","New York, NY",2026-08-19,https://encora.it/recordings/1136675/
Audio,"& Juliet",Broadway,2025-03-12,Matinee,bobbyskazoo,"Maya Boyd (Juliet), Cassie Silva (u/s Anne Hathaway), Drew Gehling (William Shakespeare), Liam Pearce (Romeo), Nathan Levy (Francois), Michael Iván Carrier (May), Jeannette Bayardelle (t/r Nurse ""Angelique""), Joey Fatone (Lance), Mackenzie Meadows (Lady Capulet/Nell), Reese Britts (Lord Capulet/Sly), Alaina Vi Maderal (s/w Benvolio/s/w Gwynne), Darien Van Rensalier (Augustine), Charli D'Amelio (Charmion), Gabe Amato (Gregory), Daniel Assetta (Henry), Jhailyn Paige Farcon (Imogen), Khailah Johnson (Judith), Joomin Hwang (Kempe), Nicholas Cooper (s/w Lennox), Romy Vuksan (s/w Viola)","<p>Recorded from the front orchestra. There were some mic issues, the children to my left were singing, and the person behind me decided to open their snacks right before That’s the Way It Is. Shout out to the old man near me who yelled “NO!” when they told us to get up and dance before Can’t Stop the Feeling; that song and curtain are a bit muffled. Joey did the Bye Bye Bye dance and I died.</p><p><br></p>Romy covered Cassie’s track (Helena); Alaina covered Elsa’s track (Portia/Benvolio); Nicholas covered Makai’s track.<p><br></p><p>Do not post on any platform (TikTok, Tumblr, YouTube, Reddit etc.). Please list as bobbyskazoo’s master. Feel free to trade as normal; never to be gifted or sold.</p>",,,,NFS,"Never Gift",Unrestricted,Bootleg,"M4A (untracked) - 395.6 MB","M4A - 395 MB (untracked)",,"Full Show","Stephen Sondheim Theatre","New York, NY",2026-08-13,https://encora.it/recordings/2015565/
Video,"& Juliet",Broadway,2025-08-31,Matinee,bikinibottomday,"Gianna Harris (Juliet), Elsa Keefe (u/s Anne Hathaway), Drew Gehling (William Shakespeare), Liam Pearce (Romeo), Nathan Levy (Francois), Michael Iván Carrier (May), Cassie Silva (u/s Nurse ""Angelique""), James Monroe Iglehart (Lance), Mackenzie Meadows (Lady Capulet/Nell), Reese Britts (Lord Capulet/Sly), Alaina Vi Maderal (s/w Benvolio/s/w Gwynne), Charli D'Amelio (Charmion), Alejandro MullerDahlberg (s/w Crosse), Esosa Oviasu (s/w Cuthbert), Gabe Amato (Gregory), Daniel Assetta (Henry), Jhailyn Paige Farcon (Imogen), Zalah Vallien (Judith), TJ Tapp (s/w Margaret), Makai Hernandez (Richard)","Excellent 4K capture of Elsa as Anne! Starts in the middle of Larger Than Life. Some head obstruction throughout, worked around as best as possible. Some wandering and unfocusing throughout. Includes curtain call, audio fed from external source.",,2026-05-10,,,"Never Gift",Unrestricted,Bootleg,"4K MP4 (9.48GB)","MP4 - 9.48 GB",,"Full Show","Stephen Sondheim Theatre","New York, NY",2026-07-22,https://encora.it/recordings/2022534/
Video,"& Juliet",Broadway,2025-04-05,Evening,bikinibottomday,"Maya Boyd (Juliet), Alison Luff (Anne Hathaway), Drew Gehling (William Shakespeare), Liam Pearce (Romeo), Nathan Levy (Francois), Gabe Amato (u/s May), Jeannette Bayardelle (t/r Nurse ""Angelique""), Hayden Tee (t/r Lance), Mackenzie Meadows (Lady Capulet/Nell), Reese Britts (Lord Capulet/Sly), Elsa Keefe (Benvolio/Eleanor), Charli D'Amelio (Charmion), Alejandro MullerDahlberg (s/w Crosse), Daniel Assetta (Henry), Jhailyn Paige Farcon (Imogen), Khailah Johnson (Judith), Joomin Hwang (Kempe), Nicholas Cooper (s/w Lennox), Cassie Silva (Lucy), Makai Hernandez (Richard)","Excellent 4K capture of Gabe as May! Minor head obstruction on the bottom that gets better as the show goes on, only blocks off a bit. Increased wandering and unfocusing throughout. Includes curtain call and the post-show BC/EFA speech, audio is fed from external source.
",,2026-05-10,,,"Never Gift",Unrestricted,Bootleg,"4K MP4 (9.65GB)","MP4 - 9.65 GB",,"Full Show","Stephen Sondheim Theatre","New York, NY",2026-07-22,https://encora.it/recordings/2022536/
Video,"& Juliet",Broadway,"2022-11-×× (3)",Unknown,StarCuffedJeans,"Lorna Courtney (Juliet), Betsy Wolfe (Anne Hathaway), Stark Sands (William Shakespeare), Ben Jackson Walker (Romeo), Philippe Arroyo (Francois), Justin David Sullivan (May), Melanie La Barrie (Nurse ""Angelique""), Paulo Szot (Lance), Veronica Otim (Lady Capulet/Nell), Nicholas Edwards (Lord Capulet/Sly), Tiernan Tunnicliffe (Benvolio/Eleanor), Virgil Gadson (Augustine), Matt Raffy (Gregory), Alaina Vi Maderal (s/w Gwynne), Joe Moeller (Henry), Rachel Webb (Judith), Joomin Hwang (Kempe), Megan Kane (Lucy), Brandon Antonio (Richard), Bobby ""Pocket"" Horner (Rumour)",,,2023-07-01,,,"Gift at your Discretion",Unrestricted,Bootleg,"MP4 (HD) - 5.87 GB","MP4 - 5.86 GB",,"Full Show","Stephen Sondheim Theatre","New York, NY",2026-07-12,https://encora.it/recordings/1136537/
Video,"& Juliet","West End","2023-01-×× (2)",Unknown,Lasagna,"Zara MacIntosh (alt Juliet), Collette Guitart (u/s Anne Hathaway), Oliver Tompsett (William Shakespeare), Tom Francis (Romeo), Billy Nevers (Francois), Jo Foster (May), Malinda Parris (Nurse ""Angelique""), Ivan de Freitas (alt Lance), Cassandra Lee (Lady Capulet/Nell), Nathan Louis-Fernand (s/w Lord Capulet/s/w Cuthbert), Rachel Moran (s/w Benvolio/s/w Margaret), Owen Saward (Augustine), Aaron Shales (s/w Fletcher), Sophie Usher (s/w Gwynne), Alex Tranter (Henry), Rhian Duncan (Imogen), Ebony Clarke (Susanna), Jaz Terry (s/w Thomas)",,"Incredible capture of Zara and Collette’s potential last show together in their covers. Completely unobstructed view",2023-12-29,,,"Gift at your Discretion",Unrestricted,Bootleg,"MP4 (4K) - 9.3 GB","MP4 - 9.33 GB",,"Full Show","Shaftesbury Theatre","London, United Kingdom",2026-07-31,https://encora.it/recordings/1137397/
Video,"& Juliet",Broadway,2023-08-××,Unknown,StarCuffedJeans,"Veronica Otim (u/s Juliet), Betsy Wolfe (Anne Hathaway), Stark Sands (William Shakespeare), Ben Jackson Walker (Romeo), Philippe Arroyo (Francois), Matt Raffy (u/s May), Brittany Nicholas (u/s Nurse ""Angelique""), Paulo Szot (Lance), Kim Onah (u/s Lady Capulet/u/s Olivia), Nicholas Edwards (Lord Capulet/Sly), Ava Noble (s/w Benvolio/s/w Titania), Virgil Gadson (Augustine), Daniel J. Maldonado (s/w Fletcher), Alaina Vi Maderal (s/w Gwynne), Jasmine Rafael (Imogen), Joomin Hwang (Kempe), Kate Mina Lin (e/c Margaret), Bobby ""Pocket"" Horner (Rumour), Michael Iván Carrier (s/w Thomas)","Stark's last!","Cut show with 11 Players in the ensemble as opposed to the usual 12. Kate returned and was on as Rosaline, Rachel Webb's track. Alaina was on as Helena, Megan Kane's track. Daniel was on as the Bathroom Attendant, Joe Moeller's track. Michael covered both Matt and Brandon Antonio's tracks.",2025-02-01,,,"Never Gift",Unrestricted,Bootleg,"MP4 (HD) - 5.89 GB","MP4 - 5.88 GB",,"Full Show","Stephen Sondheim Theatre","New York, NY",2026-08-13,https://encora.it/recordings/2003495/
Video,"& Juliet","Pre-Broadway / Toronto",2022-06-××,Evening,"The Musical Speakeasy","Lorna Courtney (Juliet), Betsy Wolfe (Anne Hathaway), Stark Sands (William Shakespeare), Ben Jackson Walker (Romeo), Philippe Arroyo (Francois), Justin David Sullivan (May), Melanie La Barrie (Nurse ""Angelique""), Paulo Szot (Lance), Veronica Otim (Lady Capulet/Nell), Nicholas Edwards (Lord Capulet/Sly), Tiernan Tunnicliffe (Benvolio/Eleanor), Virgil Gadson (Augustine), Matt Raffy (Gregory), Joe Moeller (Henry), Jasmine Rafael (Imogen), Rachel Webb (Judith), Joomin Hwang (Kempe), Katy Geraghty (Lucy), Brandon Antonio (Richard), Bobby ""Pocket"" Horner (Rumour)","Technical Notes: Camcorder video captured in 4K. No obstructions, no washout, no dropouts, and extremely steady throughout. Very good audio, does occasionally pick up chatter from the audience around me. Shot from stage right balcony. [A+]<br>
Performance Notes: The first ever performance of & Juliet in North America - and what an event & Juliet is! The Broadway-bound mounting features more pop tunes, pyrotechnics, and yas girls than any musical I've seen before. A relentlessly entertaining night at the theatre, the show has a sleek and captivating staging with an extremely strong ensemble of actors. Lorna Courtney and Ben Jackson Walker are easily stars in the making, Melanie la Barrie proves to be an extremely wise transferring decision, and Paulo Szot's performance is perfect to a degree beyond human expression. I genuinely cannot believe how much I enjoyed it. From this performance, one is easily able to tell that New York audiences are going to adore this show.",,2024-11-01,,,"Gift at your Discretion",Unrestricted,Bootleg,"M4V (4K)","M4V - 19.4 GB",,"Full Show","Princess of Wales Theatre","Toronto, ON",2026-08-05,https://encora.it/recordings/2002676/
Video,"& Juliet",Broadway,"2024-05-×× (2)",Unknown,StarCuffedJeans,"Maya Boyd (Juliet), Betsy Wolfe (Anne Hathaway), Oliver Tompsett (t/r William Shakespeare), Ben Jackson Walker (Romeo), Philippe Arroyo (Francois), Justin David Sullivan (May), Megan Kane (u/s Nurse ""Angelique""), David Bedella (t/r Lance), Najah Hetsberger (Lady Capulet/Nell), Daniel J. Maldonado (s/w Lord Capulet/s/w Fletcher), Tiernan Tunnicliffe (Benvolio/Eleanor), Virgil Gadson (Augustine), Matt Raffy (Gregory), Daniel Assetta (Henry), Jasmine Rafael (Imogen), Rachel Webb (Judith), Joomin Hwang (Kempe), Makai Hernandez (Richard), Bobby ""Pocket"" Horner (Rumour), Ava Noble (s/w Titania)",,"Starts after Larger than Life. Mostly a Rachel Webb fancam. Ava was on as Helena, Megan's track.",2024-12-01,,,"Gift at your Discretion",Unrestricted,Bootleg,"MP4 (HD) - 5.61 GB (01:58:12)","MP4 - 5.61 GB",,"Full Show","Stephen Sondheim Theatre","New York, NY",2026-08-11,https://encora.it/recordings/2002682/
Video,"Just In Time",Broadway,2025-04-09,Evening,bikinibottomday,"Jonathan Groff (Bobby Darin), Gracie Lawrence (Connie Francis), Erika Henningsen (Sandra Dee), Michele Pawk (Polly Walden), Emily Bergl (Nina Cassotto/Mary Douvan/Others), Joe Barbara (Charlie Maffia/Steve Blauner/Others), Caesar Samayoa (Don Kirshner/Giorgio/Angelo/Others), Lance Roberts (Murray the K/Ahmet Ertegun/Others), Christine Cornish (Siren/Others), Julia Grondin (Siren/Others), Valeria Yamin (Siren/Others)","Excellent 4K capture of this new show! Some wandering and unfocusing throughout. Includes curtain call, audio fed from external source.",,2025-11-02,,,"Never Gift",Unrestricted,Bootleg,"MP4 (4K) - 9.16 GB","MP4 (4K) - 9.16 GB",,"Full Show","Circle In The Square Theatre","New York, NY",2026-07-12,https://encora.it/recordings/2013971/
Video,"Just In Time",Broadway,2025-04-××,Unknown,MTTZ,"Jonathan Groff (Bobby Darin), Gracie Lawrence (Connie Francis), Erika Henningsen (Sandra Dee), Michele Pawk (Polly Walden), Emily Bergl (Nina Cassotto/Mary Douvan/Others), Joe Barbara (Charlie Maffia/Steve Blauner/Others), Caesar Samayoa (Don Kirshner/Giorgio/Angelo/Others), Lance Roberts (Murray the K/Ahmet Ertegun/Others), Christine Cornish (Siren/Others), Julia Grondin (Siren/Others), Valeria Yamin (Siren/Others)","Excellent capture of this new musical in early previews! Shot in a great mix of wides, mediums, and close-ups. Some wandering, shaking, and re-adjusting throughout. A couple of brief dropouts. A few moments of brief obstruction in act 2 that don't block any major action. Audio is patched in from an external source. Overall an excellent capture of this Jonathan Groff star vehicle.",,2025-10-05,,,"Gift at your Discretion",Unrestricted,Bootleg,"MP4 (4K) - 8.7 GB","MP4 - 8.70 GB",,"Full Show","Circle In The Square Theatre","New York, NY",2026-08-09,https://encora.it/recordings/2012257/
Audio,"Just In Time",Broadway,2026-05-09,Matinee,thatbeautifulsound,"Jeremy Jordan (Bobby Darin), Isa Briones (Connie Francis), Carrie St. Louis (Sandra Dee), Debbie Shapiro Gravitte (Polly Walden), Tari Kelly (u/s Nina Cassotto), Joe Barbara (Charlie Maffia), Caesar Samayoa (Don Kirshner), Lance Roberts (Ahmet Ertegun)",,,,,NFS,"Gift at your Discretion",Unrestricted,Bootleg,,"M4A - 177 MB (untracked)",,"Full Show","Circle In The Square Theatre","New York, NY",2026-07-13,https://encora.it/recordings/2032912/
Audio,"Just In Time",Broadway,2026-04-08,Evening,bobbyskazoo,"Matthew Morrison (Bobby Darin), Isa Briones (Connie Francis), Sadie Dickerson (Sandra Dee), Debbie Shapiro Gravitte (Polly Walden), Emily Bergl (Nina Cassotto/Mary Douvan/Others), Jeffrey Schecter (s/b Charlie Maffia/s/b Steve Blauner/s/b Others), Caesar Samayoa (Don Kirshner/Giorgio/Angelo/Others), Lance Roberts (Murray the K/Ahmet Ertegun/Others), Claire Camp (Siren/Others), Julia Grondin (Siren/Others), Jaime Foord (s/w Siren/s/w Others)","<p>Clear audio recorded on a Wednesday night in the basement of Wicked; includes the encore.</p><p><br></p><p>Do not post on any platform (TikTok, Tumblr, YouTube, Reddit, etc.). Please list as bobbyskazoo’s master. Feel free to trade as normal; never to be gifted or sold.</p>",,,,NFS,"Never Gift",Unrestricted,Bootleg,"M4A (untracked) - 377.5 MB","M4A - 377.5 MB (untracked)",,"Full Show","Circle In The Square Theatre","New York, NY",2026-07-13,https://encora.it/recordings/2031410/
Audio,"Just In Time",Broadway,2026-04-21,Evening,jjorbust,"Jeremy Jordan (Bobby Darin), Isa Briones (Connie Francis), Carrie St. Louis (Sandra Dee), Debbie Shapiro Gravitte (Polly Walden), Emily Bergl (Nina Cassotto/Mary Douvan), Joe Barbara (Charlie Maffia/Steve Blauner), Caesar Samayoa (Don Kirshner/Giorgio/Angelo), Lance Roberts (Murray the K/Ahmet Ertegun), Jessica Mallare White (Siren), Claire Camp (Siren), Julia Grondin (Siren)","Jeremy Jordan's first performance as Bobby Darin. Carrie St. Louis's first performance as Sandra Dee. Relatively clean audio recorded from the sides of the theater.",,,,NFS,"Gift at your Discretion",Unrestricted,Bootleg,"untracked m4a - 230.6 MB","M4A - 230 MB (untracked)",,"Full Show","Circle In The Square Theatre","New York, NY",2026-07-14,https://encora.it/recordings/2032023/
Audio,"Just In Time",Broadway,2026-04-19,Matinee,ColorAndLight,"Matthew Morrison (Bobby Darin), Isa Briones (Connie Francis), Sadie Dickerson (Sandra Dee), Debbie Shapiro Gravitte (Polly Walden), Emily Bergl (Nina Cassotto/Mary Douvan), Joe Barbara (Charlie Maffia/Steve Blauner), Matt Magnusson (u/s Don Kirshner/u/s Giorgio/u/s Angelo), Lance Roberts (Murray the K/Ahmet Ertegun), Claire Camp (Siren), Julia Grondin (Siren), Jessica Mallare White (Siren)","Matthew Morrison and Sadie Dickerson's final performance.",,,,,"Gift at your Discretion",Unrestricted,Bootleg,,"M4A - 112 MB (untracked)",,"Full Show","Circle In The Square Theatre","New York, NY",2026-08-03,https://encora.it/recordings/2032035/
Audio,"Just In Time",Broadway,2026-04-18,Evening,graverobber,"Matthew Morrison (Bobby Darin), Isa Briones (Connie Francis), Sadie Dickerson (Sandra Dee), Debbie Shapiro Gravitte (Polly Walden), Emily Bergl (Nina Cassotto/Mary Douvan), Joe Barbara (Charlie Maffia/Steve Blauner), Matt Magnusson (u/s Don Kirshner/u/s Giorgio/u/s Angelo), Lance Roberts (Murray the K/Ahmet Ertegun), Claire Camp (Siren), Julia Grondin (Siren), Jessica Mallare White (Siren)","Clear audio of Matthew Morrison and Sadie Dickerson’s second-to-last performance recorded from the floor seats directly in front of the rear stage. Isa Briones! Includes photos of the stage and bows, as well as a full video of the encore (a beautifully clear close-up when they’re on the rear stage and a very obstructed wide shot when they’re on the main stage) and a partial video of Matthew and Emily doing the BCEFA auction. At this performance, Matthew danced with Lisa Ann Walter during the opening number, and the show’s Instagram account’s video of this is included here as well. Feel free to gift/trade freely but don't ever post anywhere online publicly.",,,,,"Gift at your Discretion",Unrestricted,Bootleg,"Untracked M4A + MOV (1.42 GB)","M4A + M4V - 1.41 GB (untracked)",,"Full Show","Circle In The Square Theatre","New York, NY",2026-07-26,https://encora.it/recordings/2032063/
Audio,"Just In Time",Broadway,2026-05-02,Evening,BoqTheMunchkin,"Jeremy Jordan (Bobby Darin), Isa Briones (Connie Francis), Carrie St. Louis (Sandra Dee), Debbie Shapiro Gravitte (Polly Walden), Tari Kelly (u/s Nina Cassotto), Joe Barbara (Charlie Maffia), Caesar Samayoa (Don Kirshner), Lance Roberts (Ahmet Ertegun), Julia Grondin (Siren), Jessica Mallare White (Siren), Claire Camp (Siren)","Recorded from floor seats. Jeremy is such a star and brings a lot to his Bobby that felt super authentic to who Bobby is from what the show tells us. Isa and Carrie are stars. I loved getting to see Tari on as Nina. File includes understudy and company board photos and video of curtain call/MegaMix.","No TikTok, no Reddit, no Tumblr. List as BoqTheMunchkin’s Master.",,,NFS,"Never Gift",Unrestricted,Bootleg,,"M4A - 315 MB (untracked)",,"Full Show","Circle In The Square Theatre","New York, NY",2026-07-24,https://encora.it/recordings/2032552/
Audio,"Just In Time",Broadway,2026-04-25,Evening,jjorbust,"Jeremy Jordan (Bobby Darin), Isa Briones (Connie Francis), Carrie St. Louis (Sandra Dee), Debbie Shapiro Gravitte (Polly Walden), Kristie Dale Sanders (s/b Nina Cassotto/s/b Mary Douvan), Joe Barbara (Charlie Maffia/Steve Blauner), Caesar Samayoa (Don Kirshner/Giorgio/Angelo), Lance Roberts (Murray the K/Ahmet Ertegun), Jessica Mallare White (Siren), Claire Camp (Siren), Julia Grondin (Siren)","Taken from standing room only so there is a little movement here and there. Jeremy Jordan dropped the ring during Irresistible You which resulted in a lot of muffling and laughter. Otherwise it's a clean audio of Jeremy and Carrie's first week in the show.",,,,NFS,"Gift at your Discretion",Unrestricted,Bootleg,"untracked m4a - 115.3 MB","M4A - 115 MB (untracked)",,"Full Show","Circle In The Square Theatre","New York, NY",2026-08-10,https://encora.it/recordings/2032296/
Audio,"Just In Time",Broadway,2026-05-28,Evening,fronchfries,"Jeremy Jordan (Bobby Darin), Isa Briones (Connie Francis), Carrie St. Louis (Sandra Dee), Debbie Shapiro Gravitte (Polly Walden), Tari Kelly (u/s Nina Cassotto), Joe Barbara (Charlie Maffia), Caesar Samayoa (Don Kirshner), Lance Roberts (Ahmet Ertegun), Jessica Mallare White (Siren), Claire Camp (Siren), Julia Grondin (Siren)",,,,,,"Gift at your Discretion",Unrestricted,Bootleg,,"M4A - 61.9 MB (untracked)",,"Full Show","Circle In The Square Theatre","New York, NY",2026-08-10,https://encora.it/recordings/2033599/
Video,"Just In Time",Broadway,2026-05-××,Unknown,MTTZ,"Jeremy Jordan (Bobby Darin), Isa Briones (Connie Francis), Carrie St. Louis (Sandra Dee), Debbie Shapiro Gravitte (Polly Walden), Tari Kelly (u/s Nina Cassotto/u/s Mary Douvan), Joe Barbara (Charlie Maffia/Steve Blauner), Caesar Samayoa (Don Kirshner/Giorgio/Angelo), Lance Roberts (Murray the K/Ahmet Ertegun), Claire Camp (Siren), Julia Grondin (Siren), Jessica Mallare White (Siren)","Excellent capture of this stacked cast! Shot in a great mix of wides, mediums, and close-ups. Some increased wandering, shaking, and re-adjusting throughout. Some spotlight washout on wider shots due to a camera setting mishap, but I avoid it well. Audio is patched in from an external source; some scraping and rustling might be heard during readjustment periods. Overall an excellent capture. Includes the Curtain Call Medley.",,2026-11-05,,,"Never Gift",Unrestricted,Bootleg,"MP4 (4K)","4K MP4 - 9.30 GB",,"Full Show","Circle In The Square Theatre","New York, NY",2026-07-12,https://encora.it/recordings/2034052/
Audio,"Just In Time",Broadway,2026-05-13,Matinee,jjorbust,"Jeremy Jordan (Bobby Darin), Isa Briones (Connie Francis), Carrie St. Louis (Sandra Dee), Debbie Shapiro Gravitte (Polly Walden), Tari Kelly (Nina Cassotto/Mary Douvan), Joe Barbara (Charlie Maffia/Steve Blauner), Caesar Samayoa (Don Kirshner/Giorgio/Angelo), Jeffrey Schecter (s/b Murray the K/s/b Ahmet Ertegun), Jessica Mallare White (Siren), Courtney Echols (s/w Siren), Julia Grondin (Siren)","Two versions recorded - one on phone and one on watch. Watch is clearer but with louder applause than the phone.",,,,,"Gift at your Discretion",Unrestricted,Bootleg,"untracked m4a (2 versions) - 176.6 MB","M4A - 176 MB (untracked)",,"Full Show","Circle In The Square Theatre","New York, NY",2026-08-10,https://encora.it/recordings/2033643/
Video,"Kimberly Akimbo",Off-Broadway,2021-11-××,Unknown,StarCuffedJeans,"Victoria Clark (Kimberly), Justin Cooley (Seth), Alli Mauzey (Pattie), Steven Boyer (Buddy), Bonnie Milligan (Debra), Fernell Hogan II (Martin), Nina White (Teresa), Olivia Elease Hardy (Delia), Michael Iskander (Aaron)",,,2022-12-01,,,"Gift at your Discretion",Unrestricted,Bootleg,"MP4 (5.80 GB)","MP4 - 5.7 GB",,"Full Show","Atlantic Theater Company - Linda Gross Theater","New York, NY",2026-08-18,https://encora.it/recordings/1126355/
Video,"Kimberly Akimbo",Broadway,2022-12-30,Matinee,bikinibottomday,"Victoria Clark (Kimberly), Justin Cooley (Seth), Alli Mauzey (Pattie), Steven Boyer (Buddy), Bonnie Milligan (Debra), Fernell Hogan II (Martin), Nina White (Teresa), Olivia Elease Hardy (Delia), Michael Iskander (Aaron)",,"Excellent 4K capture of the full cast! There is a head obstruction on the bottom that is worked around well and mostly doesn’t block anything. Minor wandering and unfocusing throughout. Includes curtain call, audio fed from external source.",2023-06-02,,,"Never Gift",Unrestricted,Bootleg,"4K MP4 (12.57GB)","MP4 - 12.5 GB",,"Full Show","Booth Theatre","New York, NY",2026-08-11,https://encora.it/recordings/1137252/
Video,"Legally Blonde",Broadway,2007-07-01,Evening,SunsetBlvd79,"Laura Bell Bundy (Elle Woods), Christian Borle (Emmett Forrest), Richard H. Blake (Warner Huntington III), Orfeh (Paulette), Kate Shindle (Vivienne Kensington), Nikki Snelson (Brooke Wyndham/Shandi), Michael Rupert (Professor Callahan), Annaleigh Ashford (Margot), Leslie Rodriguez Kritzer (Serena), DeQuina Moore (Pilar), Andy Karl (Kyle/Dewey/Grandmaster Chad), Natalie Joy Johnson (Enid/Veronica), Kate Wetherhead (Kate/Chutney), Kevin Pariseau (Dad/Winthrop/Reporter), Gaelen Gilliland (Mom/Courtney/Whitney), Rod Harrelson (s/w Aaron), Manuel Herrera (Padamadan/Nikos), Amber Efé (Judge/Store Manager), Beth Curry (Gabby/Stenographer), Matthew Risch (Carlos/Lowell), Becky Gulsvig (Leilani), April Berry (Kristine), Tracy Jai Edwards (s/w Cece/s/w D.A. Joyce Riley), Jason Gillman (Pforzheimer)",,"DeQuina Moore's last performance",,,,"Gift at your Discretion",Unrestricted,Bootleg,"VOB (with smalls) (SD)","VOB + smalls - 4.10 GB",,"Full Show","Palace Theatre","New York, NY",2026-07-16,https://encora.it/recordings/6303/
Audio,"Legally Blonde","The Muny",2022-07-25,Evening,BroadwayontheDaily,"Kyla Stone (Elle Woods), Fergie L. Philippe (Emmett Forrest), Dan Tracy (Warner Huntington III), Patti Murin (Paulette), Olivia Kaufmann (Vivienne Kensington), Hayley Podschun (Brooke Wyndham), Sean Allan Krill (Professor Callahan), Kelsey Anne Brown (Margot), Gabi Campo (Serena), Khailah Johnson (Pilar), Shea Coffman (Kyle/Winthrop), Ben Nordstrom (Dewey/Dad/Reporter/Lowell), Christopher De'Shawn Tipps (Grandmaster Chad), Kerri George (Enid), Abigail Isom (Kate/Stenographer), Cristina Sastre (Chutney), Angela Birchett (Mom/Courtney/D.A. Joyce Riley), Adelina Mitchell (Whitney/Judge/Store Manager), Liam Pearce (Aaron), Andrés Acosta (Nikos/Pforzheimer/Vlad Tepesh), Gabriel Reyes (Carlos), Myrtle the Dog (Rufus), Ricky the Dog (Bruiser), Taylor Marie Daniel (Ensemble), Jonathan Duvelson (Ensemble), Sydney Jones (Ensemble), Alora Tonielle Martinez (Ensemble), Natalia Nieves-Melchor (Ensemble), Matthew Rivera (Ensemble), Rochelle Scudder (Ensemble), Julien Valme (Ensemble), U.J. Mangune (s/w Ensemble)",,"Opening night! It starts raining during Daughter of Delta Nu, so that scene is slightly muffled because I had to cover my phone. The show is stopped right before What You Want due to the rain. During the scene at Dewey's trailer, the knocking sound effect didn't work and Kyla kept knocking until it worked. There are a few sporadic mic problems, an alarm goes off during Whipped Into Shape and the people around me were chatty and can be heard from time to time. Since the Muny is outdoors, there are some outdoor noises throughout the show.",,,,"Gift at your Discretion",Unrestricted,Bootleg,"MP3 (tracked and untracked)","MP3 - 97.5 (tracked), MP3 - 91.3 (untracked) - 189 MB total",,"Full Show","The Muny","St. Louis, MO",2026-07-30,https://encora.it/recordings/1128977/
Audio,"Legally Blonde","The Muny",2022-07-31,Evening,"Broadway Fansies","Kyla Stone (Elle Woods), Fergie L. Philippe (Emmett Forrest), Dan Tracy (Warner Huntington III), Mackenzie Bell (s/b Paulette), Olivia Kaufmann (Vivienne Kensington), Hayley Podschun (Brooke Wyndham), Sean Allan Krill (Professor Callahan), Kelsey Anne Brown (Margot), Gabi Campo (Serena), Khailah Johnson (Pilar), Kerri George (Enid)",,"Lots of lyric and line changes from the OBC and the tour. Kyla has amazing lung capacity and actually holds the last note in So Much Better too long, so she doesnt have time to yell yeah. Was originally supposed to be closing night, but an additional performance was added due to The Muny dealing with flooding.",,,,"Gift at your Discretion",Unrestricted,Bootleg,,"MP3 - 116 MB (untracked)",,"Full Show","The Muny","St. Louis, MO",2026-07-30,https://encora.it/recordings/1128945/
Video,"The Lightning Thief: The Percy Jackson Musical",Broadway,2019-10-××,Unknown,StarCuffedJeans,"Chris McCarrell (Percy Jackson), Kristin Stokes (Annabeth Chase), Jorrel Javier (Grover/Mr. D), James Hayden Rodriguez (Luke), Jalynn Steele (Sally Jackson), Sarah Beth Pfeifer (Clarisse), Ryan Knowles (Chiron)",,"Fantastic HD capture of the Broadway transfer of this show, filmed from the orchestra. The video starts part of the way through the first number. Act Two starts after the bus explodes. Please do not post screenshots of this video on Twitter ever. Gifs on Tumblr are okay after the NFT date, but don't go linking things to actors and shows.",2020-07-15,,,"Gift at your Discretion",Unrestricted,Bootleg,"MP4 (HD)","MP4 - 5.04 GB",,"Full Show","Longacre Theatre","New York, NY",2026-07-13,https://encora.it/recordings/26680/
Video,"Little Shop of Horrors","Off-Broadway Revival","2022-01-×× (1)",Unknown,StarCuffedJeans,"Jeremy Jordan (Seymour), Tammy Blanchard (Audrey), Christian Borle (Orin/Others), Tom Alan Robbins (Mr. Mushnik), Joy Woods (Chiffon), Aveena Sawyer (Crystal), Salome Smith (Ronnette), Aaron Arnell Harrington (Voice of Audrey II), Weston Chandler Long (u/s Audrey II Manipulation/u/s Derelict), Paul McGinnis (Audrey II Manipulation), Josh Daniel (Audrey II Manipulation)",,"Jeremy's last show!",2023-02-01,,,"Gift at your Discretion",Unrestricted,Bootleg,"MP4 (HD) - 4.81 GB","MP4 - 4.76 GB",,"Full Show","Westside Theatre - Upstairs","New York, NY",2026-07-13,https://encora.it/recordings/1129574/
Audio,"Little Shop of Horrors","Off-Broadway Revival",2026-07-11,Evening,ColorAndLight,"Jordan Fisher (Seymour), Nikki M. James (Audrey), Claybourne Elder (Orin), Christopher Swan (u/s Mr. Mushnik), Morgan Ashley Bryant (Chiffon), Savannah Lee Birdsong (Crystal), Christine Wanda (Ronnette), Christian McQueen (Voice of Audrey II), Teddy Yudain (Derelict)","Recorded from the middle of the theatre. Occasional laughter and shuffling.",,,,,"Gift at your Discretion",Unrestricted,Bootleg,"M4A (untracked) - 94.1 MB","M4A - 94.1 MB (untracked)",,"Full Show","Westside Theatre - Upstairs","New York, NY",2026-07-24,https://encora.it/recordings/2035714/
Audio,"Little Shop of Horrors","Off-Broadway Revival",2024-01-30,Evening,kokacola,"Darren Criss (Seymour), Evan Rachel Wood (Audrey), Bryce Pinkham (Orin/Others), Stephen DeRosa (Mr. Mushnik), Khadija Sankoh (Chiffon), Morgan Ashley Bryant (Crystal), Tiffany Reneé Thompson (Ronnette), Aaron Arnell Harrington (Voice of Audrey II), Weston Chandler Long (Audrey II Manipulation), Teddy Yudain (Audrey II Manipulation/Derelict), Jon Hoche (u/s Audrey II Manipulation), Jana Djenne Jackson (Ensemble), Jeff Sears (Ensemble)",,"Full audio of the opening night performance for Darren Criss and Evan Rachel Wood!",,,,"Gift at your Discretion",Unrestricted,Bootleg,.m4a,"M4A - 89.6 MB (untracked)",,"Full Show","Westside Theatre - Upstairs","New York, NY",2026-07-28,https://encora.it/recordings/1154359/
Video,"Little Shop of Horrors","Off-Broadway Revival",2023-12-19,Evening,bikinibottomday,"Corbin Bleu (Seymour), Constance Wu (Audrey), Bryce Pinkham (Orin/Others), Brad Oscar (Mr. Mushnik), Khadija Sankoh (Chiffon), Najah Hetsberger (u/s Crystal), D'Kaylah Unique Whitley (Ronnette), Aaron Arnell Harrington (Voice of Audrey II), Teddy Yudain (Derelict), Noel MacNeal (u/s Ensemble), Weston Chandler Long (Ensemble)",,"Excellent 4K capture of Corbin and Constance! Some wandering/readjustment and unfocusing throughout. Audio fed from external source.",2024-06-17,,,"Never Gift",Unrestricted,Bootleg,"MP4 (4K) - 7.49 GB","MP4 - 7.49 GB",,"Full Show","Westside Theatre - Upstairs","New York, NY",2026-08-09,https://encora.it/recordings/1152917/
Video,"Little Shop of Horrors","Off-Broadway Revival",2025-03-××,Unknown,MTTZ,"Milo Manheim (Seymour), Elizabeth Gillies (Audrey), Jeremy Kushnier (Orin/Others), Reg Rogers (Mr. Mushnik), Morgan Ashley Bryant (Chiffon), Daria Pilar Redus (Crystal), Hailey Thomas (Ronnette), Major Attaway (Voice of Audrey II), Johnny Newcomb (s/w Ensemble), Christine Wanda (s/w Ensemble)","Solid capture of the new cast of this stunning production! Shot in a great mix of wides, mediums, and close-ups; more wide than usual due to the nature of the staging. Some increased wandering, shaking, and re-adjusting throughout. Audio is patched in from an external source. Two major dropouts due to usher activity; 7 minutes total before/during/after “Feed Me” and the last minute of the show are audio only due to usher activity. Obstruction on the left side and across the bottom that only occasionally blocks action. Overall a solid capture that’s only marred by some obstruction and dropouts.",,2025-10-05,,,"Never Gift",Unrestricted,Bootleg,"MP4 (4K) - 7.41 GB","4K MP4 - 7.41 GB",,"Full Show","Westside Theatre - Upstairs","New York, NY",2026-07-13,https://encora.it/recordings/2012258/
Video,"Little Shop of Horrors","Off-Broadway Revival",2024-12-××,Unknown,TheatreCouple14,"Nicholas Christopher (Seymour), Sherie Rene Scott (Audrey), James Carpinello (Orin/Others), Stephen DeRosa (Mr. Mushnik), Morgan Ashley Bryant (Chiffon), Daria Pilar Redus (Crystal), Tiffany Reneé Thompson (Ronnette), Major Attaway (Voice of Audrey II)","Great stage-shot phone video from the front left orchestra. Very few moments missed that are on the extreme right or left of the stage. Slight dropout after Suddenly Seymour with audience member being sat in our row. (Seriously, usher? You let someone in 15 min into act 2 for the first time? WTF). Dark scenes are a little muddy. Excellent performance from Nicholas Christopher. Includes video, audio (tracked and untracked), and cast board photo.",,,,NFS,"Gift at your Discretion",Unrestricted,Bootleg,,"MP4 - 7.02 GB",,"Full Show","Westside Theatre - Upstairs","New York, NY",2026-07-16,https://encora.it/recordings/2008714/
Video,"Little Shop of Horrors","Off-Broadway Revival",2024-08-××,Unknown,TheatreCouple14,"Andrew Barth Feldman (Seymour), Sarah Hyland (Audrey), James Carpinello (Orin/Others), Kevin Del Aguila (Mr. Mushnik), Khadija Sankoh (Chiffon), Camryn Hampton (u/s Crystal), Tiffany Reneé Thompson (Ronnette), Major Attaway (Voice of Audrey II), Teddy Yudain (Derelict)","Excellent wide-shot phone boot from the front right orchestra. Mild obstruction on far left stoop, but only covers up lower bodies for a few moments. One slightly dark scene towards the end of Act II, but otherwise, really nicely shot. Sarah brings a new sexiness and humor to Audrey, and of course, Andrew is born for this role. He's delightful. Khadija continues to be my favorite urchin. Her clutching the cash from the audience had me rolling. Folder includes tracked and untracked audio, video and cast board photo.",,,,,"Gift at your Discretion",Unrestricted,Bootleg,,"MP4 - 6.05 GB",,"Full Show","Westside Theatre - Upstairs","New York, NY",2026-07-29,https://encora.it/recordings/2003404/
Video,"The Lord of the Rings","Chicago Shakespeare Theater",2024-08-28,Matinee,"Medium Observation","Spencer Davis Milford (Frodo), Michael Kurowski (Sam), Lauren Zakrin (Galadriel), Ben Mathew (Pippin), Will James Jr. (Aragorn/Strider), Tom Amandes (Gandalf), Tony Bozzuto (Gollum), Alina Taber (Arwen), Eileen Doan (Merry), Matthew C. Yee (Boromir), Justin Albinder (Legolas), Ian Maryfield (Gimli), Jeff Parker (Elrond/Saruman), Rick Hall (Bilbo Baggins/Steward), Suzanne Hannau (Rosie Cotton), John Lithgow (Voice of Treebeard), Joey Faggion (Ensemble), Mia Hilt (Ensemble), James Mueller (Ensemble), Jarais Musgrove (Ensemble), Hannah Novak (Ensemble), Adam Qutaishat (Ensemble), Laura Savage (Ensemble), Bernadette Santos Schwegel (Ensemble), Ty Shay (s/w Ensemble), Luke Nowakowski (s/w Ensemble)","Fantastic capture of this incredibly immersive and beautiful production. there is a bar in the bottom right corner of the screen that doesn't take away except for one moment where Gandalf and Frodo are talking on the stairs in act one, but overall I worked around it and you can always see Frodo and sometimes Gandalf. At points people are in the audience and I wasn't able to capture them but you can always hear them and I do my best to always try to make sure to capture anything in the audience that I could. Some washout and shakiness throughout.",,2025-03-01,,,"Never Gift",Unrestricted,Bootleg,,"MP4 - 13.2 GB",,"Full Show","Chicago Shakespeare Theater","Chicago, IL",2026-08-16,https://encora.it/recordings/2003781/
Video,"The Lost Boys",Broadway,2026-05-××,Unknown,MTTZ,"LJ Benet (Michael Emerson), Shoshana Bean (Lucy Emerson), Benjamin Pajak (Sam Emerson), Ali Louis Bourzgui (David), Maria Wirries (Star), Paul Alexander Nolan (Max), Brian Flores (Marko), Sean Grandillo (Dwayne), Dean Maupin (Paul), Jennifer Duka (Alan Frog), Miguel Gil (Edgar Frog), Ryan Behan (Ensemble), Ben Crawford (Ensemble), Dominic Dorset (Ensemble), Carissa Gaughran (Ensemble), Ashley Jenkins (Ensemble), Cameron Loyal (Ensemble), Pierre Marais (Ensemble), Colin Trudell (Ensemble), Liesie Kelly (s/w Ensemble), Pierce Wheeler (Ensemble)","Great capture of this new musical! Shot in a great mix of wides, mediums, and close-ups; sometimes struggles to immediately follow the action because of the chaotic staging. Some increased wandering, shaking, and re-adjusting throughout. Audio is patched in from an external source thanks to bobbyskazoo. Includes curtain call and post-bows scene. Overall a great capture.",,2026-11-05,,,"Never Gift",Unrestricted,Bootleg,"MP4 (4K)","4K MP4 - 9.81 GB",,"Full Show","Palace Theatre","New York, NY",2026-07-13,https://encora.it/recordings/2033305/
Audio,"The Lost Boys",Broadway,2026-06-10,Matinee,BoqTheMunchkin,"LJ Benet (Michael Emerson), Shoshana Bean (Lucy Emerson), Benjamin Pajak (Sam Emerson), Ali Louis Bourzgui (David), Maria Wirries (Star), Paul Alexander Nolan (Max), Brian Flores (Marko), Sean Grandillo (Dwayne), Dean Maupin (Paul), Jennifer Duka (Alan Frog), Miguel Gil (Edgar Frog), Ryan Behan (Ensemble), Ben Crawford (Ensemble), Dominic Dorset (Ensemble), Carissa Gaughran (Ensemble), Ashley Jenkins (Ensemble), Cameron Loyal (Ensemble), Pierre Marais (Ensemble), Colin Trudell (Ensemble), DeLaney Westfall (Ensemble), Pierce Wheeler (Ensemble)","Second show back post Tony wins! TONS of love for Shoshana and Ali! File includes curtain call video and post curtain track by itself.","No TikTok, no Reddit, no Tumblr. List as BoqTheMunchkin’s Master.",,,NFS,"Never Gift",Unrestricted,Bootleg,,"M4A - 256 MB (untracked)",,"Full Show","Palace Theatre","New York, NY",2026-07-16,https://encora.it/recordings/2034246/
Audio,"The Lost Boys",Broadway,2026-07-01,Matinee,ivyfalls,"LJ Benet (Michael Emerson), Shoshana Bean (Lucy Emerson), Benjamin Pajak (Sam Emerson), Pierre Marais (u/s David), Maria Wirries (Star), Paul Alexander Nolan (Max), Brian Flores (Marko), Sean Grandillo (Dwayne), Dean Maupin (Paul), Jennifer Duka (Alan Frog), Miguel Gil (Edgar Frog), Ryan Behan (Ensemble), Ben Crawford (Ensemble), Dominic Dorset (Ensemble), Carissa Gaughran (Ensemble), Ashley Jenkins (Ensemble), Cameron Loyal (Ensemble), Mateus Leite Cardoso (s/w Ensemble), Colin Trudell (Ensemble), DeLaney Westfall (Ensemble), Pierce Wheeler (Ensemble)","Audio taken by phone from back of Orchestra. Included bow/sound of cheers, may include some shuffling. Mateus Leite Carodso covered Pierre's roles.",,,,NFS,"Never Gift",Unrestricted,Bootleg,"M4A - 247 MB","M4A - 247.4 MB (untracked)",,"Full Show","Palace Theatre","New York, NY",2026-07-13,https://encora.it/recordings/2035233/
Audio,"The Lost Boys",Broadway,2026-03-27,Evening,nick06,"LJ Benet (Michael Emerson), Shoshana Bean (Lucy Emerson), Benjamin Pajak (Sam Emerson), Ali Louis Bourzgui (David), Maria Wirries (Star), Paul Alexander Nolan (Max), Brian Flores (Marko), Sean Grandillo (Dwayne), Dean Maupin (Paul), Jennifer Duka (Alan Frog), Miguel Gil (Edgar Frog), Ryan Behan (Ensemble), Ben Crawford (Ensemble), Dominic Dorset (Ensemble), Carissa Gaughran (Ensemble), Ashley Jenkins (Ensemble), Cameron Loyal (Ensemble), Pierre Marais (Ensemble), Colin Trudell (Ensemble), DeLaney Westfall (Ensemble), Pierce Wheeler (Ensemble)","Feel free to trade and gift as you please!! However, please reach out for permission before posting any part publicly to social media. I'll be happy to respond. Thanks!!","First performance of this incredible musical! Includes pre-show speech, as well as video of both curtain call and post-curtain scene.

Humorous technical difficulty near the beginning of act 2, show paused for about 10 minutes give or take.",,,,"Gift at your Discretion",Unrestricted,Bootleg,"M4A (untracked) & MP4 (HD)","M4A - 112 MB (untracked)",,"Full Show","Palace Theatre","New York, NY",2026-07-16,https://encora.it/recordings/2030803/
Video,Macbeth,"Royal Shakespeare Company (2025)",2025-10-21,Unknown,,"Sam Heugham (Macbeth), Lia Williams (Lady Macbeth), Nicholas Karimi (Banquo), Alec Newman (Macduff), John McLarnon (Ross), Calum Ross (Malcolm), Gilly Gilchrist (Duncan), Jamie Marie Leary (Lady Macduff), Michael Abubakar (Porter), Conor McLeod (Angus), Eilidh Fisher (Nan), Irene Macdougall (Mag), Christopher Patrick Nolan (Priest), Alison Peebles (Iza)",,,,,,"Gift at your Discretion",Unrestricted,"House Cam",,"MP4 - 6.4 GB",,"Full Show","The Other Place (RSC)","Stratford-upon-Avon, United Kingdom",2026-08-20,https://encora.it/recordings/2026416/
Video,"The Magician's Elephant","Royal Shakespeare Company",2021,Unknown,,"Jack Wolfe (Peter Duchene), Rianna Ash (s/w The Elephant), Wela Mbusi (The Elephant), Zoe Halliday (The Elephant), Amy Booth-Steel (The Narrator), Summer Strallen (Countess Quintet), Sharif Afifi (u/s Count Quintet), Lauren Jones (u/s Adele/Young Police Officer), Melissa James (Gloria Matienne), Marc Antolin (Leo Matienne), Forbes Masson (Police Chief), Alastair Parker (Magician), Stephen John Davis (u/s Vilna Lutz), Renu Arora (Madame LaVaughn), Mandi Symonds (Sister Marie), Maya Britto (s/w Lisette), Hannah Brown (Peter's Mother), Matt Bateman (s/w Peter's Father/s/w Doctor), Wendy Somerville (Mrs. Griswald), Michael Carolan (s/w Police Officer/s/w Dance Teacher/s/w Milliner), Chrystine Symone (Young Police Officer/Lamplighter), Lucca Chadwick-Patel (Fishmonger), Alison Arnopp (Baker)",,,,,,"Gift at your Discretion",Unrestricted,Pro-Shot,,"MP4 - 1.41 GB",,"Full Show",,"Stratford-upon-Avon, United Kingdom",2026-07-13,https://encora.it/recordings/2034381/
Video,"Mamma Mia!",Broadway,2012-11-21,Evening,Lanelle,"Judy McLane (Donna Sheridan), Christy Altomare (Sophie), Lauren Cohn (Rosie), Felicia Finley (Tanya), Daniel Cooney (Bill Austin), Victor Wallace (u/s Sam Carmichael), Graham Rowat (Harry Bright), Zak Resnick (Sky), Thomasina Gross (Lisa), Natalie Bradshaw (u/s Ali)",,"Performances in this video have previously been incorrectly attributed to Aaron Lazar (Sam) and Monica Kapoor (Ali). Does not include the curtain call or bonus songs.",,,,"Gift at your Discretion",Unrestricted,Bootleg,,"VOB + smalls - 6.18 GB",,"Full Show","Winter Garden Theatre","New York, NY",2026-08-20,https://encora.it/recordings/481/
Video,"Mamma Mia!","Hollywood Bowl",2017-07-30,Evening,"SJ Bernly","Jennifer Nettles (Donna Sheridan), Dove Cameron (Sophie), Lea DeLaria (Rosie), Tisha Campbell-Martin (Tanya), Steven Weber (Bill Austin), Jaime Camil (Sam Carmichael), Hamish Linklater (Harry Bright), Corbin Bleu (Sky), Tiana Okoye (Lisa), Charlotte Mary Wen (Ali)","The annual Hollywood Bowl production never disappoints. Jennifer absolutely kills it, and there are some brilliant comedic moments from the whole cast. This capture is nearly perfect with just a couple quick dropouts and some brief moments where the video wanders or goes out of focus, but never for more than a few seconds. It's filmed in 16:9, with a mix of wides, mediums, and close-ups. The sound is excellent. Includes curtain call, encores, and playbill scans.",,,,,"Gift at your Discretion",Unrestricted,Bootleg,,"VOB + smalls - 8.07 GB",,"Full Show","Hollywood Bowl","Los Angeles, CA",2026-07-23,https://encora.it/recordings/1113/
Audio,"Mamma Mia!","West End",1999-04-06,Evening,Unknown,"Siobhán McCarthy (Donna Sheridan), Lisa Stokke (Sophie), Jenny Galloway (Rosie), Louise Plowright (Tanya), Nicolas Colicos (Bill Austin), Hilton McRae (Sam Carmichael), Paul Clarkson (Harry Bright), Andrew Langtree (Sky)",,"Opening night. This audio should also include a bonus track at the end that was recorded from an early preview of the show. The bonus track has the end of the Prologue which goes into Summer Night City, which was cut from the show during previews. The bonus track ends after the song.",,,,"Gift at your Discretion",Unrestricted,Bootleg,,"MP3 - 163 MB (tracked)",,"Full Show","Prince Edward Theatre","London, United Kingdom",2026-07-24,https://encora.it/recordings/29441/
Video,"Mamma Mia!",Broadway,2014-11-30,Evening,"SJ Bernly","Judy McLane (Donna Sheridan), Elena Ricardo (Sophie), Lauren Cohn (Rosie), Felicia Finley (Tanya), Brent Black (u/s Bill Austin), Alan Campbell (Sam Carmichael), Paul DeBoy (Harry Bright), Jon Jorgenson (Sky), Neil Starkenberg (Pepper), Thomasina Gross (Lisa), Traci Victoria (Ali), Patrick Ortiz (u/s Eddie)",,"In honor of the show's recent closing, here is a capture of the Broadway cast from last fall. The cast has a great energy and the show is a ton of fun. There is one head that obstructs the front/center of the stage; it's worked around as much as possible, but it does occasionally block the action. The Entracte and the first 30 seconds of Under Attack are missing at the beginning of Act Two. Other than that, there are a couple quick dropouts, but no major blackouts. It's filmed in 16:9, with a mix of wides, mediums, and close-ups. The sound is excellent. Includes curtain call, the first two encore songs, and playbill scans. B",,,,"Gift at your Discretion",Unrestricted,Bootleg,,"VOB + smalls - 7.69 GB",,"Full Show","Broadhurst Theatre","New York, NY",2026-07-22,https://encora.it/recordings/5887/
Video,"Mamma Mia!","West End",2023-09-××,Unknown,juniper47,"Mazz Murray (Donna Sheridan), Meg Hateley (Sophie), Gemma Goggin (Rosie), Josie Benson (Tanya), Christopher Hollis (t/r Bill Austin), Norman Bowman (Sam Carmichael), Christopher Dickins (Harry Bright), Miles Henderson (Sky), Jake Bailey (Pepper), Olivia Lallo (Lisa), Natasha Heyward (Ali), Robert Slatter (u/s Eddie), Simon Willmont (u/s Father Alexander)",,"Filmed in 4K, released as 1080p and 4K. Filmed using alternate method from dress circle—a bit of obstruction on the left side of the screen at times due to a tall person's head/hair. A couple of dropouts aside from those for applause due to audience members moving around and latecomers. A few moments where sleeve obstructs part of the lens. Act 1 has minor flickering or rolling bars during some scenes due to lighting mismatch with camera settings, which was fixed prior to Act 2. Otherwise a pretty good capture of the show. Includes most of megamix (Dancing Queen and Waterloo only)/curtain call.",2024-09-28,,NFS,"Gift at your Discretion",Unrestricted,Bootleg,"MP4 (HD & 4K)","MP4 - 19.53 GB",,"Full Show",,,2026-07-16,https://encora.it/recordings/1154216/
Video,"Matilda the Musical","West End",2025-08-××,Unknown,MTTZ,"Alexis Whitehead (Matilda), Kieran Hill (Miss Trunchbull), Eve Norris (Miss Honey), Tiffany Graves (Mrs. Wormwood), Ralph Watts (u/s Mr. Wormwood), Pearce Barron (Michael Wormwood), Gabrielle Davina Smith (Mrs. Phelps), William Elijah-Lewis (Rudolpho), Adam Hussain (Bruce), Khit Thakhin (Lavender), Kobe Champion-Norville (Nigel), Isabella Rummery (Amanda), Harry Relf (Eric), Isabelle McLatchie (Alice), Ashley Taylor (Hortensia), Reuben Laming (Tommy), Issy Khogali (Acrobat), Ronan Burns (u/s Escapologist/u/s Doctor), Jak Skelly (Entertainer), Esme Bacalla-Hayes (s/w Cook), Alex Louize Bird (Henchman | Henchwoman), Karina Hind (Henchman | Henchwoman), Sam Jeffery Parkes (Henchman | Henchwoman), Dawn Williams (Henchman | Henchwoman)","Decent capture of this spectacular production! Shot in a great mix of wides, mediums, and close-ups. Some wandering, shaking, and re-adjusting throughout. Shot above and around very annoying (often moving) heads that are worked around as best as possible, but do obstruct action at times -- I try not to let this affect the video too much but it is annoying. Audio is patched in from an external source, many disruptive audience noises can be heard -- this is the epitome of a kid's show audience. Video for act 2 starts a bit into Lavender's monologue, Telly is audio-only. Overall a decent capture.",,2026-03-05,,,"Gift at your Discretion",Unrestricted,Bootleg,"MP4 - 9.4GB","MP4 - 9.38 GB",,"Full Show","Cambridge Theatre","London, United Kingdom",2026-07-20,https://encora.it/recordings/2021347/
Video,"Maybe Happy Ending",Broadway,2024-10-16,Evening,bikinibottomday,"Darren Criss (Oliver), Helen J. Shen (Claire), Dez Duron (Gil Brentley), Marcus Choi (James)","Great 4K capture of this show’s first preview! There is a tech hold an hour in, it is edited out and the video resumes after the show starts up again. A few brief black outs due to late seating, people leaving etc. Video starts about two minutes into the first song. Some wandering / readjustment and unfocusing throughout. Includes audio of pre-show speech by Michael Arden and curtain call, audio is fed from external source. ",,2025-04-17,,,"Never Gift",Unrestricted,Bootleg,"4K MP4 8.96 GB","4K MP4 - 8.96 GB",,"Full Show","Belasco Theatre","New York, NY",2026-07-13,https://encora.it/recordings/2005652/
Video,"Mean Girls",Broadway,"2019-09-×× (1)",Unknown,StarCuffedJeans,"Erika Henningsen (Cady Heron), Reneé Rapp (Regina George), Krystina Alabado (Gretchen Wieners), Kate Rockwell (Karen Smith), Gianna Yanelli (u/s Janis Sarkisian), Grey Henson (Damian Hubbard), Kyle Selig (Aaron Samuels), Cheech Manohar (Kevin Gnapoor), Jennifer Simard (Mrs. Heron/Ms. Norbury/Mrs. George), Rick Younger (Principal Duvall), Brendon Stimson (Ensemble), Myles McHale (Ensemble), Morgan Harrison (Ensemble), Collins Conley (Ensemble), Jake Swain (Ensemble), Darius Barnes (Ensemble), Aaron Alcaraz (s/w Ensemble), Riza Takahashi (Ensemble), Devon Hadsell (Ensemble), Curtis Holland (Ensemble), Daryl Tofa (Ensemble), Becca Petersen (Ensemble), Christine Shepard (Ensemble), Bria Jené Williams (Ensemble), Brittany Nicholas (s/w Ensemble)",,"Stunning HD capture of Reneé's first couple of weeks as principal Regina and Erika's last show before she went on medical leave. Filmed from the center mezzanine without obstructions, with a mix of wides, mediums, and many closeups! Please do not post screenshots of this video on Twitter ever. Gifs on Tumblr are okay after the NFT date, but don't go linking things to actors and shows.",2020-06-10,,,"Gift at your Discretion",Unrestricted,Bootleg,,"MP4 - 6.27 GB",,"Full Show","August Wilson Theatre","New York, NY",2026-07-13,https://encora.it/recordings/25421/
Audio,"Mean Girls",Broadway,2020-03-10,Evening,WhatTradingCanDo,"Sabrina Carpenter (Cady Heron), Reneé Rapp (Regina George), Krystina Alabado (Gretchen Wieners), Laura Leigh Turner (Karen Smith), Olivia Kaufmann (Janis Sarkisian), Chad Burris (Damian Hubbard), Kyle Selig (Aaron Samuels), Cheech Manohar (Kevin Gnapoor), Catherine Brunell (Mrs. Heron/Ms. Norbury/Mrs. George), Rick Younger (Principal Duvall), Drew Redington (Ensemble), Teddy Toye (Ensemble), Stephanie Lynn Bissonnette (Ensemble), Collins Conley (Ensemble), Tovi Wayne (s/w Ensemble), Darius Barnes (Ensemble), Pascal Pastrana (Ensemble), Riza Takahashi (Ensemble), Devon Hadsell (Ensemble), Curtis Holland (Ensemble), Daryl Tofa (Ensemble), Becca Petersen (Ensemble), Sasha Hollinger (Ensemble), Bria Jené Williams (Ensemble), Lily Kaufmann (Ensemble)",,"First performances of the Mean Girls 2.0 Broadway cast. Debut performances for Sabrina Carpenter, Laura Leigh Turner, Oliva Kaufmann, and Chad Burris. As far as I know, this is the ONLY audio of the 2.0 cast in existence. Recorded by a non-trader friend from the first row, and I was given permission to release it as my master. This audio is to always be gifted.",,,,"Gift at your Discretion",Unrestricted,Bootleg,"MP3 (untracked) - 117 MB","MP3 - 117 MB (untracked)",,"Full Show","August Wilson Theatre","New York, NY",2026-08-09,https://encora.it/recordings/1121394/
Video,Merlin,Broadway,1983-08-07,Evening,,"Doug Henning (Merlin), Chita Rivera (The Queen), Nathan Lane (Prince Fergus), Rebecca Wright (Philomena), Edmund Lyndeck (Wizard), Gregory Mitchell (The Queen's Companion), Michelle Nicastro (Ariadne), Knowl Johnson (Young Merlin/Arthur), George Lee Andrews (Old Soldier/Old Merlin), Spence Ford (Fire), Andrea Handler (Air), Peggy Parten (Earth), Alan Brasington (Acolyte/Manservant), Debby Henning (Water/Merlin's Vision)",,,,,,"Gift at your Discretion",Unrestricted,"House Cam",,"VOB + smalls - 3.78 GB",,"Full Show","Mark Hellinger Theatre","New York, NY",2026-08-18,https://encora.it/recordings/1129602/
Video,"Merrily We Roll Along","New York Theatre Workshop",2022-11-××,Unknown,StarCuffedJeans,"Jonathan Groff (Franklin Shepard), Daniel Radcliffe (Charley Kringas), Lindsay Mendez (Mary Flynn), Krystal Joy Brown (Gussie Carnegie), Katie Rose Clarke (Beth Spencer), Reg Rogers (Joe Josephson), Colin Keane (Frank Jr.), Talia Simone Robinson (Meg Kincaid), Natalie Wachen (K.T.), Vishal Vaidya (Jerome), Corey Mach (Tyler/Make-Up Artist), Sherz Aletaha (Mrs. Spencer/Scotty/Auditionee), Jacob Keith Watson (Terry/Mr. Spencer), Leana Rae Concepcion (Claudia/Newscaster/Waitress/Auditionee), Brian Sears (Bunker/Photographer/Newscaster), Jamila Sabares-Klemm (Evelyn/Dory/Pianist), Christian Strange (Ru/Reverend), Maya Boyd (Mimi from Paramount/Make-Up Artist)",,,2023-07-01,,,"Gift at your Discretion",Unrestricted,Bootleg,"MP4 (HD) - 6.59 GB","MP4 (HD) - 6.59 GB",,"Full Show","New York Theatre Workshop","New York, NY",2026-07-13,https://encora.it/recordings/1136501/
Video,"Merrily We Roll Along","First Broadway Revival",2024-06-××,Unknown,,"Jonathan Groff (Franklin Shepard), Daniel Radcliffe (Charley Kringas), Lindsay Mendez (Mary Flynn), Krystal Joy Brown (Gussie Carnegie), Katie Rose Clarke (Beth Spencer), Reg Rogers (Joe Josephson), Max Rackenberg (Frank Jr.), Talia Simone Robinson (Meg Kincaid), Natalie Wachen (K.T.), Vishal Vaidya (Jerome), Corey Mach (Tyler), Sherz Aletaha (Mrs. Spencer/Scotty/Auditionee), Jacob Keith Watson (Terry/Mr. Spencer), Leana Rae Concepcion (Claudia/Newscaster/Auditionee), Coby Getzug (Bunker/Photographer/Newscaster), Jamila Sabares-Klemm (Evelyn/Dory/Pianist), Christian Strange (Ru/Reverend), Brianna Stoute (Mimi from Paramount/Make-Up Artist), Brian Sears (Greg from Paramount)",,,,,NFS,"Gift at your Discretion",Unrestricted,Pro-Shot,,"MP4 - 2.67 GB",,"Full Show","Hudson Theatre","New York, NY",2026-07-13,https://encora.it/recordings/2027634/
Video,"A Midsummer Night's Dream (Shakespeare)","Bridge Theatre",2019,Unknown,,"Oliver Chris (Oberon/Theseus), Gwendoline Christie (Titania/Hippolyta), Isis Hainsworth (Hermia), Tessa Bonham Jones (Helena), David Moorst (Puck/Philostrate), Kit Young (Lysander), Paul Adeyefa (Demetrius), Kevin McMonagle (Egeus), Jermaine Freeman (Flute), Jamie-Rose Monk (Snug), Ami Metcalf (Snout), Hammed Animashaun (Nick Bottom), Francis Lovehall (Starveling), Jay Webb (Cobweb), Lennin Nelson-McClure (Mustardseed), Charlotte Atkinson (Moth), Felicity Montagu (Quince), Rachel Tolzman (First Fairy), Chipo Kureya (Peaseblossom)",,"Recorded in the Summer of 2019 for National Theatre Live. https://www.imdb.com/title/tt10384514",2020-06-25,,,"Gift at your Discretion",Unrestricted,Pro-Shot,,"MP4 - 3.05 GB",,"Full Show","Bridge Theatre","London, United Kingdom",2026-08-06,https://encora.it/recordings/34731/
Video,"Miscast (Concerts)",2026,2026-04-27,Evening,,"Marla Mindelle (Performer), Jessica Vosk (Performer), Brandon Uranowitz (Performer), Sam Tutty (Performer), Tramell Tillman (Performer), Emma Sofia (Performer), Michaela Jaé Rodriguez (Performer), Christiani Pitts (Performer), Leslie Odom Jr. (Performer), Javier Muñoz (Performer), Brian Stokes Mitchell (Performer), LJ Benet (Performer), Ruthie Ann Miles (Performer), Lea Michele (Performer), Caissie Levy (Performer), Jane Krakowski (Performer), Darren Criss (Performer), Nicholas Christopher (Performer), Sara Chase (Performer), Alex Brightman (Performer), Ali Louis Bourzgui (Performer), Nikki M. James (Performer), Shaina Taub (Performer)",,"First streamed on YouTube by MCCTheater on May 12, but was filmed on April 27. The original file is a 1.26 GB MP4 but bloated screen recordings of the livestream also circulate.",,,,"Gift at your Discretion",Unrestricted,Pro-Shot,"MP4 (1.26 GB)","MP4 - 1.26 GB",,"Full Show","Hammerstein Ballroom","New York, NY",2026-08-03,https://encora.it/recordings/2032931/
Video,"Miscast (Concerts)",2023,2023-04-03,Evening,,"Ben Platt (Performer), Lorna Courtney (Performer), Joy Woods (Performer), Dylan Mulvaney (Performer), Jose Llana (Performer), NaTasha Yvette Williams (Performer), Jordan E. Cooper (Performer), Rachel Zegler (Performer), Eleri Ward (Performer), LaChanze (Performer), Annaleigh Ashford (Performer), Josh Groban (Performer), Bonnie Milligan (Performer)",,"Some of Broadways brightest stars lit up the Hammerstein Ballroom stage April 3 for MCC Theaters annual Miscast concert. Each year Miscast proves to be one of the industrys favorite events, featuring Broadway stars performing songs from roles in which they might not be traditionally cast. This year, Miscast23 honored Emmy, Grammy, and Tony nominee Vanessa Williams and MCC Youth Company alum Lianny Toval. Running time: 01:17:29",,,,"Gift at your Discretion",Unrestricted,Pro-Shot,"MP4 (1080p) - 2.51 GB","MP4 - 2.5 GB",,"Full Show","Hammerstein Ballroom",,2026-08-05,https://encora.it/recordings/1141431/
Video,"Miscast (Concerts)",2025,2025-04-07,Evening,,"Cole Escola (Performer), Raúl Esparza (Performer), Jordan Fisher (Performer), Ana Gasteyer (Performer), Megan Hilty (Performer), Nick Jonas (Performer), Kecia Lewis-Evans (Performer), Adam Pascal (Performer), Steven Pasquale (Performer), Nicole Scherzinger (Performer), Helen J. Shen (Performer), Jennifer Simard (Performer), Britton Smith (Performer), Phillipa Soo (Performer), Ephraim Sykes (Performer), Aaron Tveit (Performer), Jordan Tyson (Performer)",,,,,,"Gift On Request",Unrestricted,Pro-Shot,,"MP4 - 3.70 GB",,"Full Show","Hammerstein Ballroom","New York, NY",2026-07-16,https://encora.it/recordings/2012979/
Audio,"Les Misérables","Third US National Tour",2005-06-16,Evening,Unknown,"Randal Keith (Jean Valjean), Pierce Peter Brandt (u/s Javert), Tonya Dixon (Fantine), Leslie Henstock (Cosette), Adam Jacobs (Marius), Melissa Lyons (Éponine), David Benoit (Thénardier), Michael Halling (Enjolras), Jennifer Butt (Madame Thénardier), Noah Galvin (Gavroche), Rachel Schier (Little Cosette)",,"Cuts off just before Javerts Suicide.",,,,"Gift at your Discretion",Unrestricted,Bootleg,,"MP3 - 90.5 MB (tracked)",,"Full Show","Curran Theatre","San Francisco, CA",2026-08-07,https://encora.it/recordings/1000236/
Audio,"Les Misérables","Third US National Tour",2005-07-17,Matinee,Unknown,"David Michael Felty (u/s Jean Valjean), Robert Hunt (Javert), Joan Almedilla (Fantine), Ashley Fox Linton (u/s Cosette), Adam Jacobs (Marius), Melissa Lyons (Éponine), Norman Large (Thénardier), Michael Halling (Enjolras), Jennifer Butt (Madame Thénardier), Noah Galvin (Gavroche)",,,,,,"Gift at your Discretion",Unrestricted,Bootleg,,"MP3 - 109 MB (tracked)",,"Full Show","Curran Theatre","San Francisco, CA",2026-08-07,https://encora.it/recordings/1000238/
Audio,"Les Misérables","Third US National Tour",2005-06-15,Matinee,Unknown,"Randal Keith (Jean Valjean), Pierce Peter Brandt (u/s Javert), Tonya Dixon (Fantine), Leslie Henstock (Cosette), Adam Jacobs (Marius), Melissa Lyons (Éponine), David Benoit (Thénardier), Michael Halling (Enjolras), Jennifer Butt (Madame Thénardier), Noah Galvin (Gavroche), Rachel Schier (Little Cosette), Charles Hagerty (Joly)",,,,,,"Gift at your Discretion",Unrestricted,Bootleg,,"MP3 - 219 MB (tracked)",,"Full Show","Curran Theatre","San Francisco, CA",2026-08-07,https://encora.it/recordings/1000235/
Audio,"Les Misérables","Third US National Tour",2005-06-18,Matinee,juniper47,"Randal Keith (Jean Valjean), Robert Hunt (Javert), Tonya Dixon (Fantine), Leslie Henstock (Cosette), Adam Jacobs (Marius), Melissa Lyons (Éponine), David Benoit (Thénardier), Michael Halling (Enjolras), Jennifer Butt (Madame Thénardier), Noah Galvin (Gavroche), Rachel Schier (Little Cosette), Eric Briarley (Feuilly), Charles Hagerty (Joly), Trent Blanton (Bamatabois), Ryan Williams (Jean Prouvaire), Kip Driver (Montparnasse), James Chip Leonard (Claquesous/Pimp), Michael St John (Lesgles/The Bishop of Digne), Meg Guzulescu (Young Éponine), Kevin David Thomas (Babet), Kelly McCormick (Factory Girl)",,"Missing last 5 minutes of Epilogue. Untracked. Occasional hard-drive spin-up can be heard.",,,NFS,"Never Gift",Unrestricted,Bootleg,,"MP3 - 116 MB (tracked)",,"Full Show","Curran Theatre","San Francisco, CA",2026-08-07,https://encora.it/recordings/29146/
Video,"Les Misérables","Second Broadway Revival",2014-05-17,Evening,SunsetBlvd79,"Aaron Walpole (u/s Jean Valjean), Will Swenson (Javert), Caissie Levy (Fantine), Samantha Hill (Cosette), Andy Mientus (Marius), Nikki M. James (Éponine), Cliff Saunders (Thénardier), Kyle Scatliffe (Enjolras), Keala Settle (Madame Thénardier), Joshua Colley (Gavroche), John Rapson (Grantaire), Andrew Kober (Babet/Innkeeper)",,"Beautiful HD capture of the Broadway Revival. Aaron has such a big full voice and sounds great in the role. Great performances from Caissie and Will as always!",,,,"Gift at your Discretion",Unrestricted,Bootleg,,"VOB + smalls - 8.19 GB",,"Full Show","Imperial Theatre","New York, NY",2026-07-23,https://encora.it/recordings/1163/
Audio,"Les Misérables","Third US National Tour",2005-07-16,Evening,juniper47,"Roger Seyer (u/s Jean Valjean), Robert Hunt (Javert), Joan Almedilla (Fantine), Nina Negri (u/s Cosette), Adam Jacobs (Marius), Melissa Lyons (Éponine), Norman Large (Thénardier), Michael Halling (Enjolras), Jennifer Butt (Madame Thénardier), Noah Galvin (Gavroche), Meg Guzulescu (Little Cosette), Trent Blanton (Grantaire/Bamatabois), Eric Briarley (Feuilly), Don Brewer (s/w Courfeyrac/s/w Combeferre/s/w Factory Foreman), Charles Hagerty (Joly/Major Domo), Ryan Williams (Jean Prouvaire), Kip Driver (Montparnasse), James Chip Leonard (Claquesous/Pimp/Constable), Michael St John (Lesgles/The Bishop of Digne), Rachel Schier (Young Éponine), Kevin David Thomas (Babet), Kelly McCormick (Factory Girl), Lisa Morris (t/r Crone), Karen Elliott (Old Woman)",,"occasional hard drive spin-up noise in the background",,,NFS,"Never Gift",Unrestricted,Bootleg,"MP3 (tracked)","MP3 - 124 MB (tracked)",,"Full Show","Curran Theatre","San Francisco, CA",2026-08-07,https://encora.it/recordings/19144/
Video,"Les Misérables","Second Broadway Revival",2014-03-08,Evening,SunsetBlvd79,"Ramin Karimloo (Jean Valjean), Will Swenson (Javert), Caissie Levy (Fantine), Samantha Hill (Cosette), Andy Mientus (Marius), Nikki M. James (Éponine), Cliff Saunders (Thénardier), Kyle Scatliffe (Enjolras), Keala Settle (Madame Thénardier), Joshua Colley (Gavroche), Jason Forbach (Feuilly)","Audience was full of excitement! The last 20 seconds are missing from the very end, due to battery issues. ","Multiple versions circulating; the correct one, 8.20 GB, should include a Disc 2 title screen and two chapter menus, with the end of Act 1 on VTS_01_1.VOB and Act 2 starting on VTS_02_1.VOB.
A lower quality MP4/MOV rip (1.8 GB) circulates as May 6, 2014.",,,,"Gift at your Discretion",Unrestricted,Bootleg,"VOB with smalls, 8.20 GB","VOB + smalls - 8.20 GB",,"Full Show","Imperial Theatre","New York, NY",2026-07-19,https://encora.it/recordings/470/
Audio,"Les Misérables","West End Revival",2025-01-09,Matinee,walkinginthesun,"Ian McIntosh (Jean Valjean), Stewart Clarke (Javert), Lucie Jones (t/r Fantine), Annabelle Aquino (Cosette), Jacob Dachtler (Marius), Imaan Victoria (u/s Éponine), Luke Kempner (Thénardier), Robson Broad (Enjolras), Claire Machin (Madame Thénardier), Clark Young (Gavroche), Mila Isaacs (Little Cosette), Adam Colbeck-Dunn (Grantaire), Jonathan Stevens (Feuilly), Matthew McConnell (Courfeyrac), Ollie Wray (e/c Combeferre), Ben Oatley (Joly), Jordan Simon Pollard (Factory Foreman/Claquesous), Matt Bateman (Bamatabois/Babet), Matthew Dale (s/w Jean Prouvaire), Sam Kipling (s/w Montparnasse/s/w Pimp), Michael Baxter (s/w Lesgles), Adam Pearce (Brujon/The Bishop of Digne), Angelica Quynh-an Nguyen (Young Éponine), Danielle Rose (s/w Factory Girl), Emily Olive Boyd (Madame)","Luke flubs a section of 'Dog Eats Dog'",,,,,"Gift at your Discretion",Unrestricted,Bootleg,"M4A (Untracked)","M4A - 75.2 MB (untracked)",,"Full Show","Sondheim Theatre","London, United Kingdom",2026-08-11,https://encora.it/recordings/2036948/
Video,"Miss Saigon","First Broadway Revival",2017-05-13,Evening,SunsetBlvd79,"Lianah Sta Ana (alt Kim), Alistair Brammer (Chris), Jon Jon Briones (The Engineer), Katie Rose Clarke (Ellen), Rachelle Ann Go (Gigi), Devin Ilaw (Thuy)",,"Excellent HD capture of Lianah as the Kim Alternate. A wonderful production with a very solid cast and from a very nice angle to take in the whole show. A",,,,"Gift at your Discretion",Unrestricted,Bootleg,,"VOB + smalls - 7.80 GB",,"Full Show","Broadway Theatre","New York, NY",2026-08-20,https://encora.it/recordings/7003/
Video,"Moulin Rouge! The Musical",Broadway,"2024-10-×× (1)",Unknown,"The Riddle","Joanna ""JoJo"" Levesque (Satine), Aaron Tveit (Christian), Frank Viveros (u/s Harold Zidler), David Harris (The Duke of Monroth), Andre Ward (Toulouse-Lautrec), Alexander Gil Cruz (Santiago), Sophie Carmen-Jones (Nini), Jacqueline B. Arnold (La Chocolat), Nicci Claspell (Arabia), Jeigh Madjus (Baby Doll), Nick Martinez (Pierre), Dabria Aguilar (Ensemble), Giovanni Bonaventura (s/w Ensemble), Nick Burrage (s/w Ensemble), Olivia Cece (s/w Ensemble), Tyler Eisenreich (s/w Ensemble), Aaron C. Finley (Ensemble), Bahiyah Hibah (Ensemble), Kamal Lado (Ensemble), Heather Makalani (Ensemble), Brooke Taylor (Ensemble), Alec Varcas (Ensemble), Cole Wachman (Ensemble), Shaun-Avery Williams (Ensemble), Jordan Wynn (Ensemble)","Excellent 4k capture of Aaron and JoJo’s final performance together.  Shot with a mix of mediums, wides, and closeups, minor issues from head obstruction from time to time, mostly on the right.  Filming is slightly messy during “Welcome to the Moulin Rouge” and the Encore/Bows due to usher activity.  Slight emphasis given to Aaron and JoJo on occasion.  Aaron brought back the Chandelier verse in Roxanne.  Fantastic energy from the cast and from the audience!",,2025-05-01,,,"Never Gift",Unrestricted,Bootleg,,"MP4 - 10.7 GB",,"Full Show","Al Hirschfeld Theatre","New York, NY",2026-07-13,https://encora.it/recordings/2005480/
Video,"Moulin Rouge! The Musical","West End",2023-01-××,Unknown,Lasagna,"Vanessa Ela Young (alt Satine), Jamie Muscato (Christian), Craig Ryder (u/s Harold Zidler), Ben Richards (The Duke of Monroth), Ian Carlyle (Toulouse-Lautrec), Elia Lo Tauro (Santiago), Amy Thornton (Nini), Elliotte Williams N'Dure (La Chocolat), Melissa Nettleford (u/s Arabia), Tiago Dhondt Bamberger (Baby Doll)",,"Great capture of Vanessa as Satine! Shot around heads but all the action is captured well.",2023-12-29,,,"Gift at your Discretion",Unrestricted,Bootleg,"MP4 (4K)","MP4 - 9.17 GB",,"Full Show","Piccadilly Theatre","London, United Kingdom",2026-07-21,https://encora.it/recordings/1137401/
Video,"Moulin Rouge! The Musical",Broadway,2025-04-15,Evening,bikinibottomday,"Solea Pfeiffer (Satine), Jordan Fisher (Christian), Patrick Clanton (s/b Harold Zidler), Andy Karl (The Duke of Monroth), Frank Viveros (u/s Toulouse-Lautrec), Pepe Muñoz (Santiago), Tamrin Goldberg (u/s Nini), Donnie Hammond (La Chocolat), Rayven Bailey (Arabia), Janayé McAlpine (u/s Arabia), Jeigh Madjus (Baby Doll)","Excellent 4K capture of Jordan’s debut as Christian! Janayé went on for Arabia for Act Two. Action on the far left and on the walkway is obstructed. A railing is also visible and occasionally blocks off action but is usually unintrusive. Some wandering and unfocusing throughout. Includes curtain call and encore, audio is fed from external source.",,2025-11-02,,,"Never Gift",Unrestricted,Bootleg,"4K MP4 (9.94GB)","MP4 - 9.94 GB",,"Full Show","Al Hirschfeld Theatre","New York, NY",2026-08-03,https://encora.it/recordings/2013972/
Video,"Moulin Rouge! The Musical",Broadway,2024-11-××,Unknown,MTTZ,"Solea Pfeiffer (Satine), John Cardoza (Christian), Robert Petkoff (t/r Harold Zidler), Dylan Paul (u/s The Duke of Monroth), Andre Ward (Toulouse-Lautrec), Pepe Muñoz (Santiago), Sophie Carmen-Jones (Nini), Jacqueline B. Arnold (La Chocolat), Nicci Claspell (Arabia), Jeigh Madjus (Baby Doll), Nick Martinez (Pierre), Cameron Burke (s/w Ensemble), Alexa de Barr (s/w Ensemble), Aaron C. Finley (Ensemble), Tamrin Goldberg (s/w Ensemble), Nathaniel Hunt (s/w Ensemble), Kamal Lado (Ensemble), Kaitlin Mesh (Ensemble), Kelsey Orem (s/w Ensemble), Frank Viveros (Ensemble), Cole Wachman (Ensemble), Shaun-Avery Williams (Ensemble), Jennifer Wolfe (Ensemble), Jenn Stafford Yip (Ensemble), Ricardo A. Zayas (Ensemble)","Excellent capture of this incredible show! Welcome to the Moulin Rouge is messy and somewhat obstructed but the capture cleans up and the obstruction is worked around well after that. Much of the action on the catwalk is only seen from the torso up. Shot in a gorgeous mix of wides, mediums, and close-ups. Some increased wandering, shaking, and re-adjusting throughout. A few dropouts due to usher activity and latecomers. Audio is patched in from an external source, some rustling and scratching can be heard throughout. Some spotlight washout can be seen. Overall a wonderful capture of this stunning show with two of the most perfect leads I’ve ever seen. ",,2025-07-05,,,"Never Gift",Unrestricted,Bootleg,,"MP4 - 9.33 GB",,"Full Show","Al Hirschfeld Theatre","New York, NY",2026-07-31,https://encora.it/recordings/2007946/
Video,"Moulin Rouge! The Musical","First US National Tour","2025-10-×× (2)",Unknown,MTTZ,"Arianna Rosario (Satine), John Cardoza (t/r Christian), Robert Petkoff (Harold Zidler), Andrew Brewer (The Duke of Monroth), Jahi Kearse (Toulouse-Lautrec), Danny Burgos (Santiago), Kaitlin Mesh (Nini), Renee Marie Titus (La Chocolat), Amara Berhan (Arabia), Rodney Thompson (Baby Doll), Rhys Carr (Pierre), Mateus Barbosa Da Silva (Ensemble), Runako Campbell (Ensemble), Darius Crenshaw (Ensemble), Nicolas de la Vega (Ensemble), Nathan Fister (Ensemble), Collin Heyward (Ensemble), Charizma Lawrence (Ensemble), Katie Lombardo (s/w Ensemble), Meghan Manning (Ensemble), Luke Monday (Ensemble), Kenneth Michael Murray (s/w Ensemble), Elyse Niederee (Ensemble), Luke Rands (Ensemble), Maia Schechter (s/w Ensemble), Jerald Vincent (Ensemble)","Excellent capture of this incredible tour with the stunning duo of John Cardoza and Arianna Rosario! Shot in a great mix of wides, mediums, and close-ups. Some wandering, shaking, unfocusing, and re-adjusting throughout. Audio is patched in from an external source. Does not include bows or megamix. Overall an incredible capture -- not to toot my own horn, but this is some of my best work ever.",,2026-05-05,,,"Gift at your Discretion",Unrestricted,Bootleg,"MP4 (4K) - 9.86 GB","MP4 - 9.86 GB",,"Full Show",,,2026-07-31,https://encora.it/recordings/2024783/
Video,"Much Ado About Nothing","West End Revival (2011)",2011-09-××,Unknown,,"David Tennant (Benedick), Catherine Tate (Beatrice), Sarah Macrae (Hero), Tom Bateman (Claudio), Elliot Levey (Don John), John Ramm (Dogberry), Natalie Thomas (Margaret), Alex Beckett (Borachio), Jonathan Coy (Leonato), Adam James (Don Pedro), Mike Grady (Verges), Lee Knight (Conrad), Kathryn Hunt (Ursula), Clive Hayward (Friar Francis), Anna Farnworth (Innogen), Mario Marin-Borquez (Boy)",,,,,,"Gift at your Discretion",Unrestricted,Pro-Shot,,"AVI - 2.68 GB :(",,"Full Show","Wyndham's Theatre","London, United Kingdom",2026-07-28,https://encora.it/recordings/17400/
Video,"Murder Ballad","Off-Broadway Remount",2013-07-13,Evening,SunsetBlvd79,"Caissie Levy (Sara), John Ellison Conlee (Michael), Jim Newman (u/s Tom), Rebecca Naomi Jones (Narrator)",,"Excellent HD capture. Performed in the round in a bar setting, so the action takes place all over the theater.",,,,"Gift at your Discretion",Unrestricted,Bootleg,,"VOB + smalls - 4.09 GB",,"Full Show","Union Square Theatre","New York, NY",2026-07-17,https://encora.it/recordings/521/
Video,"Natasha, Pierre & The Great Comet of 1812",Broadway,2017-08-13,Evening,SunsetBlvd79,"Denée Benton (Natasha), Okieriete Onaodowan (Pierre), Ingrid Michaelson (t/r Sonya), Grace McLean (Marya D.), Lucas Steele (Anatole), Amber Gray (Hélène), Manik Choksi (Dolokhov), Nicholas Belton (Bolkonsky/Andrey), Courtney Bassett (t/r Mary/t/r Opera Singer/t/r Maidservant), Paul Pinto (Balaga)",,"Beautiful HD capture from the orchestra of Oak and Ingrid's final performances. Hands down the best capture of this show and from the perfect angle. All drama aside, Oak gave a rousing performance. A",,,,"Gift at your Discretion",Unrestricted,Bootleg,,"VOB + smalls - 7.84 GB",,"Full Show","Imperial Theatre","New York, NY",2026-08-19,https://encora.it/recordings/483/
Audio,"Next to Normal","East West Players",2017-06-17,Evening,"Token Goat","Deedee Magno Hall (Diana), Cliffton Hall (Dan), Justin W Yu (Gabe), Isa Briones (Natalie), Scott Keiji Takeda (Henry), Randy Guiaya (Dr. Fine/Dr. Madden)",,,,,,"Gift at your Discretion",Unrestricted,Bootleg,,"MP3 - 180 MB (untracked)",,"Full Show","David Henry Hwang Theater","Los Angeles, CA",2026-07-24,https://encora.it/recordings/1302/
Video,"Next to Normal",Broadway,2009-04-10,Evening,SunsetBlvd79,"Alice Ripley (Diana), J. Robert Spencer (Dan), Aaron Tveit (Gabe), Jennifer Damiano (Natalie), Adam Chanler-Berat (Henry), Louis Hobson (Dr. Fine/Dr. Madden)","Beautiful capture of the full original cast, from the orchestra. This hands down is the best capture of the original cast. This was done early in Alice's run, before she had strained her voice. Wonderful to revisit this show in all its glory! A+","T/W: This video contains a PETA advertisement at the beginning, which contains graphic images and may be distressing.  This was included by the master on release.",,,,"Gift at your Discretion",Unrestricted,Bootleg,,"VOB + smalls - 3.90 GB",,"Full Show","Booth Theatre","New York, NY",2026-08-03,https://encora.it/recordings/192/
Video,"Next to Normal",Broadway,2010-07-19,Evening,SunsetBlvd79,"Marin Mazzie (Diana), Jason Danieley (Dan), Kyle Dean Massey (Gabe), Meghann Fahy (Natalie), Adam Chanler-Berat (Henry), Louis Hobson (Dr. Fine/Dr. Madden)",,"Beautiful capture of Marin and Jason's first performance. This was also the first performance of Meghann since taking over the role. Marin and Jason do a great job as Diana and Dan. They really embraced the roles and had a great grasp on the characters.",,,,"Gift at your Discretion",Unrestricted,Bootleg,,"VOB + smalls - 4.10 GB",,"Full Show","Booth Theatre","New York, NY",2026-08-04,https://encora.it/recordings/361/
Video,"Next to Normal","East West Players",2017-05-××,Unknown,,"Deedee Magno Hall (Diana), Cliffton Hall (Dan), Justin W Yu (Gabe), Isa Briones (Natalie), Scott Keiji Takeda (Henry), Randy Guiaya (Dr. Fine/Dr. Madden)",,"Act 1 only. Housecam.",,,,"Gift at your Discretion",Unrestricted,"House Cam",,"MP4 - 670 MB",,"Partial recording","David Henry Hwang Theater","Los Angeles, CA",2026-07-12,https://encora.it/recordings/342/
Video,"Next to Normal","Scottsdale Community Players",2022-01-16,Matinee,MiladydeSummer,"Stephanie Likes (Diana), Caleb Reese (Dan), Casey Likes (Gabe), Nora Palermo (Natalie), Ethan Drew (Henry), Bob Sorenson (Dr. Fine/Dr. Madden)",,"Some zoomed out shots due to being a total blindshot. Final note of the show cut off a bit because of house lights coming up. Loud static in audio at first. Head in left corner causes some obstruction. Show starts at ~4 minutes in. First few minutes of the show occasionally have a static noise that briefly muffles the audio.",,,NFS,"Gift at your Discretion",Unrestricted,Bootleg,"MTS (HD)","MTS - 8.37 GB",,"Full Show",,"Scottsdale, AZ",2026-08-14,https://encora.it/recordings/1136138/
Video,"Next to Normal","Pioneer Theatre Company",2011-10-01,Evening,juniper47,"Judy McLane (Diana), Jonathan Rayson (Dan), Matt Dengler (Gabe), Ephie Aardema (Natalie), Alex Brightman (Henry), Ben Crawford (Dr. Fine/Dr. Madden)",,"Filmed in 16:9 widescreen. No obstructions, only one blackout in Act One due to late-comers, and a very brief one in Act Two due to a glitch in the video that had to get cut out. Steady filming with a good mix of close-ups and medium zooms for ensemble action on the very large set. External audio fed in from MD source so it is clear.
Overall, a very solid cast and excellent performances all-around. Judy McLane especially stood out as Diana, as did Jonathan Rayson as Dan. One of my favorite Diana/Dan combinations Ive seen. Absolutely genuine and powerful acting from those two, which is pretty amazing considering the shows run was only three weeks long. They made very good use of some new staging and a new set, bringing out some new nuances to the show. Some elements I thought were essential to the Broadway/tour productions were missing, but its nothing too drastic. There were also some very minor script changes that were interesting. Everyone (perhaps because it was the closing show) was giving 110% and was on fire.",,,NFS,"Gift at your Discretion",Unrestricted,Bootleg,"VOB (with smalls) (SD)","VOB + smalls - 3.94 GB",,"Full Show","Simmons Pioneer Memorial Theatre",,2026-08-03,https://encora.it/recordings/15253/
Video,"Next to Normal","West End",2024-07-××,Evening,MTTZ,"Caissie Levy (Diana), Jamie Parker (Dan), Jack Wolfe (Gabe), Eleanor Worthington-Cox (Natalie), Jack Ofrecio (Henry), Trevor Dion Nicholas (Dr. Fine/Dr. Madden)","Fantastic capture of this incredible West End transfer. Shot in a beautiful mix of wides, mediums, and close-ups. More wides than usual to catch the simply amazing staging and blocking. Some increased wandering, shaking, and re-adjusting throughout, as well as my backpack occasionally blocking the very bottom of the stage, but nothing is missed. The overhang cuts off the very top of the set and occasionally obscures faces when they're far back in the top rooms. Some non-disruptive rustling heard throughout. Truly an excellent capture of this excellent show.",,2024-12-05,,,"Gift at your Discretion",Unrestricted,Bootleg,,"MP4 - 8.98 GB",,"Full Show","Wyndham's Theatre","London, United Kingdom",2026-07-20,https://encora.it/recordings/2002785/
Video,"Next to Normal","West End",2024-07-××,Unknown,Jagweed,"Caissie Levy (Diana), Jamie Parker (Dan), Jack Wolfe (Gabe), Eleanor Worthington-Cox (Natalie), Jack Ofrecio (Henry), Trevor Dion Nicholas (Dr. Fine/Dr. Madden)","A perfect capture of the West End transfer. The cast have only gotten better since the Donmar run. Filmed head on instead of from the side, like my previous capture, so you can see the actor’s expression clearly and get a clear view of the set and staging. A must have capture for fans of the show and this production. Recording includes the curtain call and marquee.",,2025-01-30,,NFS,"Never Gift",Unrestricted,Bootleg,"MP4 9.36 GB","MP4 - 9.35",,"Full Show","Wyndham's Theatre","London, United Kingdom",2026-07-13,https://encora.it/recordings/2002621/
Video,"Next to Normal","Off-West End",2023-09-××,Unknown,juniper47,"Caissie Levy (Diana), Jamie Parker (Dan), Jack Wolfe (Gabe), Eleanor Worthington-Cox (Natalie), Jack Ofrecio (Henry), Trevor Dion Nicholas (Dr. Fine/Dr. Madden)",,"Filmed from side upper circle in 4K, released as 1080p and 4K. Rather obstructed in Act 1 due to railing, a little less obstructed for Act 2 after shifting seating position. Action near the stage left stairs cannot be seen due to angle. Less than ideal video but always good to have more footage of this show, even if imperfect, no?",2024-09-28,,NFS,"Gift at your Discretion",Unrestricted,Bootleg,"MP4 (HD) and MP4 (4K)","MP4 - 19.41 GB",,"Full Show","Donmar Warehouse","London, United Kingdom",2026-07-13,https://encora.it/recordings/1154219/
Video,"Next to Normal","Off-West End",2023-08-15,Evening,bikinibottomday,"Caissie Levy (Diana), Jamie Parker (Dan), Jack Wolfe (Gabe), Eleanor Worthington-Cox (Natalie), Jack Ofrecio (Henry), Trevor Dion Nicholas (Dr. Fine/Dr. Madden)",,"Partial 4K capture of this production's second preview. The video ends roughly 10 minutes into Act Two, and runs about an hour and 15 minutes in total. The footage is quite obstructed, especially with action that happens near the front of the stage. Folder includes full audio of the show. Audio fed from external source.",2024-01-17,,,"Never Gift",Unrestricted,Bootleg,"4K MP4 (5.79GB)","MP4 - 5.94 GB",,"Partial recording","Donmar Warehouse","London, United Kingdom",2026-07-13,https://encora.it/recordings/1147151/
Video,"Next to Normal","Off-West End",2023-09-××,Unknown,sassysnowglobe,"Caissie Levy (Diana), Jamie Parker (Dan), Jack Wolfe (Gabe), Eleanor Worthington-Cox (Natalie), Jack Ofrecio (Henry), Trevor Dion Nicholas (Dr. Fine/Dr. Madden)",,"Steady cam, shot from dress circle.",2024-01-24,,,"Gift at your Discretion",Unrestricted,Bootleg,MOV,"MOV - 13.56 GB",,"Full Show","Donmar Warehouse","London, United Kingdom",2026-07-13,https://encora.it/recordings/1148221/
Video,"Next to Normal","Off-West End",2023-08-××,Unknown,Lasagna,"Caissie Levy (Diana), Jamie Parker (Dan), Jack Wolfe (Gabe), Eleanor Worthington-Cox (Natalie), Jack Ofrecio (Henry), Trevor Dion Nicholas (Dr. Fine/Dr. Madden)",,"Lovely capture of this long awaited show shortly into its run! Act 2 starts a minute in but full capture otherwise.",2023-12-29,,,"Gift at your Discretion",Unrestricted,Bootleg,"MP4 (4K) - 8.95 GB","MP4 - 8.94 GB",,"Full Show","Donmar Warehouse","London, United Kingdom",2026-07-13,https://encora.it/recordings/1148857/
Video,"Next to Normal","Off-West End",2023-09-××,Unknown,Jagweed,"Caissie Levy (Diana), Jamie Parker (Dan), Jack Wolfe (Gabe), Eleanor Worthington-Cox (Natalie), Jack Ofrecio (Henry), Trevor Dion Nicholas (Dr. Fine/Dr. Madden)",,"Pretty much a perfect capture of this show. Mainly filmed in close ups and mediums. Occasionally a head is visible at the bottom due to an audience member leaning forward. However, I film around this and always try to ensure its not in view. Some scenes are dark due to lighting as my cameras image quality is not the best in dim lighting. This is not a huge issue though and everything can be seen. External audio was not used as it was too quiet. Recording includes the curtain call and a shot of the outside of the theatre.",2024-05-01,,NFS,"Gift at your Discretion",Unrestricted,Bootleg,"MP4 (1920x1080) - 4.81 GB","MP4 - 4.82 GB",,"Full Show","Donmar Warehouse","London, United Kingdom",2026-07-13,https://encora.it/recordings/1148818/
Video,"Operation Mincemeat","West End",2024-05-××,Unknown,Lasagna,"Natasha Hodgson (Ewen Montagu & Others), David Cumming (Charles Cholmondeley & Others), Zoe Roberts (Johnny Bevan & Others), Jak Malone (Hester Leggatt & Others), Claire-Marie Hall (Jean Leslie & Others)","<p>Lovely capture of this cast's incredibly emotional final show! Shot around heads. I recommend tissues.</p>",,2025-07-29,,NFS,"Never Gift",Unrestricted,Bootleg,"MP4 (4K)","MP4 - 10.10",,"Full Show","Fortune Theatre","London, United Kingdom",2026-07-13,https://encora.it/recordings/2000855/
Video,"Operation Mincemeat","West End",2025-06-××,Unknown,hitmewithyourbethshot,"Madeleine Jackson-Smith (s/b Ewen Montagu & Others), Peter McGovern (Charles Cholmondeley & Others), Chlöe Hart (Johnny Bevan & Others), Danny Becker (Hester Leggatt & Others), Roshani Abbey (Jean Leslie & Others)",,,2025-11-21,,,"Gift at your Discretion",Unrestricted,Bootleg,MTS,"MTS - 11.8 GB",,"Full Show","Fortune Theatre","London, United Kingdom",2026-08-19,https://encora.it/recordings/2016032/
Video,"Our Town","Welsh National Theatre",2026,Unknown,,"Michael Sheen (Stage Manager), Yasemin Özdemir (Emily Webb), Peter Devlin (George Gibbs), Sian Reese-Williams (Mrs. Gibbs), Matthew Trevannion (Dr. Gibbs), Rhodri Meilir (Mr. Webb), Nia Roberts (Mrs. Webb), Rithvik Andugula (Howie Newsome), Rhys Warrington (Simon Stimson), Christina Modestou (Mrs. Soames), Alfie Llewellyn (Si Crowell/Joe Crowell Jr.), Jâms Thomas (Constable Warren), Aisha-May Hunte (Wally Webb), Rebecca Killick (Rebecca Gibbs), Kingdom Sibanda (Sam Craig), Gareth Snook (Joe Stoddard/Professor Willard)",,,,,NFS,"Gift at your Discretion",Unrestricted,Pro-Shot,,"MP4 - 4.61 GB",,"Full Show",,,2026-08-05,https://encora.it/recordings/2036764/
Video,"The Outsiders",Broadway,"2024-12-×× (2)",Unknown,TheatreCouple14,"Brody Grant (Ponyboy Curtis), Sky Lakota-Lynch (Johnny Cade), Joshua Boone (Dallas Winston), Brent Comer (Darrel Curtis), Jason Schmidt (Sodapop Curtis), Emma Pittman (Cherry Valance), Daryl Tofa (Two-Bit Mathews), Kevin William Paul (Bob Sheldon/Cop), Dan Berry (Paul Holden), SarahGrace Mariani (Marcia), Tilly Evans-Krueger (Ace), Renni Anthony Magee (Steve), RJ Higton (Chet), Cameron Burke (s/w Trip), Barton Cowperthwaite (Brill), Melody Rose (Beverly)","Excellent stage shot phone video from the side boxes. Really solid capture. Barely misses a head or two when cast is on the car, but nothing major missed. Probably one of this master's best videos. Includes Video, Audio (tracked by @hummelkurt and untracked), and cast board photo",,,,NFS,"Gift On Request",Unrestricted,Bootleg,,"MP4 - 8.04 GB",,"Full Show","Bernard B. Jacobs Theatre","New York, NY",2026-07-13,https://encora.it/recordings/2018723/
Video,"Pacific Overtures","East West Players",2024-11-××,Unknown,MTTZ,"Jon Jon Briones (Reciter/Shogun/Emperor), Ashley En-Fu Matthews (Tamate/Priest/Son/Daughter), Aric Martin (Madam/French Admiral/Merchant/Priest), Brian Kim McCormick (Kayama/Horse's Head), Kavin Panmeechao (British Admiral/Noble/Physician/Third Councillor/A Fencing Master), Adam Kaokept (Manjiro/Horse's Ass), Nina Kasuya (Dutch Admiral/Officer/Geisha Girl/Sumo/Second Samurai/Kuroko), Kit DeZolt (Fisherman/First Sailor/Soothsayer/Lord of the South/Geisha Girl/Kuroko), Scott Keiji Takeda (Thief/Noble/Third Sailor/Second Councillor/Sumo), Gemma Pedersen (Boy/Kuroko), Norge Yip (Officer/Shogun's Companion), Kerry K. Carnahan (Lord Abe/Merchant's Mother), Gedde Watanabe (Old Man/Shogun's Mother/Imperial Priest), Sittichai Chaiyahat (Warrior/Observer/Lord of the South/Geisha Girl/Kuroko)","Solid capture of this rarely performed Sondheim musical with a star-studded cast! Shot with alternate camera above and around head obstruction that is generally worked around well but occasionally blocks some minor action. Some wandering, shaking, and re-adjusting throughout. Shot in a great mix of wides, mediums, and close-ups. Some disruptive audience noises. Overall a solid capture, and well worth watching for this production by America's longest-running Asian American theater.",,2025-05-05,,,"Gift at your Discretion",Unrestricted,Bootleg,,"MP4 - 8.7 GB",,"Full Show","David Henry Hwang Theater","Los Angeles, CA",2026-08-18,https://encora.it/recordings/2006648/
Video,"Paddington The Musical","West End",2026-02-××,Unknown,MTTZ,"Arti Shah (Paddington On-Stage Performer), James Hameed (Paddington Off-Stage Performer and Remote Puppeteer), Aimée Fisher (u/s Mrs. Brown), Adrian Der Gregorian (Mr. Brown), Joseph Bramley (Jonathan Brown), Delilah Bennett-Cardy (Judy Brown), Victoria Hamilton-Barritt (Millicent Clyde), Ben Redfern (u/s Mr. Curry), Bonnie Langford (Mrs. Bird), Tarinn Callender (Grant), Teddy Kempner (Mr. Gruber), Amy Booth-Steel (Lady Sloane/Train Announcer/Mrs. Hachoo), Brenda Edwards (Tanya/Voice of Aunt Lucy/Ensemble), Timi Akinyosade (Tony), David Birch (s/w Hank the Pigeon/s/w Ensemble), Tiago Dhondt Bamberger (Ensemble), Jacqueline Hughes (Ensemble), Kellianna Jay (Ensemble), Natasha Leaver (Ensemble), Sunny Lee (Ensemble), Jáiden Lodge (Ensemble), Vicki Lee Taylor (Ensemble), Simon Shorten (Ensemble)","Excellent capture of this immensely hyped musical! Shot in a great mix of wides, mediums, and close-ups. Some increased wandering, shaking, and re-adjusting throughout. Shot over heads that never block significant action. Audio is patched in from an external source; some scraping and rustling might be heard during readjustment periods. Overall an excellent capture of THE BEAR!",,2026-08-05,,,"Gift at your Discretion",Unrestricted,Bootleg,"MP4 (4K) - 9.53 GB","MP4 - 9.53 GB",,"Full Show","Savoy Theatre","London, United Kingdom",2026-08-09,https://encora.it/recordings/2029465/
Video,Parade,"First Broadway Revival",2023-06-××,Unknown,Lasagna,"Ben Platt (Leo Frank), Micaela Diamond (Lucille Frank), Alex Joseph Grayson (Jim Conley), Paul Alexander Nolan (Hugh Dorsey), Howard McGillin (Judge Roan/Old Soldier), Jay Armstrong Johnson (Britt Craig), Sean Allan Krill (Governor Slaton)",,"Brilliant capture of this powerful show! Unobstructed, fairly wideshot due to the stage design but the spotlights were nice to me this time.",2023-12-29,,,"Gift at your Discretion",Unrestricted,Bootleg,"MP4 (4K)","MP4 - 9.78 GB",,"Full Show","Bernard B. Jacobs Theatre","New York, NY",2026-07-18,https://encora.it/recordings/1144369/
Video,Parade,"New York City Center Gala",2022-11-××,Unknown,StarCuffedJeans,"Ben Platt (Leo Frank), Micaela Diamond (Lucille Frank), Alex Joseph Grayson (Jim Conley), Erin Rose Doyle (Mary Phagan), Manoel Felciano (Tom Watson), Paul Alexander Nolan (Hugh Dorsey), Eddie Cooper (Newt Lee), John Dossett (Judge Roan/Old Soldier), Erin Mackey (Mrs. Phagan), Jay Armstrong Johnson (Britt Craig), Gaten Matarazzo (Frankie Epps), Sofie Poliakoff (Essie), Danielle Lee Greaves (Minnie McKnight), Jennifer Laura Thompson (Sally Slaton), Sophia Manicone (Iola Stover), Howard McGillin (Luther Rosser), Douglas Lyons (Riley), Ashlyn Maddox (Monteen/Lila), Christopher Gurr (Mr. Peavy), Sean Allan Krill (Governor Slaton), Florrie Bagel (Nurse/Others), Max Chernin (Mr. Turner/Others), Brody Grant (Young Soldier), Jackson Teeley (Officer Ivey/Others), William Michals (Lt. J.N. Starnes/Others), Stacie Bono (Nina Formby/Others), Harry Bouvy (Ensemble), Tanner Callicutt (Ensemble), Anthony Chatmon II (Ensemble), Caroline Fairweather (Ensemble)",,,2023-08-01,,,"Gift at your Discretion",Unrestricted,Bootleg,"MP4 (HD) - 6.19 GB","MP4 - 6.18 GB",,"Full Show","New York City Center - Mainstage","New York, NY",2026-08-19,https://encora.it/recordings/1138381/
Video,"Passing Strange",Broadway,2008-07-20,Evening,,"Stew (Narrator), Daniel Breaker (Youth), Rebecca Naomi Jones (Desi/Renata/Sherry), Chad Goodridge (Christophe/Terry/Hugo), Eisa Davis (Mother), de'Adre Aziza (Sudabey/Marianna/Edwina), Colman Domingo (Mr. Venus/Franklin/Joop)",,,,,,"Gift at your Discretion",Unrestricted,Pro-Shot,,"MP4 - 2.51 GB",,"Full Show","Belasco Theatre",,2026-08-09,https://encora.it/recordings/32489/
Video,"The Phantom of the Opera (Andrew Lloyd Webber)","25th Anniversary - Live At The Royal Albert Hall",2011-10-02,Evening,,"Ramin Karimloo (The Phantom of the Opera), Sierra Boggess (Christine Daaé), Hadley Fraser (Raoul de Chagny), Wendy Ferguson (Carlotta Giudicelli), Gareth Snook (Monsieur Firmin), Barry James (Monsieur André), Liz Robertson (Madame Giry), Wynne Evans (Ubaldo Piangi), Daisy Maywood (Meg Giry), Nick Holder (Joseph Buquet), Earl Carpenter (Auctioneer), Sergei Polunin (Slave Master)",,"Commonly referred to as Live Stream Version 1 to differentiate from the other cinema live stream video of this production. Typically circulates as a 5.36 GB MKV file with AC3 5.1 audio. Has alternate takes from Live Stream Version 2 and the officially released version.
The first shot in this version is of the orchestra (pictured below).
Another note is that Piangi does not hit the note in Hannibal ”Your army ha - ha - has come home! (and the camera is zoomed out more than Version 2, showing Carlotta next to him). You can also see him put his hand on his collar bone near his throat, which he does not do in Version 2.",,,,"Gift at your Discretion",Unrestricted,Pro-Shot,,"MKV - 5.36 GB",,"Full Show","Royal Albert Hall","London, United Kingdom",2026-07-13,https://encora.it/recordings/2149/
Video,"The Phantom of the Opera (Andrew Lloyd Webber)","West End",2025-08-××,Unknown,MTTZ,"Dean Chisnall (The Phantom of the Opera), Lily Kerhoas (Christine Daaé), Adam Rhys-Charles (Raoul de Chagny), Joanna Ampil (Carlotta Giudicelli), Tim Morgan (Monsieur Firmin), Adam Linstead (Monsieur André), Helen Hobson (Madame Giry), Bradyn Debysingh (Ubaldo Piangi), Jasmine Wallis (u/s Meg Giry), Leonard Cook (Joseph Buquet), Michael Baxter (Monsieur Reyer), James Gant (Auctioneer), David Burilin (Porter/Passarino), Andrew York (Marksman), Matt Hayden (Monsieur Lefèvre), Hywel Dowsell (Don Attilio), Embla Bishop (Page), Melanie Gowie (Wardrobe Mistress), Zoë Vallée (Confidante), Taylor Pardell (Princess), Victoria Ward (Madame Firmin), Will Hawksworth (Hairdresser), Inguna Morozova (Wild Woman), Johnny Randall (Hannibal's Guard/Shepherd), Nicholas Hepher (Gala Dancer), Molly Hall (The Ballet Chorus of the Opéra Populaire), Eilish Harmon-Beglan (The Ballet Chorus of the Opéra Populaire), Mandy Kwan (The Ballet Chorus of the Opéra Populaire), Verity Marlow (The Ballet Chorus of the Opéra Populaire), Skye November (The Ballet Chorus of the Opéra Populaire)","Excellent capture of the new cast of this production! Shot in a great mix of wides, mediums, and close-ups. Some wandering, shaking, and re-adjusting throughout, slightly increased in act 2. Audio is patched in from an external source. Overall a fantastic capture. ",,2026-02-05,,,"Never Gift",Unrestricted,Bootleg,"MP4 (4K), 8.92GB","MP4 - 8.92 GB",,"Full Show","His Majesty’s Theatre (London)","London, United Kingdom",2026-08-03,https://encora.it/recordings/2019157/
Video,"The Phantom of the Opera (Andrew Lloyd Webber)","West End",2023-03-××,Unknown,Lasagna,"Earl Carpenter (t/r The Phantom of the Opera), Paige Blankson (alt Christine Daaé), Ralph Watts (u/s Raoul de Chagny), Kelly Glyptis (Carlotta Giudicelli), Matt Harrop (Monsieur Firmin), Adam Linstead (Monsieur André), Francesca Ellis (Madame Giry), Greg Castiglioni (Ubaldo Piangi), Ellie Young (Meg Giry)",,"Obstructed capture of Earl and Paige on together! Act 1 is shot around a head, I move to the seat behind at interval and the view is much clearer.",2023-12-29,,,"Gift at your Discretion",Unrestricted,Bootleg,"MP4 (4K)","MP4 - 8.92 GB",,"Full Show","His Majesty’s Theatre (London)","London, United Kingdom",2026-07-20,https://encora.it/recordings/1140577/
Audio,"Pinocchio (Dennis Kelly)","National Theatre",2017-12-01,Evening,MrBraithwaite,"Joe Idris-Roberts (Pinocchio), Audrey Brisson (Jiminy Cricket), Annette McLaughlin (Blue Fairy), David Langham (Fox), David Kirkbride (Coachman), Dawn Sievewright (Lampy), Gershwyn Eustache Jnr (Stromboli), Jack Wolfe (Danny)",,"First preview.",,,,"Gift at your Discretion",Unrestricted,Bootleg,"MP3 (tracked) - 166 MB","MP3 - 166 MB (untracked)",,"Full Show","National Theatre - Lyttelton Theatre","London, United Kingdom",2026-07-28,https://encora.it/recordings/1005412/
Video,Pippin,"Music Theatre of Wichita",2018-07-××,Unknown,,"Skyler Adams (Pippin), Debra Walton (Leading Player), Kristine Reese (Catherine), Jeffrey Coon (Charles), Kim Faure (Fastrada), Karen L. Robu (Berthe), Jake David Smith (Lewis), Carson Kindle (Theo), Caitlin Belcik (Player), Nicholas Davis (Player), Michael Dikegoros (Player), Anthony Giandiletti Jr. (Player), Katie Griffith (Player), Keith Gruber (Player), Emma Hearn (Player), Will Jewett (Player), Abby Kress (Player), McKenzie Kurtz (Player), Kamal Lado (Player), Colin LeMoine (Player), Tatum Grace Ludlam (Player), Halle Mastroberardino (Player), Macy McKown (Player), Lena Owens (Player), Tanner Pflueger (Player), Liza Piccoli (Player), Justin Showell (Player), Drew Tanabe (Player), Nina White (Player)",,,,,,"Gift at your Discretion",Unrestricted,Pro-Shot,,"ISO - 7.31 GB",,"Full Show","Century II Performing Arts and Convention Center","Wichita, KS",2026-08-20,https://encora.it/recordings/1130960/
Audio,"The Pirates of Penzance","Broadway Revival (2025)",2025-06-18,Matinee,Unknown,"David Hyde Pierce (Major-General Stanley), Ramin Karimloo (The Pirate King), Jinkx Monsoon (Ruth), Samantha Williams (Mabel), Nicholas Barasch (Frederic), Preston Truman Boyd (Sergeant of Police), Kelly Belarmino (Stanley Daughter), Cicily Daniels (Stanley Daughter), Ninako Donville (Stanley Daughter), Afra Hines (Stanley Daughter), Tatiana Lofton (Stanley Daughter), Shina Ann Morris (Stanley Daughter), Bronwyn Tarboton (Stanley Daughter), Rick Faugno (Pirate), Tommy Gedrich (Pirate), Alex Gibson (Pirate), Dan Hoy (Pirate), Ryo Kamibayashi (Pirate), Alex Dorf (s/w Pirate), Tyrone L. Robinson (Pirate)","Yay! Good audio recorded from near the stage. There is some shuffling and you will be hearing all of my reactions all the time (call me the giggler, because I do it a lot). Sorry! Audio relatively unmuffled. Act 2 starts a couple seconds into the Entr'acte. This was the first performance after Jinkx announced she was going to be Mary Todd Lincoln. So that's a bit of fun trivia for you! Never post the audio anywhere online publicly (Tumblr, TikTok, etc.). List, trade, and gift freely.",,,,,"Gift at your Discretion",Unrestricted,Bootleg,"MP3 (untracked) - 164.92 MB","MP3 - 164.9 MB (untracked)",,"Full Show","Todd Haimes Theatre","New York, NY",2026-07-25,https://encora.it/recordings/2035697/
Video,"The Pirates of Penzance","Broadway Revival (2025)",2025-07-25,Evening,bikinibottomday,"David Hyde Pierce (Major-General Stanley/Gilbert), Ramin Karimloo (The Pirate King), Jinkx Monsoon (Ruth), Samantha Williams (Mabel), Nicholas Barasch (Frederic), Preston Truman Boyd (Sergeant of Police/Sullivan), Kelly Belarmino (Ensemble), Cicily Daniels (Ensemble), Ninako Donville (Ensemble), Alex Dorf (Ensemble), Rick Faugno (Ensemble), Niani Feelings (Ensemble), Tommy Gedrich (Ensemble), Alex Gibson (Ensemble), Afra Hines (Ensemble), Tatiana Lofton (Ensemble), Shina Ann Morris (Ensemble), Dan Hoy (Ensemble), Ryo Kamibayashi (Ensemble), Nathan Lucrezio (Ensemble), Tyrone L. Robinson (Ensemble), Bronwyn Tarboton (Ensemble)","Excellent 4K capture of this show in its final week! Very minor head obstruction cut off almost nothing. Some wandering and unfocusing throughout. Includes curtain call, audio fed from external source.","This was one of the performances filmed for the New York Public Library for Performing Arts Archive",2026-02-02,,,"Never Gift",Unrestricted,Bootleg,"4K MP4 (9.22GB)","MP4 - 9.2 GB",,"Full Show","Todd Haimes Theatre","New York, NY",2026-08-08,https://encora.it/recordings/2018447/
Video,"The Play That Goes Wrong","La Mirada Theatre",2025-01-××,Unknown,MTTZ,"Trent Mills (Robert Grove), John Sanders (Chris Bean), Garrett Clayton (Max Bennett), Regina Fernandez (Sandra Wilkinson), Reggie De Leon (Dennis Tyde), Sterling Sulieman (Jonathan Harris), Mary Faber (Annie Twilliol), Michael-Leon Wooley (Trevor Watson)","Great capture of this hilarious replica production! Shot with alternate camera. Shot above and around heads that only occasionally block action and are worked around well — a bit of a miracle in this absurdly difficult theater. Shot in a mix of wides and mediums with some close-ups thrown in. Some wandering, shaking, and re-adjusting throughout — it shakes a little harder when I’m laughing at the jokes, sorry about that. Very reactive audience. Overall a great capture of this amazing show.",,2025-08-05,,,"Gift at your Discretion",Unrestricted,Bootleg,,"MP4 - 7.31 GB",,"Full Show","La Mirada Theatre","La Mirada, CA",2026-07-16,https://encora.it/recordings/2010435/
Video,"The Play That Goes Wrong",Off-Broadway,2025-12-××,Evening,"The Riddle","Chris Lanceley (Robert Grove), Evan Alexander Smith (Chris Bean), Samuel Douglas (Max Bennett), Maggie Weston (e/c Sandra Wilkinson), Trevor Braun (Dennis Tyde), Chris French (Jonathan Harris), Joanie Anderson (Annie Twilliol), Kolby Kindle (Trevor Watson)","Good 4k capture of this phenomenal show. Shot in a mix of mediums, wides, and closeups, with some more wide shots to emphasize the ensemble nature of the piece. Slight to moderate shakiness throughout from shooting around heads, which are almost always in frame but generally don’t cause obstruction. Semi-frequent dropouts in the early part of act 1 due to usher and audience activity, and less frequent but still occasional dropouts throughout. Slight issues with tilt on occasion and minor issues with washout in wide shots. The couple next to me chatted for a good portion of Act 1 before quieting, apologies about that. Includes messily filmed and obstructed bows. ",,2026-07-01,,,"Gift at your Discretion",Unrestricted,Bootleg,"MP4 (8.19 GB, 4K)","MP4 - 8.1 GB",,"Full Show","New World Stages - Stage 4","New York, NY",2026-07-27,https://encora.it/recordings/2026633/
Video,"The Queen of Versailles","Pre-Broadway / Boston",2024-07-××,Unknown,StarCuffedJeans,"Kristin Chenoweth (Jackie Siegel), F. Murray Abraham (David Siegel), Nina White (Victoria Siegel), Tatum Grace Hopkins (Jonquil), Greg Hildreth (Gary), Melody Butiu (Sofia), Stephen DeRosa (John), Isabel Keating (Debbie), Pablo David Laucerica (King Louis), David Aron Damane (Ray), Michael McCorry Rose (Ron), Andrew Kober (Pageant Host/French Tour Guide), Amanda Jane Cooper (Sheri), Cassondra James (Marie Antoinette), Diana Huey (Kimberly), Yeman Brown (Moving Company), Drew Elhamalawy (Moving Company), Sara Esty (Moving Company), KJ Hippensteel (Moving Company)",,,2025-02-01,,,"Never Gift",Unrestricted,Bootleg,"MP4 (HD) - 7.1 GB","MP4 - 7.1 GB",,"Full Show","Emerson Colonial Theatre","Boston, MA",2026-08-11,https://encora.it/recordings/2003695/
Video,Ragtime,"Second Broadway Revival",2025-10-××,Evening,"The Riddle","Joshua Henry (Coalhouse Walker Jr.), Caissie Levy (Mother), Brandon Uranowitz (Tateh), Nichelle Lewis (Sarah), Colin Donnell (Father), Ben Levi Ross (Mother's Younger Brother), Shaina Taub (Emma Goldman), Nick Barrington (The Little Boy), Tabitha Lawing (The Little Girl), Anna Grace Barlow (Evelyn Nesbit), John Clay III (Booker T. Washington), Tom Nelis (Grandfather/Judge/Ensemble), Rodd Cyrus (Harry Houdini), Jacob Keith Watson (Willie Conklin/Harry K. Thaw/Ensemble), Kent Overshown (Reporter/Ensemble), Billy Cohen (Stanford White/Charles S. Whitman/Doctor/Ensemble), John Rapson (Admiral Peary/J.P. Morgan), Jason Forbach (Henry Ford/Ensemble), Alan Wiggins (Matthew Henson/Ensemble), Ellie Fishman (Kathleen/Ensemble), Lauren Blackman (Welfare Official/Ensemble), Nicholas Barrón (Baron's Assistant/Trolley Conductor/Ensemble), Kerry Conte (s/w Brigit/s/w Ensemble), Kane Emmanuel Miller (Coalhouse Walker III), Allison Blackwell (Sarah's Friend/Ensemble), Deandre Sevon (Coalhouse Follower/Ensemble), Kayla Pecchioni (Ensemble), David Jennings (Ensemble), Marina Kondo (Ensemble), Morgan Marcell (Ensemble), Rheaume Crenshaw (Ensemble), Ta'Nika Gibson (Ensemble), Jordan Chin (Ensemble)","Great 4k capture of this incredible revival in previews shortly before opening! Fairly severe camera fog within the first 25 minutes, some washout and obstruction from heads in wideshots, but little to no wandering throughout. Due to the nature of the thrust stage and the fact that this video was taken from the side, occasionally actors have their backs turned to the audience and facial expressions are missed. Includes bows.",,2026-04-01,,,"Gift at your Discretion",Unrestricted,Bootleg,"MP4 (12.15 GB, 4K)","4K MP4 - 12.15 GB",,"Full Show","Vivian Beaumont Theatre","New York, NY",2026-07-13,https://encora.it/recordings/2023072/
Video,RENT,"FOX Live Special",2019-01-27,Evening,,"Jordan Fisher (Mark Cohen), Brennin Hunt (Roger Davis), Tinashe Kachingwe (Mimi Márquez), Vanessa Hudgens (Maureen Johnson), Brandon Victor Dixon (Tom Collins), Valentina (Angel Dumott Schunard), Mario Barrett (Benjamin Coffin III), Kiersey Clemons (Joanne Jefferson), J. Elaine Marcos (Alexi Darling/Others), Alton Fitzgerald White (Mr. Jefferson/Seasons of Love Soloist #2), Jennifer Leigh Warren (Mrs. Jefferson/Mrs. Cohen/Others), Matthew Saldivar (Mr. Grey/Gordon), Keala Settle (Mrs. Davis/Others), Debra Cardona (Mrs. Márquez/Cop), Emerson Collins (Steve/Others), Bryce Ryness (The Man/Others), Mia Deweese (Ensemble), Benjamin Douglas Rivera (Ensemble), Hannahlei Cabanilla (Ensemble), Khori Michelle Petinaud (Ensemble), Ty Wells (Ensemble), Tilly Evans-Krueger (Ensemble), Jessica Lee Keller (Ensemble), Morgan Marcell (Ensemble), Nicholas Lanzisera (Ensemble), Fredric Odgaard (Ensemble), Lenin Fernandez Jr (Ensemble), Sasha Mallory (Ensemble), Robert Roldan (Ensemble), Darius Crenshaw (Ensemble)",,"Partially live production of the 1996 Tony Award-winning musical. On January 26, 2019, during the dress rehearsal, Brennin Hunt broke his foot. FOX announced that despite his injury, the show would air as planned using both pre-recorded footage from a previous dress rehearsal and live footage. On January 27, the show was performed in its entirety with limited physical activity before a studio audience as scheduled, with Hunt performing in a wheelchair. The simultaneous telecast consisted almost entirely of the prerecorded dress rehearsal from the prior night; only the final 15 minutes of the program was broadcast live. The choreography of the final act was modified to accommodate Hunt being in a wheelchair.
The original Broadway cast appeared with the live cast in an encore performance of Seasons of Love.
https://www.imdb.com/title/tt6881910/",,,,"Gift at your Discretion",Unrestricted,Pro-Shot,,"MKV - 3.2 GB (720p)",,"Full Show","20th Century Fox Studios - Stage 16","Los Angeles, CA",2026-08-20,https://encora.it/recordings/6346/
Video,RENT,"Hope Mill Theatre",2020-11-03,Evening,,"Blake Patrick Anderson (Mark Cohen), Tom Francis (Roger Davis), Maiya Quansah-Breed (Mimi Márquez), Millie O'Connell (Maureen Johnson), Dom Hartley-Harris (Tom Collins), Alex Thomas-Smith (Angel Dumott Schunard), Ahmed Hamad (Benjamin Coffin III), Jocasta Almgill (Joanne Jefferson), Iz Hesketh (Ensemble), Allie Daniel (Ensemble), Kayla Carter (Ensemble), B Terry (Ensemble)",,,,,,"Gift at your Discretion",Unrestricted,Pro-Shot,,"MP4 - 2.67 GB",,"Full Show","Hope Mill Theatre","Manchester, United Kingdom",2026-07-13,https://encora.it/recordings/1006457/
Video,RENT,"Paper Mill Playhouse",2023-06-××,Unknown,juniper47,"Zachary Noah Piser (Mark Cohen), Matt Rodin (Roger Davis), Alisa Melendez (Mimi Márquez), Mackenzie Meadows (Maureen Johnson), Terrance Johnson (Tom Collins), Olivia Lux (Angel Dumott Schunard), Jordan Barrow (Benjamin Coffin III), Leana Rae Concepcion (Joanne Jefferson), Sami Ma (Alexi Darling/Mrs. Jefferson/Mrs. Davis/Others), Michael Schimmele (Mr. Jefferson/Paul/The Man/Others), Lauryn Alexandria Hobbs (Mrs. Cohen/Seasons of Love Soloist #1/Others), Adriana Medina Santiago (Mrs. Márquez/Woman with Bags/Others), Liam Pearce (Gordon/Others), Andrew Faria (Steve/Waiter/Others), Rickens Anantua (Pastor/Christmas Caroler/Others)",,"Filmed in 4K, released as 1080p and 4K. Minimal obstruction on far left side of screen when action is there. A couple brief dropouts due to late-comers or people getting up for/returning from the restroom. Video missing (audio only) for most of Over the Moon, Seasons of Love, and Happy New Year. Most of curtain call is obstructed.",2024-11-28,,NFS,"Gift at your Discretion",Unrestricted,Bootleg,"MP4 (HD & 4K)","MP4 (4K) - 19.5 GB",,"Full Show","Paper Mill Playhouse","Millburn, NJ",2026-07-30,https://encora.it/recordings/1156480/
Video,RENT,"Paper Mill Playhouse",2023-06-××,Unknown,bikinibottomday,"Zachary Noah Piser (Mark Cohen), Matt Rodin (Roger Davis), Alisa Melendez (Mimi Márquez), Mackenzie Meadows (Maureen Johnson), Terrance Johnson (Tom Collins), Olivia Lux (Angel Dumott Schunard), Jordan Barrow (Benjamin Coffin III), Leana Rae Concepcion (Joanne Jefferson), Sami Ma (Alexi Darling/Mrs. Jefferson/Mrs. Davis), Michael Schimmele (Mr. Jefferson/Paul), Lauryn Alexandria Hobbs (Mrs. Cohen/Seasons of Love Soloist #1), Adriana Medina Santiago (Mrs. Márquez), Liam Pearce (Gordon), Andrew Faria (Steve/Waiter), Rickens Anantua (Pastor/Christmas Caroler)",,"Great 4K capture of this new production! Some wandering and unfocusing throughout, more so in Act One than in Act Two. Some heads are visible on the wider shots but never obstruct anything. Includes curtain call, audio is fed from external source.",2023-12-02,,,"Never Gift",Unrestricted,Bootleg,"MP4 (4K) - 10.56 GB","MP4 - 10.5 GB",,"Full Show","Paper Mill Playhouse","Millburn, NJ",2026-07-13,https://encora.it/recordings/1145154/
Video,RENT,"Paper Mill Playhouse",2023-06-××,Unknown,StarCuffedJeans,"Zachary Noah Piser (Mark Cohen), Matt Rodin (Roger Davis), Alisa Melendez (Mimi Márquez), Mackenzie Meadows (Maureen Johnson), Terrance Johnson (Tom Collins), Olivia Lux (Angel Dumott Schunard), Jordan Barrow (Benjamin Coffin III), Leana Rae Concepcion (Joanne Jefferson), Sami Ma (Alexi Darling/Mrs. Jefferson/Mrs. Davis), Michael Schimmele (Mr. Jefferson/Paul), Lauryn Alexandria Hobbs (Mrs. Cohen/Seasons of Love Soloist #1), Adriana Medina Santiago (Mrs. Márquez), Liam Pearce (Gordon), Andrew Faria (Steve/Waiter), Rickens Anantua (Pastor/Christmas Caroler)",,,2024-06-01,,,"Gift at your Discretion",Unrestricted,Bootleg,"MP4 (HD) - 6.56 GB","MP4 - 7.05 GB",,"Full Show","Paper Mill Playhouse","Millburn, NJ",2026-07-14,https://encora.it/recordings/1155858/
Audio,"The Reservoir",Off-Broadway,2026-03-11,Matinee,bobbyskazoo,"Noah Galvin (Josh), Caroline Aaron (Beverly), Chip Zien (Shrimpy), Kristin Griffith (e/c Irene), Peter Maloney (Hank), Heidi Armbruster (Patricia & Others), Matthew Saldivar (Hugo & Others)","<p>Clear audio recorded from mid-theater; occasional shuffling from the person next to me, and someone in the theater had an irritating, squeaking laugh. Includes a pre-show announcement from Neil Pepe (Atlantic Artistic Director) that Mary Beth Peil will be out of the show.</p><p><br></p><p>Do not post on any platform (TikTok, Tumblr, YouTube, Reddit, etc.). Please list as bobbyskazoo’s master. Feel free to trade as normal; never to be gifted or sold.</p>",,,,NFS,"Never Gift",Unrestricted,Bootleg,"M4A (untracked) - 290.3 MB","M4A - 290 MB (untracked)",,"Full Show","Atlantic Theater Company - Linda Gross Theater","New York, NY",2026-08-13,https://encora.it/recordings/2030137/
Video,"Ride The Cyclone","Off-West End",2026-01-××,Unknown,hitmewithyourbethshot,"Edward Wu (The Amazing Karnak), Baylie Carson (Ocean O'Connell Rosenberg), Damon Gould (Noel Gruber), Bartek Kraszewski (Mischa Bachinski), Jack Maverick (Ricky Potts), Grace Galloway (Jane Doe), Robyn Gilbertson (Constance Blackwood)","Obstructed view",,2026-06-15,,,"Gift at your Discretion",Unrestricted,Bootleg,MP4,"MP4 - 6.10 GB",,"Full Show","Southwark Playhouse Elephant","London, United Kingdom",2026-08-18,https://encora.it/recordings/2027410/
Video,"Ride The Cyclone",Off-Broadway,2016,Unknown,,"Karl Hamilton (The Amazing Karnak), Tiffany Tatreau (Ocean O'Connell Rosenberg), Kholby Wardell (Noel Gruber), Gus Halper (Mischa Bachinski), Alex Wyse (Ricky Potts), Emily Rohm (Jane Doe), Lillian Castillo (Constance Blackwood)",,"Archival from the MCC production circa 2016. This was filmed after Taylor Louderman was fired from the show. Multiple copies are circulating – the smaller 1.29 GB MP4 is higher resolution than the 5.28 GB MOV.",,,,"Gift at your Discretion",Unrestricted,"House Cam",,"MP4 - 1.29 GB",,"Full Show","Lucille Lortel Theatre","New York, NY",2026-08-19,https://encora.it/recordings/1119678/
Video,"The Rocky Horror Show","Eighth UK Tour",2015-09-17,Evening,,"David Bedella (Dr. Frank-N-Furter), Haley Flaherty (Janet Weiss), Ben Forster (Brad Majors), Jayde Westaby (Magenta/Usherette), Sophie Linder-Lee (Columbia), Kristian Lavercombe (Riff Raff), Richard Meek (Eddie/Dr. Scott), Dominic Andersen (Rocky), Richard O'Brien (The Narrator), Stephen Fry (g/p The Narrator), Anthony Stewart Head (g/p The Narrator), Emma Bunton (g/p The Narrator), Adrian Edmondson (g/p The Narrator)",,"<p>Proshot. Includes special guests as Narrators - Richard OBrien, Stephen Fry, Anthony Head, Adrian Edmondson, Emma Bunton, and Mel Giedroyc. Two versions exist:</p><p>BBC America Broadcast's version is censored for American audiences, which silences out many of the great audience callbacks and 4th wall breaks. The UK Theatrical Live Cinema Screening is the uncensored version, which includes interviews with audience members and cast/crew before the show and during intermission.</p><p>The subtitles provided only sync to the uncensored version screened in cinemas, not to the cut-down TV rips.</p>
A hybrid version also exists, which combines the uncensored audio of the UK version with the superior video quality of the American version.",,,,"Gift at your Discretion",Unrestricted,Pro-Shot,,"MKV - 19.3 GB",,"Full Show","Playhouse Theatre","London, United Kingdom",2026-08-21,https://encora.it/recordings/17281/
Audio,"The Rocky Horror Show","Second Broadway Revival",2026-07-07,Evening,smokeline,"Luke Evans (Dr. Frank-N-Furter), Stephanie Hsu (Janet Weiss), Andrew Durand (Brad Majors), Sherie Rene Scott (Magenta), Larkin Reilly (t/r Columbia), Anania (u/s Riff Raff), Harvey Guillén (Eddie/Dr. Scott), Josh Rivera (Rocky), Rachel Dratch (The Narrator), Tassy Kirbas (s/w Phantom), Caleb Quezon (Phantom), Boy Radio (Phantom), Paul Soileau (Phantom)","Some audience noise, but otherwise a good audio of a fun set of understudies!","Do not post any portion of this audio anywhere public, including but not limited to youtube, tumblr, instagram, reddit, tiktok, etc. You can use this audio for trades, but please feel free to gift privately to friends or other traders too. Do not ever sell this audio.",,,NFS,"Gift at your Discretion",Unrestricted,Bootleg,"tracked and untracked .mp3 files - 314 MB .zip","MP3 - 315 MB (tracked)",,"Full Show","Studio 54","New York, NY",2026-07-29,https://encora.it/recordings/2035434/
Audio,"The Rocky Horror Show","Second Broadway Revival",2026-06-24,Evening,broadway_club_,"Luke Evans (Dr. Frank-N-Furter), Stephanie Hsu (Janet Weiss), Andrew Durand (Brad Majors), Anania (t/r Magenta), Larkin Reilly (t/r Columbia), Amber Gray (Riff Raff), Harvey Guillén (Eddie/Dr. Scott), Josh Rivera (Rocky), Rachel Dratch (The Narrator), Tassy Kirbas (s/w Phantom), Andres Quintero (s/w Phantom), Boy Radio (Phantom), Paul Soileau (Phantom)","An interesting audience for this fabulous production featuring callouts that are definitely not in the bible. | Recorded from front row.",,,,,"Gift at your Discretion",Unrestricted,Bootleg,,"M4A - 42.9 MB (untracked)",,"Full Show","Studio 54","New York, NY",2026-07-29,https://encora.it/recordings/2035257/
Audio,"The Rocky Horror Show","Second Broadway Revival",2026-05-20,Evening,DutchieSin,"Luke Evans (Dr. Frank-N-Furter), Stephanie Hsu (Janet Weiss), Andrew Durand (Brad Majors), Juliette Lewis (Magenta/Usherette), Caleb Quezon (u/s Columbia), Amber Gray (Riff Raff), Harvey Guillén (Eddie/Dr. Scott), Josh Rivera (Rocky), Rachel Dratch (The Narrator), Anania (s/w Phantom), Boy Radio (Phantom), Larkin Reilly (Phantom), Paul Soileau (Phantom)","10:00pm show recorded from the front row!! Near perfect besides some shuffling here and there. Energy was absolutely amazing!

Includes video of curtain call.",,,,,"Gift On Request",Unrestricted,Bootleg,"45.2 MB M4A","M4A - 161 MB (untracked)",,"Full Show","Studio 54","New York, NY",2026-07-13,https://encora.it/recordings/2033234/
Audio,"The Rocky Horror Show","Second Broadway Revival",2026-05-××,Unknown,Unknown,"Luke Evans (Dr. Frank-N-Furter), Stephanie Hsu (Janet Weiss), Andrew Durand (Brad Majors), Anania (u/s Magenta), Michaela Jaé Rodriguez (Columbia), Amber Gray (Riff Raff), Harvey Guillén (Eddie/Dr. Scott), Josh Rivera (Rocky), Rachel Dratch (The Narrator), Caleb Quezon (Phantom), Boy Radio (Phantom), Larkin Reilly (Phantom), Paul Soileau (Phantom)","ACT 1 ONLY. Good audio recorded from orchestra. I'm sorry, I did the (acccepted) callouts (pensive_face). ANANIA <3. Never post online publicly in any capacity (Tiktok, Tumblr, Reddit, etc.), trade and gift freely.",,,,,"Gift at your Discretion",Unrestricted,Bootleg,"MP3 (untracked) - 58.9 MB","MP3 - 58.9 MB (untracked)",,"Partial recording","Studio 54","New York, NY",2026-07-29,https://encora.it/recordings/2034267/
Video,"The Rocky Horror Show","Second Broadway Revival",2026-06-××,Unknown,MTTZ,"Luke Evans (Dr. Frank-N-Furter), Stephanie Hsu (Janet Weiss), Andrew Durand (Brad Majors), Anania (t/r Magenta/t/r Usherette), Michaela Jaé Rodriguez (Columbia), Amber Gray (Riff Raff), Harvey Guillén (Eddie/Dr. Scott), Josh Rivera (Rocky), Rachel Dratch (The Narrator), Tassy Kirbas (s/w Phantom), Boy Radio (Phantom), Larkin Reilly (Phantom), Paul Soileau (Phantom)","Great capture of this much-hyped revival! Shot in a great mix of wides, mediums, and close-ups. Increased wandering, shaking, and re-adjusting throughout. Audio is patched in from an external source; some scraping and rustling might be heard during adjustment periods. Obstruction on the bottom and far left that blocks a few lines/bits of action, but is worked around well. Overall a great capture, albeit a little messy.",,2026-12-05,,,"Gift at your Discretion",Unrestricted,Bootleg,"4K MP4 (6.70 GB)","MP4 - 6.70 GB",,"Full Show","Studio 54","New York, NY",2026-08-17,https://encora.it/recordings/2034638/
Video,"Romeo and Juliet (Shakespeare)","Broadway Revival (2024-2025)",2024-11-××,Unknown,StarCuffedJeans,"Kit Connor (Romeo), Rachel Zegler (Juliet), Taheen Modak (Benvolio), Gabby Beans (Mercutio/Friar Laurence), Solá Fádìran (Lord Capulet/Lady Capulet), Tommy Dorfman (Tybalt/The Nurse), Gían Pérez (Paris/Sampson/Peter), Nihar Duvvuri (Balthasar), Jasai Chase-Owens (Gregory), Daniel Bravo Hernández (Abraham)",,,2025-08-01,,,"Never Gift",Unrestricted,Bootleg,"MP4 (HD) -  6.24 GB","MP4 - 6.23 GB",,"Full Show","Circle In The Square Theatre","New York, NY",2026-08-21,https://encora.it/recordings/2010447/
Video,"Romeo and Juliet (Shakespeare)","Broadway Revival (2024-2025)",2024-10-××,Unknown,StarCuffedJeans,"Kit Connor (Romeo), Rachel Zegler (Juliet), Taheen Modak (Benvolio), Gabby Beans (Mercutio/Friar Laurence), Solá Fádìran (Lord Capulet/Lady Capulet), Tommy Dorfman (Tybalt/The Nurse), Gían Pérez (Paris/Sampson/Peter), Nihar Duvvuri (Balthasar), Jasai Chase-Owens (Gregory), Daniel Bravo Hernández (Abraham)","at least it’s a preview","Watermarked version is circulating more than the non-watermarked due to a leak. Check with traders for their files!",2025-04-01,,,"Never Gift",Unrestricted,Bootleg,"6.27 GB - MP4 (HD)","MP4 - 6.27 GB",,"Full Show","Circle In The Square Theatre","New York, NY",2026-07-13,https://encora.it/recordings/2006015/
Video,"SAW The Musical: The Unauthorized Parody of Saw","Hudson Theatre",2024-03-××,Evening,MTTZ,"Ray Robinson (Gordon/Zepp), Adam Parbhoo (Adam/Diana), Gabrielle Goodman (Jigsaw/Amanda/Alison)",,"First known recording of this show. A decent capture of this raunchy, funny, gay parody of the SAW movies in a very intimate theater! Shot with a mix of wides, mediums, and close-ups, with wides and close-ups being common wherever possible. Especially wideshot during darker scenes. Shot between and around many heads that obstruct some action. Some action is missed throughout, but the show is still very watchable. A large amount of wandering, re-adjusting, and some shakiness. Some rustling can be heard throughout.",2024-06-05,,,"Gift at your Discretion",Unrestricted,Bootleg,MP4,"MP4 - 13.9 GB",,"Full Show","Hudson Mainstage Theatre","Los Angeles, CA",2026-07-28,https://encora.it/recordings/1155954/
Video,Schmigadoon!,"Broadway Center Stage",2025-02-06,Evening,"Medium Observation","Sara Chase (Melissa Gimble), Alex Brightman (Josh Skinner), Isabelle McCalla (Emma Tate), Javier Muñoz (Doc Lopez), McKenzie Kurtz (Betsy McDonough), Ryan Vasquez (Danny Bailey), Brad Oscar (Mayor Aloysius Menlove), Ann Harada (Florence Menlove), Kevin Del Aguila (Reverend Layton/Leprechaun), Emily Skinner (Mildred Layton), Ayaan Diop (Carson Tate), Angel Reda (Countess Gabrielle Von Blerkom/Ensemble), Richard Riaz Yoder (Harvey the Innkeeper/Ensemble), Nathan Lucrezio (Farmer McDonough/Ensemble), Jess LeProtto (Pete/Ensemble), Phillip Attmore (Freddy/Ensemble), Brandon Block (Buford Riggs/Ensemble), Holly Ann Butler (Helen Pritt/Ensemble), Max Clayton (Larry the Fireman/Ensemble), Kimberly Immanuel (Zaneeta/Ensemble), Eloise Kropp (Nancy/Ensemble), Lauralyn McClelland (Ruth O’Reilly/Ensemble), Shina Ann Morris (Norma Nelson/Ensemble)","Near perfect video of this AMAZING show. There is some washout in wideshots but that's really the only issue with this video aside from some shakiness and readjusting throughout.",,2025-09-01,,,"Never Gift",Unrestricted,Bootleg,,"MP4 - 9.13 GB",,"Full Show","The Kennedy Center - Eisenhower Theater","Washington, DC",2026-07-21,https://encora.it/recordings/2010157/
Video,Schmigadoon!,Broadway,2026-06-××,Unknown,MTTZ,"Sara Chase (Melissa Gimble), Alex Brightman (Josh Skinner), Isabelle McCalla (Emma Tate), Clyde Alves (u/s Doc Lopez), McKenzie Kurtz (Betsy McDonough), Max Clayton (Danny Bailey), Brad Oscar (Mayor Aloysius Menlove), Ann Harada (Florence Menlove), Maulik Pancholy (Reverend Layton), Kaleigh Cronin (u/s Mildred Layton), Miles McNicoll (u/s Carson Tate), Afra Hines (Countess Gabrielle Von Blerkom), Richard Riaz Yoder (Harvey the Innkeeper), Nathan Lucrezio (Farmer McDonough), Jess LeProtto (Pete), Zachary Downer (Freddy), Lauralyn McClelland (s/w Helen Pritt), Joshua Burrage (Larry the Fireman), Lyrica Woodruff (Nancy), Becca Petersen (Annie), Brandon Block (s/w Tommy), Kimberly Immanuel (Carrie), Shina Ann Morris (Meg)","Excellent capture of this show's first performance post-Tonys! Shot in a great mix of wides, mediums, and close-ups. Some increased wandering, shaking, and re-adjusting throughout. Audio is patched in from an external source; some scraping and rustling might be heard during adjustment periods. Some disruptive audience noises (you may hear the man behind me hiss at the woman next to me to turn off her phone as she was taking pictures, which I found very funny). Overall an excellent capture of this freshly minted Best Musical winner!",,2026-12-05,,,"Gift at your Discretion",Unrestricted,Bootleg,"MP4 (4K)","MP4 - 9.70 GB",,"Full Show","Nederlander Theatre","New York, NY",2026-08-17,https://encora.it/recordings/2034958/
Video,"Shrek: The Musical",Broadway,2009-12-××,Unknown,,"Brian d'Arcy James (Shrek), Sutton Foster (Princess Fiona), Christopher Sieber (Lord Farquaad), Daniel Breaker (Donkey), John Tartaglia (Pinocchio/Magic Mirror/Dragon Puppeteer), Aymee Garcia (Dragonette/Mama Bear), Haven Burton (Dragonette/Gingy/Sugar Plum Fairy), Rachel Stern (Dragonette/Humpty Dumpty/Mama Ogre), Jennifer Simard (Wicked Witch/Queen Lillian/Magic Mirror Assistant), Chris Hoch (Big Bad Wolf/King Harold/Captain Guard), Colleen Hawks (Fairy Godmother/Bluebird), Denny Paschall (Peter Pan), Sarah Jane Shanks (Ugly Duckling/Blind Mouse), Dennis Stowe (Papa Bear/Thelonius), Lisa Ho (Baby Bear/Blind Mouse), Jacob Ming-Trent (Straw the Pig/Papa Ogre), Bobby Daye (Sticks the Pig/Bishop), Ryan Duncan (Bricks the Pig), Noah Rivera (White Rabbit), David F.M. Vaughn (Mad Hatter/Pied Piper), Kirsten Wyatt (Elf/Duloc Performer/Blind Mouse), Maya Goldman (Young Shrek/Dwarf), Leah Greenhaus (Young Fiona), Rozi Baker (Young Fiona), Tessa Albertson (Teen Fiona), Marissa O'Donnell (Teen Fiona), Marty Lawson (Guard), Cameron Adams (Ensemble), Jennifer Cody (Ensemble), Justin Greer (Ensemble), Danette Holden (Ensemble), Carolyn Ockert-Haythe (Ensemble), Greg Reuter (Ensemble), Heather Jane Rolff (Ensemble)",,"This 1080p HD proshot with soundboard audio was released to Netflix in 2013, but was filmed in mid-December of 2009, a few months before the production closed. File information varies across traders.
Leah Greenhaus and Marissa O'Donnell performed as Young Fiona and Teen Fiona, respectively, in I Know It's Today. Rozi Baker performed as Young Fiona in Big Bright Beautiful World and I'm a Believer, while Tessa Albertson performed as Teen Fiona in I'm a Believer. Swings and previous cast members were included as Duloc Dolls in the ensemble for What's Up, Duloc.",,,,"Gift at your Discretion",Unrestricted,Pro-Shot,,"MKV - 8.7 GB",,"Full Show","Broadway Theatre","New York, NY",2026-08-03,https://encora.it/recordings/8222/
Video,Six,"Hampton Court",2022-06-××,Evening,Lasagna,"Jarnéia Richard-Noel (Catherine of Aragon), Millie O'Connell (Anne Boleyn), Natalie Paris (Jane Seymour), Alexia McIntosh (Anna of Cleves), Aimie Atkinson (Katherine Howard), Maiya Quansah-Breed (Catherine Parr)",,"Incredible capture of the last show of the Hampton Court Palace run of Six! Shot between heads but this is only noticeable when action happens on the far right. Very brief blackout after AYWD but complete otherwise.",2023-12-29,,,"Gift at your Discretion",Unrestricted,Bootleg,"MP4 (4K)","MP4 - 5.72 GB",,"Full Show","Hampton Court Palace","London, United Kingdom",2026-08-03,https://encora.it/recordings/1127154/
Video,Six,Broadway,2022-04-10,Matinee,shesmydoctor,"Adrianna Hicks (Catherine of Aragon), Andrea Macasaet (Anne Boleyn), Keri René Fuller (t/r Jane Seymour), Brittney Mack (Anna of Cleves), Courtney Mack (s/b Katherine Howard), Joy Woods (Catherine Parr)",,"Focused on ensemble shots, stage shots, and parts of the choreography and staging that are not the main focus. Includes a Megasix video.",2022-10-08,,,"Gift at your Discretion",Unrestricted,Bootleg,"MP4 (HD)","MP4 - 5.53 GB",,"Full Show","Lena Horne Theatre","New York, NY",2026-08-19,https://encora.it/recordings/1125689/
Audio,Six,"West End",2026-03-28,Matinee,walkinginthesun,"Adrianne Langley (Catherine of Aragon), Marisha Morgan (Anne Boleyn), Jessica Aubrey (Jane Seymour), Tegan Bannister (alt Anna of Cleves), Leesa Tulley (Katherine Howard), Nia Stephen (Catherine Parr)",,,,,,"Never Gift",Unrestricted,Bootleg,,"M4A - 35.7 MB (untracked)",,"Full Show","Vaudeville Theatre","London, United Kingdom",2026-08-13,https://encora.it/recordings/2037047/
Video,Six,Broadway,2022-08-06,Evening,bikinibottomday,"Adrianna Hicks (Catherine of Aragon), Andrea Macasaet (Anne Boleyn), Keri René Fuller (e/c Jane Seymour), Brittney Mack (Anna of Cleves), Samantha Pauly (Katherine Howard), Courtney Mack (s/b Catherine Parr)",,"Great 4K capture of Adrianna Hicks’ penultimate performance! This was also meant to be Abby Mueller’s penultimate performance, but Keri René Fuller was announced to be performing as Jane right before the show began, two days before she was meant to take over Jane full-time. There is an obstruction on the right that blocks off where Howard and Parr stand in the lineup, and therefore blocks off action at points. Wandering, unfocusing, and brief blackouts are present. Includes audio of curtain call and megasix, audio is fed from external source.",2023-04-17,,,"Never Gift",Unrestricted,Bootleg,"4K MP4 (12.65GB)","MP4 - 12.6 GB",,"Full Show","Lena Horne Theatre","New York, NY",2026-08-20,https://encora.it/recordings/1135523/
Audio,Six,"Second US National Tour (Boleyn)",2024-06-15,Evening,"Medium Observation","Kristina Leopold (Catherine of Aragon), Cassie Silva (Anne Boleyn), Kelly Denice Taylor (Jane Seymour), Danielle Mendoza (Anna of Cleves), Alize Cruz (Katherine Howard), Adriana Scalice (Catherine Parr)",,,,,,"Gift at your Discretion",Unrestricted,Bootleg,,"M4A - 148 MB (untracked)",,"Full Show",,"Chicago, IL",2026-08-13,https://encora.it/recordings/2001327/
Video,"Something Rotten!",Broadway,2015-03-28,Evening,SunsetBlvd79,"Brian d'Arcy James (Nick Bottom), John Cariani (Nigel Bottom), Christian Borle (Shakespeare), Heidi Blickenstaff (Bea), Kate Reinders (Portia), Brad Oscar (Nostradamus), Brooks Ashmanskas (Brother Jeremiah), Gerry Vichi (Shylock), Michael James Scott (Minstrel/Snug), Peter Bartlett (Lord Clapham/Eyepatch Man)",,"Excellent HD capture of this hilarious new musical. The cast is just too perfect in every way. Superb performances, music, and story, and a great homage to theatre and musicals. Not to be missed! A",,,,"Gift at your Discretion",Unrestricted,Bootleg,,"VOB + smalls - 7.76 GB, MP4 - 1.35 GB, 9.11 GB total",,"Full Show","St. James Theatre","New York, NY",2026-08-05,https://encora.it/recordings/1218/
Video,"Sondheim on Sondheim","Alexandra Palace Concert",2024-10-××,Unknown,Lasagna,"Lucca Chadwick-Patel (Performer), Josefina Gabrielle (Performer), Jak Malone (Performer), Georgina Onuorah (Performer), Clive Rowe (Performer), Jenna Russell (Performer), Scarlett Strallen (Performer), Jack Wolfe (Performer)","Excellent capture of this moving concert performance!",,2025-07-29,,,"Never Gift",Unrestricted,Bootleg,"MP4 (4K)","4K MP4 - 9.76 GB",,"Full Show","Alexandra Palace Theatre","London, United Kingdom",2026-07-13,https://encora.it/recordings/2008206/
Video,"South Pacific","First Broadway Revival",2010-08-18,Evening,,"Kelli O'Hara (Ensign Nellie Forbush), Paulo Szot (Emile de Becque), Andrew Samonsky (Lt. Joseph Cable U.S.M.C.), Li Jun Li (Liat), Loretta Ables Sayre (Bloody Mary), Danny Burstein (Luther Billis)",,"Presented as part of PBS Live From Lincoln Center series, and broadcast live from the Vivian Beaumont Theatre at Lincoln Center just 4 days before the end of the run of the show, making it the longest running revival of any Rogers and Hammerstein musical in history.  Also included are interviews with the composers daughters, Mary Rogers and Alice Hammerstein.  Multi-camera pro-shot for TV",,,,"Gift at your Discretion",Unrestricted,Pro-Shot,,"MP4 - 2.21 GB",,"Full Show","Vivian Beaumont Theatre","New York, NY",2026-07-13,https://encora.it/recordings/547/
Video,"Spider-Man: Turn Off The Dark",Broadway,2011-09-17,Evening,SunsetBlvd79,"Reeve Carney (Peter Parker | Spider-Man), Patrick Page (Norman Osborn | Green Goblin), Jennifer Damiano (Mary Jane Watson), TV Carpio (Arachne), Megan Lewis (u/s Mrs. Gribrock/u/s Maxie/u/s Aunt May), Ken Marks (Uncle Ben/Buttons)","This is the revamped Spiderman 2.0 version. A completely reworked show from the original. A nice capture of the show, and not as horrible as the press made out. A-","T/W: This video contains a PETA advertisement at the beginning, which contains graphic images and may be distressing.  This was included by the master on release.",,,,"Gift at your Discretion",Unrestricted,Bootleg,,"VOB + smalls - 4.31 GB",,"Full Show","Foxwoods Theatre","New York, NY",2026-07-24,https://encora.it/recordings/1239/
Video,"The SpongeBob Musical",Broadway,2018-09-××,Unknown,juniper47,"Ethan Slater (SpongeBob SquarePants), Danny Skinner (Patrick Star), Christina Sajous (Sandy Cheeks), Gavin Lee (Squidward Q. Tentacles), Gaelen Gilliland (The Mayor), Brian Ray Norris (Eugene Krabs), Wesley Taylor (Sheldon Plankton), Catherine Ricafort (Karen the Computer), Jai'len Christine Li Josey (Pearl Krabs), Kelvin Moon Loh (Perch Perkins), Brandon Espinoza (Patchy the Pirate), Allan K Washington (Gary/Larry the Lobster), Abby C. Smith (Mrs. Puff), JC Schuster (Old Man Jenkins), Tom Kenny (French Narrator), Curtis Holbrook (Electric Skate), L'ogan J'ones (Electric Skate), Kyle Matthew Hamilton (Electric Skate), Lauralyn McClelland (Sardine Corps), Vasthy Mompoint (Sardine Corps), Oneika Phillips (Sardine Corps), Jesse JP Johnson (s/w Sardine Corps)",,"Filmed in 1080p HD 16:9 widescreen a couple weeks before the show closed. Very difficult to shoot around heads of some tall people, so quite a bit of obstruction in some scenes, but shot around as best as possible. Fun show, great energy from the cast as well as the audience who was loving every moment. First 30 seconds of Act 1 and first four minutes of Act 2 are audio only due to house lights being up. Audio fed in from external source so its super clear. NO PART OF THIS VIDEO IS EVER TO BE POSTED/SHARED/GIFTED ANYWHERE ONLINE including but not limited to YouTube, Tumblr, Vimeo, Reddit, etc.",,,NFS,"Gift at your Discretion",Unrestricted,Bootleg,,"MP4 - 5.6 GB",,"Full Show","Palace Theatre","New York, NY",2026-08-19,https://encora.it/recordings/1110182/
Video,"The SpongeBob Musical",Broadway,2018-09-16,Evening,NYCG8R,"Ethan Slater (SpongeBob SquarePants), Danny Skinner (Patrick Star), Christina Sajous (Sandy Cheeks), Gavin Lee (Squidward Q. Tentacles), Gaelen Gilliland (The Mayor), Brian Ray Norris (Eugene Krabs), Wesley Taylor (Sheldon Plankton), Catherine Ricafort (Karen the Computer), Jai'len Christine Li Josey (Pearl Krabs), Kelvin Moon Loh (Perch Perkins), Brandon Espinoza (Patchy the Pirate), Allan K Washington (Gary/Larry the Lobster), Abby C. Smith (Mrs. Puff), JC Schuster (Old Man Jenkins), Tom Kenny (French Narrator)",,"Final Broadway Performance. This was a ROWDY, LOUD crowd. People leaning forward all the way blocked the far left side of the stage, but its shot around best as possible and the bottom of the stage is blocked by some heads when action is all the way at the front - again, shot around best as possible. Also includes the full 18 minute speech at the end of the show.",2019-01-15,,,"Gift at your Discretion",Unrestricted,Bootleg,"2 discs VOB and Smalls - 8.34 GB","VOB + smalls - 8.33 GB",,"Full Show","Palace Theatre","New York, NY",2026-07-24,https://encora.it/recordings/6032/
Video,"The SpongeBob Musical",Broadway,2018-09-15,Evening,notjustthespongenextdoor,"Ethan Slater (SpongeBob SquarePants), Danny Skinner (Patrick Star), Christina Sajous (Sandy Cheeks), Gavin Lee (Squidward Q. Tentacles), Gaelen Gilliland (The Mayor), Brian Ray Norris (Eugene Krabs), Wesley Taylor (Sheldon Plankton), Catherine Ricafort (Karen the Computer), Jai'len Christine Li Josey (Pearl Krabs), Kelvin Moon Loh (Perch Perkins), Brandon Espinoza (Patchy the Pirate), Allan K Washington (Gary/Larry the Lobster), Austin Smith (Mrs. Puff), JC Schuster (Old Man Jenkins), Tom Kenny (French Narrator)",,"The full show, no zooms, and often misses the action. Wanders and blackouts quite a bit. Filmed from a camera that does allow the master to see what is being captured. Split into songs, similar to how a tracked audio would be. Third to last show",,,,"Gift at your Discretion",Unrestricted,Bootleg,,"MP4 - 4.3 GB",,"Full Show","Palace Theatre","New York, NY",2026-08-19,https://encora.it/recordings/4800/
Video,"The SpongeBob Musical","Nickelodeon TV Special",2019-11-××,Evening,,"Ethan Slater (SpongeBob SquarePants), Danny Skinner (Patrick Star), Christina Sajous (Sandy Cheeks), Gavin Lee (Squidward Q. Tentacles), Bryonha Marie Parham (The Mayor), Brian Ray Norris (Eugene Krabs), Wesley Taylor (Sheldon Plankton), Katie Lee Hill (Karen the Computer), Jai'len Christine Li Josey (Pearl Krabs), Kelvin Moon Loh (Perch Perkins), Tom Kenny (Patchy the Pirate/French Narrator), Allan K Washington (Gary/Larry the Lobster), Abby C. Smith (Mrs. Puff), JC Schuster (Old Man Jenkins)",,"A televised recording of the show with most of the OBC (Sandy, Karen, and The Mayor are played by different people) returning. Recorded through November 7-8 2019, Aired on December 7th, 2019 to 1.7 million viewers. Numerous cuts and changes have been made from the Broadway production most notably Bikini Bottom Day (Reprise 2) and the Big Guy Scene were cut and the set design was scaled-down. Featuring Tom Kenny (voice of Spongebob) as Patchy the Pirate. File information varies across traders.",,,,"Gift at your Discretion",Unrestricted,Pro-Shot,,"MKV - 4.57 GB",,"Full Show","Theatre Royal [Plymouth]","Plymouth, United Kingdom",2026-08-10,https://encora.it/recordings/23024/
Video,"Spring Awakening (Sheik/Sater)","First Broadway Revival",2015-10-18,Evening,SunsetBlvd79,"Austin McKenzie (Melchior Gabor), Sandra Mae Frank (Wendla Bergmann), Daniel Durant (Moritz Stiefel), Krysta Rodriguez (Ilse Neumann), Treshelle Edmond (Martha Bessell), Andy Mientus (Hanschen Rilow), Miles Barbee (Otto Lämmermeier), Alex Wyse (Georg Zirschnitz), Amelia Hensley (Thea), Ali Stroker (Anna), Joshua Castille (Ernst Robel), Marlee Matlin (The Adult Women), Russell Harvard (The Adult Men), Katie Boeck (Voice of Wendla), Alex Boniello (Voice of Moritz), Kathryn Gallagher (Voice of Martha), Daniel David Stewart (Voice of Ernst), Sean Grandillo (Voice of Otto), Lauren Luiz (Voice of Thea/Melitta), Patrick Page (Voice of Adult Men), Camryn Manheim (Voice of Adult Women), Alexandra Winter (Greta Brandenburg)",,"Deaf West Theatre production",2016-02-01,,,"Gift at your Discretion",Unrestricted,Bootleg,,"VOB + smalls - 7.69 GB",,"Full Show","Brooks Atkinson Theatre","New York, NY",2026-07-22,https://encora.it/recordings/798/
Video,"Spring Awakening (Sheik/Sater)",Broadway,2007-02-10,Evening,SunsetBlvd79,"Jonathan Groff (Melchior Gabor), Lea Michele (Wendla Bergmann), John Gallagher Jr. (Moritz Stiefel), Phoebe Strole (u/s Ilse Neumann), Lilli Cooper (Martha Bessell), Jonathan B. Wright (Hanschen Rilow), Brian Charles Johnson (Otto Lämmermeier), Skylar Astin (Georg Zirschnitz), Remy Zaken (Thea), Krysta Rodriguez (u/s Anna), Gideon Glick (Ernst Robel), Frances Mercanti-Anthony (u/s The Adult Women), Stephen Spinella (The Adult Men)",,"AMAZING capture, closeups, performances. Not to be missed. A+

Content warning, there is partial nudity in this bootleg.",,,,"Gift at your Discretion",Unrestricted,Bootleg,,"VOB + smalls - 4.15 GB","~38 MB off, possibly missing an info file (not any video files)","Full Show","Eugene O'Neill Theatre","New York, NY",2026-07-13,https://encora.it/recordings/316/
Video,"Spring Awakening (Sheik/Sater)","Deaf West Theatre Remount",2015-06-13,Matinee,"SJ Bernly","Austin McKenzie (Melchior Gabor), Sandra Mae Frank (Wendla Bergmann), Daniel Durant (Moritz Stiefel), Krysta Rodriguez (Ilse Neumann), Treshelle Edmond (Martha Bessell), Andy Mientus (Hanschen Rilow), Miles Barbee (Otto Lämmermeier), Alex Wyse (Georg Zirschnitz), Amelia Hensley (Thea), Ali Stroker (Anna), Joshua Castille (Ernst Robel), Hillary Baack (The Adult Women), Howie Seago (The Adult Men), Katie Boeck (Voice of Wendla), Alex Boniello (Voice of Moritz), Kathryn Gallagher (Voice of Martha), Daniel David Stewart (Voice of Ernst), Sean Grandillo (Voice of Otto), Lauren Luiz (Voice of Thea/Melitta), Daniel Marmion (Voice of Adult Men), Natacha Roi (Voice of Adult Women), Alexandra Winter (Greta Brandenburg)",,"Fantastic capture of Deaf West's production during its run at the Wallis Annenberg. Very well captured with no obstructions or washout, and just a few seconds of dropouts throughout the entire show, most of which happen between scenes. Great picture and sound throughout.",,,,"Gift at your Discretion",Unrestricted,Bootleg,,"VOB + smalls - 7.57 GB",,"Full Show","Wallis Annenberg Center for the Performing Arts","Beverly Hills, CA",2026-07-26,https://encora.it/recordings/4749/
Video,"Spring Awakening (Sheik/Sater)","Deaf West Theatre",2014-09-25,Evening,"SJ Bernly","Austin McKenzie (Melchior Gabor), Sandra Mae Frank (Wendla Bergmann), Daniel Durant (Moritz Stiefel), Lauren Patten (Ilse Neumann), Treshelle Edmond (Martha Bessell), Joseph Haro (Hanschen Rilow), Miles Barbee (Otto Lämmermeier), Jimmy Bellinger (Georg Zirschnitz), Amelia Hensley (Thea), Ali Stroker (Anna), Joshua Castille (Ernst Robel), Hillary Baack (The Adult Women), Troy Kotsur (The Adult Men), Katie Boeck (Voice of Wendla), Rustin Cole Sailors (Voice of Moritz), Kathryn Gallagher (Voice of Martha), Daniel David Stewart (Voice of Ernst), Sean Grandillo (Voice of Otto), Alexandra Winter (Voice of Thea/Melitta), Daniel Marmion (Voice of Adult Men), Natacha Roi (Voice of Adult Women)",,"A nice capture overall; the biggest flaw here is the obstruction. There are a lot of heads that were very difficult to work around, but the show is still captured well and the actors are only occasionally blocked for a few seconds at a time. There are some very quick dropouts, but no major blackouts. It's filmed in 16:9, with a mix of wides, mediums, and close-ups. The sound is excellent. Includes playbill scans.",,,,"Gift at your Discretion",Unrestricted,Bootleg,,"VOB + smalls - 7.73 GB",,"Full Show","Rosenthal Theater","Los Angeles, CA",2026-07-17,https://encora.it/recordings/6184/
Video,"Spring Awakening (Sheik/Sater)","West End 15th Anniversary Reunion Concert",2024-06-02,Unknown,Jagweed,"Jamie Muscato (Melchior Gabor), Charlotte Wakefield (Wendla Bergmann), Jack Wolfe (Moritz Stiefel), Lucy May Barker (Ilse Neumann), Hayley Gallivan (Martha Bessell), Richard Southgate (Hanschen Rilow), Edward Judge (Otto Lämmermeier), Jos Slovick (Georg Zirschnitz), Evelyn Hoskins (Thea), Natasha J. Barnes (Anna), Harry McEntire (Ernst Robel), Natalie Garner (The Adult Women), Mona Goodwin (The Adult Women), Gemma O'Duffy (The Adult Women), Chris Barton (The Adult Men)","A few short focus issues throughout. The top of a head sometimes appears at the bottom of the screen. It never obstructs anything. Recording includes the curtain call and a shot of the outside of the theatre. Filmed in 4K. External audio used.",,2025-08-30,,NFS,"Never Gift",Unrestricted,Bootleg,"9.06 GB MP4","MP4 - 9.06 GB",,"Full Show","Victoria Palace Theatre","London, United Kingdom",2026-07-13,https://encora.it/recordings/2010084/
Video,"Spring Awakening (Sheik/Sater)","First Broadway Revival",2015-11-15,Evening,SunsetBlvd79,"Austin McKenzie (Melchior Gabor), Sandra Mae Frank (Wendla Bergmann), Daniel Durant (Moritz Stiefel), Krysta Rodriguez (Ilse Neumann), Treshelle Edmond (Martha Bessell), Andy Mientus (Hanschen Rilow), Miles Barbee (Otto Lämmermeier), Alex Wyse (Georg Zirschnitz), Amelia Hensley (Thea), Ali Stroker (Anna), Joshua Castille (Ernst Robel), Marlee Matlin (The Adult Women), Alexandria Wailes (u/s The Adult Women), Russell Harvard (The Adult Men), Katie Boeck (Voice of Wendla), Alex Boniello (Voice of Moritz), Kathryn Gallagher (Voice of Martha), Daniel David Stewart (Voice of Ernst), Sean Grandillo (Voice of Otto), Lauren Luiz (Voice of Thea/Melitta), Patrick Page (Voice of Adult Men), Elizabeth Greene (u/s Voice of Adult Women), Camryn Manheim (Voice of Adult Women), Alexandra Winter (Greta Brandenburg)",,"Beautiful HD capture of the sign language production. This capture features the Adult Women understudies, who would go on to replace the originals. Also includes Left Behind from a Jon Groff concert. A​",2019-03-15,,,"Gift at your Discretion",Unrestricted,Bootleg,,"VOB + smalls - 7.74 GB",,"Full Show","Brooks Atkinson Theatre","New York, NY",2026-07-13,https://encora.it/recordings/6270/
Video,"Starlight Express","Troubadour Wembley Park Theatre",2024-08-××,Evening,MTTZ,"Jeevan Braich (Rusty), Kayna Montecillo (Pearl), Al Knott (Greaseball), Tom Pigram (Electra), Jade Marvin (Momma), Eve Humphrey (Dinah), Ashlyn Weekes (Belle the Sleeping Car), Renz Cardenas (Tassita), Jaydon Vijn (Hydra), Lewis Kidd (Porter), Harrison Peterkin (Lumber), Jessie Angell (s/w Slick), Jessica Vaux (Blue Lightning), Sam Gallacher (s/w Green Arrow), David Peter Brown (Golden Eagle), Isaac Edwards (s/w Silver Bullet), Marianthe Panas (Orange Flash), Hannah Kiss (s/w Joule), Ollie Augustin (Volta), Jamie Cruttenden (s/w Volta), Lilianna Hendy (Wrench), Sheridan (s/w Killerwatt), Cristian Buttaci (Control), Jamie Addison (Marshal), Dante Hutchinson (Marshal)","Solid capture of this spectacular production. Head obstruction on the far left of the stage and bottom of the track that only occasionally blocks action. Shot in a mix of wides and closeups with some mediums; all races are shot very wide so as not to miss any action. Some increased wandering, shaking, and re-adjusting throughout. Jamie Cruttenden came on as Volta for act 2. External audio and a video of the megamix patched in from LikeABoulevard. ",,2025-01-05,,,"Gift at your Discretion",Unrestricted,Bootleg,,"MP4 - 8.06 GB",,"Full Show","Troubadour Wembley Park Theatre","London, United Kingdom",2026-07-13,https://encora.it/recordings/2003610/
Video,"Starlight Express","Troubadour Wembley Park Theatre",2025-02-23,Evening,bikinibottomday,"Jeevan Braich (Rusty), Ashlyn Weekes (u/s Pearl), Al Knott (Greaseball), Tom Pigram (Electra), Jade Marvin (Momma), Lilianna Hendy (u/s Dinah), Bethany Rose Lythgoe (s/w Belle the Sleeping Car), Renz Cardenas (Tassita), Sheridan (s/w Hydra), Scott Hayward (s/w Porter), Harrison Peterkin (Lumber), Emily Martinez (Slick), Jessica Vaux (Blue Lightning), Charles Butcher (s/w Green Arrow), Sam Gallacher (s/w Golden Eagle), Oscar Kong (Silver Bullet), Marianthe Panas (Orange Flash), Catherine Cornwall (Joule), Ollie Augustin (Volta), Hannah Kiss (s/w Wrench), Isaac Edwards (s/w Killerwatt), Buzz Fletcher (Control), Jamie Addison (Marshal), Charlie Russell (Marshal)","Excellent 4K capture of a neat set of understudies! Slight obstruction on the far sides but little to no action is missed. Some wandering and unfocusing throughout. Includes curtain call, audio fed from external source.","Only known video of Lilianna Hendy as Dinah.",2025-09-02,,,"Never Gift",Unrestricted,Bootleg,"MP4 (4K) - 8.22 GB","MP4 - 8.21 GB",,"Full Show","Troubadour Wembley Park Theatre","London, United Kingdom",2026-08-21,https://encora.it/recordings/2011110/
Video,"Stranger Things: The First Shadow",Broadway,2025-05-13,Evening,bikinibottomday,"Louis McCartney (Henry Creel), Gabrielle Nevaeh (Patty Newby), Alison Jaye (Joyce Maldonado), Burke Swanson (James Hopper Jr), Juan Carlos (Bob Newby), T.R. Knight (Victor Creel), Rosie Benton (Virginia Creel), Poppy Lovell (Alice Creel), Alex Breaux (Dr. Brenner), Eric Wiegand (Alan Munson), Ted Koch (Chief Hopper/Captain Brenner), Logan Gould (Lonnie Byers), Robert T. Cunningham (Charles Sinclair), Jamie Martin Mann (Ted Wheeler), Dora Dolphin (Karen Childress), Andrew Hovelson (Principal Newby), Ian Dolley (Walter Henderson), Shea Grant (Claudia Yount), Ayana Cymone (Sue Anderson), Ta'Rea Campbell (Patty's Mom), Graham Winton (Ensemble), Maya West (Ensemble), Stephen Wattrus (Ensemble), Sean Mikesh (Ensemble), Patrick Scott McDermott (Ensemble), Rebecca Hurd (Ensemble), Nya Garner (Ensemble), Victor De Paula Rocha (Ensemble), Tom D'Agustino (Ensemble), Antoinette Comer (Ensemble), Malcolm Callender (Ensemble), Kelsey Anne Brown (Ensemble), Janie Brookshire (Ensemble)","Excellent 4K capture of this incredible play! Some head obstruction on the right side of the stage, mostly worked around. Some wandering and unfocusing throughout. Includes curtain call, audio fed from external source.",,2025-12-02,,,"Never Gift",Unrestricted,Bootleg,"MP4 (4K) - 10.71 GB","MP4 - 10.71 GB",,"Full Show","Marquis Theatre","New York, NY",2026-07-13,https://encora.it/recordings/2015399/
Video,"Sunset Boulevard","Third West End Revival",2023-10-××,Unknown,Lasagna,"Nicole Scherzinger (Norma Desmond), Tom Francis (Joe Gillis), Grace Hodgett-Young (Betty Schaefer), David Thaxton (Max Von Mayerling), Ahmed Hamad (Artie Green), Jon Tsouras (Cecil B. DeMille/Finance Man/Stan), Hannah Yun Chamberlain (Young Norma/Patsy)",,"Unobstructed capture of this innovative production! Wanders a little due to the darkness but everything is captured.",2023-12-29,,,"Gift at your Discretion",Unrestricted,Bootleg,"MP4 (4K)","MP4 - 9.17 GB",,"Full Show","Savoy Theatre","London, United Kingdom",2026-07-13,https://encora.it/recordings/1148861/
Video,"Sweeney Todd: The Demon Barber of Fleet Street","Third Broadway Revival",2024-02-28,Evening,bikinibottomday,"Aaron Tveit (Sweeney Todd), Sutton Foster (Mrs. Lovett), Daniel Yearwood (Anthony Hope), Maria Bilbao (Johanna), Jamie Jackson (Judge Turpin), Joe Locke (Tobias Ragg), John Rapson (Beadle Bamford), Jeanna de Waal (s/b Beggar Woman), Michael Kuhn (u/s Adolfo Pirelli), Stephen Tewksbury (Jonas Fogg), Hennessy Winkler (s/w Bird Seller), Patricia Phillips (Passerby), Galyana Castillo (Ensemble), Mia Gerachis (Ensemble), Timothy Hughes (Ensemble), Paul-Jordan Jansen (Ensemble), Alicia Kaori (Ensemble), Megan Ort (s/w Ensemble), Mia Pinero (Ensemble), Nathan Salstone (Ensemble), Kristie Dale Sanders (Ensemble), Claire Saunders (s/w Ensemble), Daniel Torres (Ensemble), Felix Torrez-Ponce (Ensemble), Tug Watson (s/w Ensemble)",,"Excellent 4K capture of the new cast! A few very minor obstructions that block off almost nothing. Increased wandering and unfocusing throughout. Includes curtain call, audio is fed from external source.",2024-09-02,,,"Never Gift",Unrestricted,Bootleg,"4K MP4 (11.46GB)","MP4 - 11.46 GB",,"Full Show","Lunt-Fontanne Theatre","New York, NY",2026-07-14,https://encora.it/recordings/1155977/
Video,"Sweeney Todd: The Demon Barber of Fleet Street","Third Broadway Revival",2023-05-31,Evening,bikinibottomday,"Josh Groban (Sweeney Todd), Annaleigh Ashford (Mrs. Lovett), Jordan Fisher (Anthony Hope), Maria Bilbao (Johanna), Jamie Jackson (Judge Turpin), Gaten Matarazzo (Tobias Ragg), John Rapson (Beadle Bamford), Jeanna de Waal (s/b Beggar Woman), Nicholas Christopher (Adolfo Pirelli), Danny Rothman (t/r Jonas Fogg), Dwayne Cooper (s/w Bird Seller), Patricia Phillips (Passerby), DeLaney Westfall (Ensemble), Felix Torrez-Ponce (Ensemble), Daniel Torres (Ensemble), Kristie Dale Sanders (Ensemble), Nathan Salstone (Ensemble), Lexi Rabadi (Ensemble), Samantha Pollino (Ensemble), Raymond J. Lee (Ensemble), Alicia Kaori (Ensemble), Paul-Jordan Jansen (Ensemble), Timothy Hughes (Ensemble), Taeler Cyrus (Ensemble), Galyana Castillo (Ensemble)",,"Excellent 4K capture of this revival! Increased wandering/readjustment and unfocusing throughout. Some minor head obstruction in the second act that is worked around very well. Other obstruction throughout only lasts for a second or two each time. Due to the angle, some of Johanna's moments are blocked off by the archway. Includes curtain call, audio is fed from external source.",2023-10-17,,,"Never Gift",Unrestricted,Bootleg,"MP4 (4K) - 11.09 GB","MP4 - 11.09 GB",,"Full Show","Lunt-Fontanne Theatre","New York, NY",2026-07-13,https://encora.it/recordings/1143661/
Audio,"Sweeney Todd: The Demon Barber of Fleet Street",Belfast,2019-02-02,Evening,IrishTrading,"Steven Page (Sweeney Todd), Julie Mullins (Mrs. Lovett), John Porter (Anthony Hope), Jessica Hackett (Johanna), Mark O'Regan (Judge Turpin), Jack Wolfe (Tobias Ragg), Richard Croxford (Beadle Bamford), Elaine Hearty (Beggar Woman), Matthew Cavan (Adolfo Pirelli), Enda Kilroy (Jonas Fogg/Ensemble), Jolene O'Hara (Ensemble), Dawn Burns (Ensemble), Tommy Wallace (Ensemble), Christopher Cull (Ensemble)",,"Staged at the Lyric Theatre. Co-Production with Northern Ireland Opera.
A central set piece breaks approx. 20 minutes into Act 1 and there is a show stop just before Green Finch & Linnet Bird begins. Multiple versions are circulating, including untracked MP3s (with and without album art) and tracked MP3s.",,,,"Gift at your Discretion",Unrestricted,Bootleg,,"MP3 - 273 MB (untracked)",,"Full Show","Lyric Theatre Belfast","Belfast, United Kingdom",2026-07-13,https://encora.it/recordings/34072/
Audio,"Theatrical Consequences",London,2023-05-15,Evening,badwolf1341,"Bessie Carter (Performer), David Mumeni (Performer), Denise Gough (Performer), Freddie Fox (Performer), Jack Wolfe (Performer), Jade Anouka (Performer), Kerry Godliman (Performer), Manjinder Virk (Performer), Pippa Bennett-Warner (Performer), Sacha Dhawan (Performer), Sam Phillips (Performer), Robert Bathurst (Performer), Tracy-Ann Oberman (Performer)",,,,,,"Gift at your Discretion",Unrestricted,Bootleg,,"M4A - 41.9 MB",,"Full Show","Savoy Theatre","London, United Kingdom",2026-07-14,https://encora.it/recordings/1152317/
Video,"Two Strangers (Carry a Cake Across New York)","West End",2024-08-××,Unknown,Jagweed,"Sam Tutty (Dougal), Dujonna Gift (Robin)","A perfect capture. Recording includes the curtain call and marquee. Filmed in 4K. External audio used.",,2025-08-30,,NFS,"Never Gift",Unrestricted,Bootleg,"MP4 (8.70 GB)","MP4 - 8.70 GB",,"Full Show","Criterion Theatre","London, United Kingdom",2026-07-13,https://encora.it/recordings/2010146/
Video,"Two Strangers (Carry a Cake Across New York)","West End","2024-08-×× (2)",Unknown,hitmewithyourbethshot,"Sam Tutty (Dougal), Tilly La Belle Yengo (s/b Robin)","Shot around safety rails",,2025-01-29,,,"Gift at your Discretion",Unrestricted,Bootleg,"MTS (HD)","MTS - 10.73 GB",,"Full Show","Criterion Theatre","London, United Kingdom",2026-07-20,https://encora.it/recordings/2003705/
Video,"Two Strangers (Carry a Cake Across New York)","West End",2024-05-××,Unknown,hitmewithyourbethshot,"Sam Tutty (Dougal), Dujonna Gift (Robin)","<p>MTS, shot around safety rails</p>",,2024-10-23,,,"Gift at your Discretion",Unrestricted,Bootleg,MTS,"MTS (split into 4 parts) 10.7 GB",,"Full Show","Criterion Theatre","London, United Kingdom",2026-07-13,https://encora.it/recordings/2000092/
Video,"Two Strangers (Carry a Cake Across New York)","American Repertory Theater",2025-06-01,Evening,shesmydoctor,"Sam Tutty (Dougal), Christiani Pitts (Robin)","Great unobstructed video",,2026-01-08,,,"Never Gift",Unrestricted,Bootleg,"MP4 (HD), 2 files, 7.07gb","MP4 (2 parts) - 7.07 GB",,"Full Show","American Repertory Theater - Loeb Drama Center","Cambridge, MA",2026-07-13,https://encora.it/recordings/2018232/
Video,"Two Strangers (Carry a Cake Across New York)",Broadway,2025-12-××,Evening,"The Riddle","Sam Tutty (Dougal), Phoenix Best (s/b Robin)","Excellent 4k capture of this delightful musical and of Phoenix's debut as Robin! Shot a mix of mediums, wides, and close-ups. Minor tilt from time to time, some shakiness (most of it from when laughing), and a few brief dropouts that never last more than a few seconds. Readjusting was kept to a minimum but still affects the picture occasionally, and there are moments of very brief focus issues due to lighting. The audience was incredibly enthusiastic, so slight volume warning for cheering after some of Phoenix's numbers and during bows. But I can't blame them, it truly was a magical night.",,2026-07-01,,,"Gift at your Discretion",Unrestricted,Bootleg,"MP4 (9.41 GB, 4K)","4K MP4 - 9.40 GB",,"Full Show","Longacre Theatre","New York, NY",2026-08-02,https://encora.it/recordings/2026634/
Audio,"The Unlikely Pilgrimage of Harold Fry","Chichester Festival Theatre",2025-05-05,Evening,Unknown,"Mark Addy (Harold Fry), Jenna Russell (Maureen Fry), Jack Wolfe (The Balladeer), Tarinn Callender (Wilf), Sharon Rose (Garage Girl/Kate), Amy Booth-Steel (Queenie Hennessy/Farmer's Wife), Madeleine Worrall (Sister Philomena/Martina), Don Gallagher (Silver-Haired Gentleman/Mr Napier), Timo Tatzber (Dog/Ensemble), Ben Redfern (Rich/Ensemble), Ralph Birtwell (Rex/Ensemble), Jacqueline Hughes (Ensemble), Nell Martin (Ensemble), Anu Ogunmefun (Ensemble)","First preview!","Originally released as untracked audio but frequently traded with tracked songs included.",,,,"Gift at your Discretion",Unrestricted,Bootleg,"MP3 (untracked) - 78.7 MB","MP3 - 78.7 MB (untracked)",,"Full Show","Chichester Festival Theatre - Minerva Theatre","Chichester, United Kingdom",2026-07-13,https://encora.it/recordings/2013843/
Audio,"The Unlikely Pilgrimage of Harold Fry","Chichester Festival Theatre",2025-06-05,Evening,Unknown,"Mark Addy (Harold Fry), Jenna Russell (Maureen Fry), Jack Wolfe (The Balladeer), Tarinn Callender (Wilf), Sharon Rose (Garage Girl/Kate), Amy Booth-Steel (Queenie Hennessy/Farmer's Wife), Madeleine Worrall (Sister Philomena/Martina), Don Gallagher (Silver-Haired Gentleman/Mr Napier), Timo Tatzber (Dog/Ensemble), Ben Redfern (Rich/Ensemble), Ralph Birtwell (Rex/Ensemble), Jacqueline Hughes (Ensemble), Nell Martin (Ensemble), Anu Ogunmefun (Ensemble)",,,,,,"Gift at your Discretion",Unrestricted,Bootleg,"MP3 (untracked) - 77.0 MB","MP3 - 77.0 MB (untracked)",,"Full Show","Chichester Festival Theatre - Minerva Theatre","Chichester, United Kingdom",2026-07-13,https://encora.it/recordings/2016651/
Audio,"The Unlikely Pilgrimage of Harold Fry","Chichester Festival Theatre",2025-06-13,Evening,Unknown,"Mark Addy (Harold Fry), Jenna Russell (Maureen Fry), Jack Wolfe (The Balladeer), Tarinn Callender (Wilf), Sharon Rose (Garage Girl/Kate), Amy Booth-Steel (Queenie Hennessy/Farmer's Wife), Madeleine Worrall (Sister Philomena/Martina), Don Gallagher (Silver-Haired Gentleman/Mr Napier), Timo Tatzber (Dog/Ensemble), Ben Redfern (Rich/Ensemble), Ralph Birtwell (Rex/Ensemble), Jacqueline Hughes (Ensemble), Nell Martin (Ensemble), Anu Ogunmefun (Ensemble)",,,,,,"Gift at your Discretion",Unrestricted,Bootleg,"MP3 (untracked) - 77.3 MB","MP3 - 77.3 MB (untracked)",,"Full Show","Chichester Festival Theatre - Minerva Theatre","Chichester, United Kingdom",2026-07-13,https://encora.it/recordings/2016652/
Audio,"The Unlikely Pilgrimage of Harold Fry","Chichester Festival Theatre",2025-05-××,Unknown,Unknown,"Mark Addy (Harold Fry), Jenna Russell (Maureen Fry), Jack Wolfe (The Balladeer), Tarinn Callender (Wilf), Sharon Rose (Garage Girl/Kate), Amy Booth-Steel (Queenie Hennessy/Farmer's Wife), Madeleine Worrall (Sister Philomena/Martina), Don Gallagher (Silver-Haired Gentleman/Mr Napier), Timo Tatzber (Dog/Ensemble), Ben Redfern (Rich/Ensemble), Ralph Birtwell (Rex/Ensemble), Jacqueline Hughes (Ensemble), Nell Martin (Ensemble), Anu Ogunmefun (Ensemble)",,"Jenna Russell was dealing with vocal strain due to a cold so most of Such A Simple Thing was sung by Jacqueline Hughes. The recording includes a pre-show announcement from the stage manager regarding this.",,,,"Gift at your Discretion",Unrestricted,Bootleg,"M4A (untracked) - 54.0 MB","M4A - 53.8 MB (untracked)",,"Full Show","Chichester Festival Theatre - Minerva Theatre","Chichester, United Kingdom",2026-07-13,https://encora.it/recordings/2016763/
Audio,"The Unlikely Pilgrimage of Harold Fry","Chichester Festival Theatre",2025-05-10,Matinee,Only_colour_and_light,"Mark Addy (Harold Fry), Jenna Russell (Maureen Fry), Jack Wolfe (The Balladeer)",,,,,,"Gift On Request",Unrestricted,Bootleg,,"M4A - 53.5 MB (untracked)",,"Full Show","Chichester Festival Theatre - Minerva Theatre","Chichester, United Kingdom",2026-07-13,https://encora.it/recordings/2017382/
Audio,"The Unlikely Pilgrimage of Harold Fry","Chichester Festival Theatre",2025-05-31,Matinee,walkinginthesun,"Mark Addy (Harold Fry), Jenna Russell (Maureen Fry), Jacqueline Hughes (e/c Maureen Fry/Ensemble), Jack Wolfe (The Balladeer), Tarinn Callender (Wilf), Sharon Rose (Garage Girl/Kate), Amy Booth-Steel (Queenie Hennessy/Farmer's Wife), Madeleine Worrall (Sister Philomena/Martina), Don Gallagher (Silver-Haired Gentleman/Mr Napier), Timo Tatzber (Dog), Ben Redfern (Rich), Ralph Birtwell (Rex), Nell Martin (Ensemble), Anu Ogunmefun (Ensemble)","Jacquline Hughes sang some of the Maureen Fry songs due to Jenna Russell having vocal strain. Includes pre show announcement explaining this",,,,,"Gift at your Discretion",Unrestricted,Bootleg,"M4A (Untracked)","M4A - 57.1 MB (untracked)",,"Full Show","Chichester Festival Theatre - Minerva Theatre","Chichester, United Kingdom",2026-08-11,https://encora.it/recordings/2037115/
Video,"The Unlikely Pilgrimage of Harold Fry","Chichester Festival Theatre",2025-05-××,Unknown,Jagweed,"Mark Addy (Harold Fry), Jenna Russell (Maureen Fry), Jack Wolfe (The Balladeer), Tarinn Callender (Wilf), Sharon Rose (Garage Girl/Kate), Amy Booth-Steel (Queenie Hennessy/Farmer's Wife), Madeleine Worrall (Sister Philomena/Martina), Don Gallagher (Silver-Haired Gentleman/Mr Napier), Timo Tatzber (Dog/Ensemble), Ben Redfern (Rich/Ensemble), Ralph Birtwell (Rex/Ensemble), Jacqueline Hughes (Ensemble), Nell Martin (Ensemble), Anu Ogunmefun (Ensemble)","Filmed in 4K. External audio used. An amazing capture of this new musical before its West End transfer, possibly without Wolfe. Shot from the side. Some brief focus issues, nothing major. Recording includes the curtain call and a shot of the outside of the theatre.",,2026-05-31,,NFS,"Never Gift",Unrestricted,Bootleg,"MP4 - 8.47 GB","MP4 - 8.47 GB",,"Full Show","Chichester Festival Theatre - Minerva Theatre","Chichester, United Kingdom",2026-07-13,https://encora.it/recordings/2022829/
Audio,"The Unlikely Pilgrimage of Harold Fry","Chichester Festival Theatre",2025-06-12,Matinee,SvetlanaVassy,"Mark Addy (Harold Fry), Jenna Russell (Maureen Fry), Jack Wolfe (The Balladeer), Tarinn Callender (Wilf), Sharon Rose (Garage Girl/Kate), Amy Booth-Steel (Queenie Hennessy/Farmer's Wife), Madeleine Worrall (Sister Philomena/Martina), Don Gallagher (Silver-Haired Gentleman/Mr Napier), Timo Tatzber (Dog/Ensemble), Ben Redfern (Rich/Ensemble), Ralph Birtwell (Rex/Ensemble), Jacqueline Hughes (Ensemble), Nell Martin (Ensemble), Anu Ogunmefun (Ensemble)",,"All trades through master",,NFTF,NFS,"Never Gift",Unrestricted,Bootleg,m4a,"M4A - 324 MB (untracked)",,"Full Show","Chichester Festival Theatre - Minerva Theatre","Chichester, United Kingdom",2026-08-06,https://encora.it/recordings/2026387/
Audio,"The Unlikely Pilgrimage of Harold Fry","West End",2026-02-04,Evening,walkinginthesun,"Mark Addy (Harold Fry), Jenna Russell (Maureen Fry), Noah Mullins (The Balladeer), Ashley Samuels (Wilf/Jim), Nicole Nyarambi (Garage Girl), Gleanne Purcell-Brown (Kate/Betsy), Maggie Service (Queenie Hennessy/Fairy Assistant/Gorilla), Jenna Boyd (Farmer's Wife/Sister Philomena/Rita), Madeleine Worrall (Martina/Locum), Daniel Crossley (Silver-Haired Gentleman/Mr Napier), Timo Tatzber (Dog/Young Harold), Ross Dawes (Rich), Peter Polycarpou (Rex), Nell Martin (Young Maureen/Kind Customer/Deliveroo)",,,,,,"Never Gift",Unrestricted,Bootleg,,"M4A - 57.5 MB (untracked)",,"Full Show","Theatre Royal Haymarket","London, United Kingdom",2026-08-13,https://encora.it/recordings/2037056/
Video,Urinetown,Encores!,2025-02-09,Evening,bikinibottomday,"Jordan Fisher (Bobby Strong), Stephanie Styles (Hope Cladwell), Greg Hildreth (Officer Lockstock), Pearl Scarlett Gold (Little Sally), Tiffany Mann (u/s Penelope Pennywise), Rainn Wilson (Caldwell B. Cladwell), Josh Breckenridge (Senator Fipp), Christopher Fitzgerald (Officer Barrel), Myra Lucretia Taylor (Josephine Strong/Old Woman), Jenni Barber (Little Becky Two Shoes/Mrs. Millennium), Kevin Cahoon (Old Man Strong/Hot Blades Harry), Jeff Hiller (Mr. McQueen), John Yi (Dr. Billeaux/Tiny Tom), Geena Quintos (s/w Soupy Sue), Yeman Brown (Billy Boy Bill), Daniel Quadrino (Robby The Stockfish), Graham Rowat (Five-Times Johnny/UGC Executive)","Excellent 4K capture of this lovely show! Some minor head obstruction on the left that blocks off a few moments of action but is mostly worked around well. Some wandering and unfocusing throughout. Includes curtain call, audio fed from external source.",,2025-08-17,,,"Never Gift",Unrestricted,Bootleg,"4K MP4 (8.64GB)","MP4 - 8.64 GB",,"Full Show","New York City Center - Mainstage","New York, NY",2026-07-26,https://encora.it/recordings/2010704/
Video,Waitress,"Broadway Remount",2021-09-××,Unknown,,"Sara Bareilles (Jenna), Charity Angél Dawson (Becky), Caitlin Houlahan (Dawn), Drew Gehling (Dr. Pomatter), Christopher Fitzgerald (Ogie), Eric Anderson (Cal), Dakin Matthews (Joe), Joe Tippett (Earl), Anastacia McCleskey (Nurse Norma), Stephanie Torns (Francine Pomatter), Nora Lincoln Weiner (Lulu), Molly Jobe (Mother), Matt DeAngelis (Father), Nyla Watson (Ensemble), Tyrone Davis Jr. (Ensemble), Max Kumangai (Ensemble), Henry Gottfried (Ensemble)",,"Released on January 9, 2024 to streaming platforms.",,,NFS,"Gift at your Discretion",Unrestricted,Pro-Shot,,"MKV - 9.81 GB",,"Full Show","Ethel Barrymore Theatre","New York, NY",2026-07-13,https://encora.it/recordings/1153444/
Audio,Waitress,Broadway,2019-07-21,Evening,firewillspread,"Shoshana Bean (Jenna), Charity Angél Dawson (Becky), Caitlin Houlahan (Dawn), Erich Bergen (Dr. Pomatter), Noah Galvin (Ogie), Benny Elledge (Cal), Larry Marshall (Joe), Ben Thompson (Earl)",,"Act 2 only! Shoshana and Erichs last show. There is a standing ovation after “She Used to be Mine”. The crowd and cast are emotional. Includes bows and a little bit of the speech for Shoshana and Eric. Allowed to be gifted privately. 
",,,,"Gift at your Discretion",Unrestricted,Bootleg,,"M4A - 30.9 MB (untracked)",,"Partial recording","Brooks Atkinson Theatre","New York, NY",2026-08-20,https://encora.it/recordings/27996/
Video,Waitress,Broadway,2019-07-××,Unknown,StarCuffedJeans,"Alison Luff (Jenna), Dayna Jarae Dantzler (u/s Becky), Caitlin Houlahan (Dawn), Mark Evans (Dr. Pomatter), Noah Galvin (Ogie), Benny Elledge (Cal), Richard Kline (Joe), Ben Thompson (Earl), Arica Jackson (u/s Nurse Norma), Stephanie Torns (Francine Pomatter), Everleigh Rotunno (Lulu), Molly Hager (Mother), Dan Tracy (Father)",,"Beautiful HD capture of a lot of new and old cast members, including newcomers Alison, Mark, and Noah, along with Caitlin's return to the role and Richard's short temporary residence in the Broadway company. Dayna is absolutely hilarious as Becky. Act One starts shortly after Earl's entrance. Please do not post screenshots of this video on Twitter ever. Gifs on Tumblr are okay after the NFT date, but don't go linking things to actors and shows.",2020-02-02,,,"Gift at your Discretion",Unrestricted,Bootleg,"MP4 (HD) - 5.62 GB","MP4 - 5.61 GB",,"Full Show","Brooks Atkinson Theatre","New York, NY",2026-08-03,https://encora.it/recordings/24864/
Video,Waitress,Broadway,2016-03-30,Evening,SunsetBlvd79,"Jessie Mueller (Jenna), Keala Settle (Becky), Kimiko Glenn (Dawn), Drew Gehling (Dr. Pomatter), Christopher Fitzgerald (Ogie), Eric Anderson (Cal), Dakin Matthews (Joe), Nick Cordero (Earl), Charity Angél Dawson (Nurse Norma)",,"Beautiful capture of this stunning Broadway transfer. This is the performance where the set broke and Sara Bareilles came out while it was being fixed. She sang a cut song from the show and Part of Your World and talked with the audience, which is included. A+",,,,"Gift at your Discretion",Unrestricted,Bootleg,,"VOB + smalls - 8.22 GB",,"Full Show","Brooks Atkinson Theatre","New York, NY",2026-07-24,https://encora.it/recordings/236/
Video,Waitress,Broadway,2019-04-××,Unknown,StarCuffedJeans,"Shoshana Bean (Jenna), Charity Angél Dawson (Becky), Molly Jobe (u/s Dawn), Jeremy Jordan (Dr. Pomatter), Eddie Jemison (Ogie), Benny Elledge (Cal), Larry Marshall (Joe), Ben Thompson (Earl), Melody A. Betts (Nurse Norma), Stephanie Torns (Francine Pomatter), Tess Murphy (Lulu), Molly Hager (Mother), Dan Tracy (Father)","A nearly perfect video and ABSOLUTELY PERFECT performance. Small obstructions occur at Joe's table (but who cares) and during Negative. The rest of show, however, is captured gorgeously (and this time not diagonally). The video is very Shoshana focused, but I try to give everyone (yes, Jeremy too) their moments. The colors are absolutely vivid and I was trying new stabilization settings on my camera and god I'm gonna keep it this way. Do not list this video with an exact date.",,2019-10-03,,,"Gift at your Discretion",Unrestricted,Bootleg,,"MP4 - 18.7 GB",,"Full Show","Brooks Atkinson Theatre","New York, NY",2026-07-13,https://encora.it/recordings/9394/
Audio,Waitress,Broadway,2019-05-02,Evening,bubbledress,"Shoshana Bean (Jenna), Charity Angél Dawson (Becky), Caitlin Houlahan (Dawn), Jeremy Jordan (Dr. Pomatter), Noah Galvin (Ogie), Benny Elledge (Cal), Larry Marshall (Joe), Dan Tracy (u/s Earl), Arica Jackson (u/s Nurse Norma)",,,,,,"Gift at your Discretion",Unrestricted,Bootleg,,"M4A - 62.9 MB (untracked)",,"Full Show","Brooks Atkinson Theatre","New York, NY",2026-08-17,https://encora.it/recordings/9402/
Audio,Waitress,Broadway,2019-05-06,Evening,bwbeyondJim,"Shoshana Bean (Jenna), Charity Angél Dawson (Becky), Caitlin Houlahan (Dawn), Jeremy Jordan (Dr. Pomatter), Noah Galvin (Ogie), Benny Elledge (Cal), Larry Marshall (Joe), Ben Thompson (Earl)",,"starts in the middle of the no-phone announcements.",2019-06-07,,,"Gift at your Discretion",Unrestricted,Bootleg,,"MP3 - 253 MB (untracked)",,"Full Show","Brooks Atkinson Theatre","New York, NY",2026-08-20,https://encora.it/recordings/11688/
Audio,Waitress,Broadway,2019-05-23,Evening,BroadwayontheDaily,"Shoshana Bean (Jenna), Charity Angél Dawson (Becky), Caitlin Houlahan (Dawn), Jeremy Jordan (Dr. Pomatter), Noah Galvin (Ogie), Benny Elledge (Cal), Larry Marshall (Joe), Ben Thompson (Earl), Melody A. Betts (Nurse Norma), Stephanie Torns (Francine Pomatter), Everleigh Rotunno (Lulu), Molly Hager (Mother), Dan Tracy (Father)",,"Missing approximately the first two minutes of Act 2.",2019-07-01,,,"Gift at your Discretion",Unrestricted,Bootleg,,"MP3 - 314 MB (tracked)",,"Full Show","Brooks Atkinson Theatre","New York, NY",2026-08-20,https://encora.it/recordings/11947/
Audio,Waitress,Broadway,2019-05-25,Matinee,Donnynovabandstand,"Shoshana Bean (Jenna), Charity Angél Dawson (Becky), Caitlin Houlahan (Dawn), Jeremy Jordan (Dr. Pomatter), Noah Galvin (Ogie), Benny Elledge (Cal), Larry Marshall (Joe), Ben Thompson (Earl)",,,,,,"Gift at your Discretion",Unrestricted,Bootleg,,"MP3 - 251 MB (tracked)",,"Full Show","Brooks Atkinson Theatre","New York, NY",2026-08-20,https://encora.it/recordings/12747/
Audio,Waitress,Broadway,2019-06-01,Evening,TimeToBlowYourMind,"Shoshana Bean (Jenna), Charity Angél Dawson (Becky), Caitlin Houlahan (Dawn), Jeremy Jordan (Dr. Pomatter), Noah Galvin (Ogie), Benny Elledge (Cal), Larry Marshall (Joe), Ben Thompson (Earl)",,"Jeremy Jordan's penultimate performance as Dr Pomatter. Amazing performances from all—Megan Hilty was in the audience to support Sho, so an exceptionally phenomenal performance from Shoshana. Charity was particularly riff-tastic, Caitlin sounded amazing, and Noah was hilarious as Ogie. Includes two versions, from an Olympus Dictaphone & from the VoiceRecord7 app on iPhone X, both perfect quality.",,,,"Gift at your Discretion",Unrestricted,Bootleg,,"M4A - 108 MB (untracked)",,"Full Show","Brooks Atkinson Theatre","New York, NY",2026-08-20,https://encora.it/recordings/12923/
Audio,Waitress,Broadway,2019-05-26,Matinee,writingonthewalltrades,"Shoshana Bean (Jenna), Charity Angél Dawson (Becky), Caitlin Houlahan (Dawn), Jeremy Jordan (Dr. Pomatter), Noah Galvin (Ogie), Benny Elledge (Cal), Larry Marshall (Joe), Ben Thompson (Earl)",,"Jeremy tells Shoshana shes 8 months pregnant instead of 8 weeks. Recorded from rear orchestra, so a little quieter, and we also had some really annoying girls sitting around us.",2019-08-01,,,"Gift at your Discretion",Unrestricted,Bootleg,,"M4A - 62.4 MB (untracked)",,"Full Show","Brooks Atkinson Theatre","New York, NY",2026-08-20,https://encora.it/recordings/13015/
Audio,Waitress,Broadway,2019-06-01,Matinee,navarrotrades,"Shoshana Bean (Jenna), Charity Angél Dawson (Becky), Caitlin Houlahan (Dawn), Jeremy Jordan (Dr. Pomatter), Noah Galvin (Ogie), Benny Elledge (Cal), Larry Marshall (Joe), Ben Thompson (Earl), Melody A. Betts (Nurse Norma), Stephanie Torns (Francine Pomatter), Everleigh Rotunno (Lulu), Molly Hager (Mother), Dan Tracy (Father)",,,,,,"Gift at your Discretion",Unrestricted,Bootleg,,"M4A - 64.6 MB (untracked)",,"Full Show","Brooks Atkinson Theatre","New York, NY",2026-08-20,https://encora.it/recordings/13117/
Audio,Waitress,Broadway,2019-06-25,Evening,TJonC,"Shoshana Bean (Jenna), Charity Angél Dawson (Becky), Caitlin Houlahan (Dawn), Erich Bergen (Dr. Pomatter), Noah Galvin (Ogie), Benny Elledge (Cal), Larry Marshall (Joe), Ben Thompson (Earl)",,,,,,"Gift at your Discretion",Unrestricted,Bootleg,,"M4A - 60.7 MB (untracked)",,"Full Show","Brooks Atkinson Theatre","New York, NY",2026-08-17,https://encora.it/recordings/13693/
Audio,Waitress,Broadway,2019-07-21,Evening,explodedpeanutbrittle,"Shoshana Bean (Jenna), Charity Angél Dawson (Becky), Caitlin Houlahan (Dawn), Erich Bergen (Dr. Pomatter), Noah Galvin (Ogie), Benny Elledge (Cal), Larry Marshall (Joe), Ben Thompson (Earl)",,"Shoshana and Erichs last performance. Recorded from 2nd row. NFT to cris-ink only. Do not ever give to cris-ink.",,,,"Gift at your Discretion",Unrestricted,Bootleg,,"MP3 - 131 MB (tracked)",,"Full Show","Brooks Atkinson Theatre","New York, NY",2026-08-20,https://encora.it/recordings/16136/
Audio,Waitress,Broadway,2019-07-26,Evening,bubbledress,"Alison Luff (Jenna), Dayna Jarae Dantzler (u/s Becky), Caitlin Houlahan (Dawn), Mark Evans (Dr. Pomatter), Noah Galvin (Ogie), Benny Elledge (Cal), Richard Kline (Joe), Ben Thompson (Earl), Arica Jackson (u/s Nurse Norma), Molly Jobe (s/w Francine Pomatter)",,"First known audio of Allison Luff and Mark Evans!",,,,"Gift at your Discretion",Unrestricted,Bootleg,,"MP3 - 240 MB (untracked)",,"Full Show","Brooks Atkinson Theatre","New York, NY",2026-08-20,https://encora.it/recordings/16219/
Audio,Waitress,Broadway,2019-07-23,Evening,ghostlighttrading,"Alison Luff (Jenna), Charity Angél Dawson (Becky), Caitlin Houlahan (Dawn), Mark Evans (Dr. Pomatter), Noah Galvin (Ogie), Benny Elledge (u/s Cal), Larry Marshall (u/s Joe), Ben Thompson (Earl)",,"Alisons Jenna debut! Taken by a non-trader friend.",,,,"Gift at your Discretion",Unrestricted,Bootleg,,"M4A - 240 MB (untracked)",,"Full Show","Brooks Atkinson Theatre","New York, NY",2026-08-20,https://encora.it/recordings/16408/
Audio,Waitress,Broadway,2019-07-31,Matinee,StarCuffedJeans,"Alison Luff (Jenna), Dayna Jarae Dantzler (u/s Becky), Caitlin Houlahan (Dawn), Mark Evans (Dr. Pomatter), Noah Galvin (Ogie), Benny Elledge (Cal), Richard Kline (Joe), Ben Thompson (Earl), Arica Jackson (u/s Nurse Norma), Stephanie Torns (Francine Pomatter), Everleigh Rotunno (Lulu), Molly Hager (Mother), Dan Tracy (Father)",,,,,,"Gift at your Discretion",Unrestricted,Bootleg,,"MP3 - 88.1 MB (untracked)",,"Full Show","Brooks Atkinson Theatre","New York, NY",2026-08-20,https://encora.it/recordings/17548/
Video,"Water for Elephants",Broadway,2024-05-23,Evening,bikinibottomday,"Grant Gustin (Jacob Jankowski), Gregg Edelman (Mr. Jankowski), Isabelle McCalla (Marlena), Paul Alexander Nolan (August), Stan Brown (Camel), Joe De Paul (Walter), Sara Gettelfinger (Barbara), Wade McCollum (Wade), Keaton Hentoff-Killian (u/s Silver Star), Alexandra Gaelle Royer (Ensemble), Rachael Boyd (s/w Ensemble), Matthew Varvar (Ensemble), Sean Stack (Ensemble), Charles South (Ensemble), Marissa Rosen (Ensemble), Samuel Renaud (Ensemble), Michael Mendez (Ensemble), Caroline Kane (Ensemble), Nicolas Jelmoni (Ensemble), Harley McLeish (s/w Ensemble), Isabella Luisa Diaz (Ensemble), Gabriel Olivera De Paula Costa (Ensemble), Taylor Colleton (Ensemble), Paul Castree (Ensemble)","Excellent 4K capture of this new musical! Two short blackouts (about 30 seconds total) during Act Two. Act Two starts 30 seconds late. Some moments of wandering and unfocusing. Includes curtain call, audio is fed from external source.",,2024-11-17,,,"Never Gift",Unrestricted,Bootleg,"MP4 (4K) - 10.9 GB","MP4 - 10.9 GB",,"Full Show","Imperial Theatre","New York, NY",2026-07-24,https://encora.it/recordings/2000223/
Video,"The Who's Tommy","First Broadway Revival",2024-05-28,Evening,bikinibottomday,"Ali Louis Bourzgui (Tommy), Olive Ross-Kline (Tommy Age 4), Reese Levine (Tommy Age 10), Alison Luff (Mrs. Walker), Adam Jacobs (Captain Walker), John Ambrosino (Uncle Ernie), Bobby Conte Thornton (Cousin Kevin), Alexandra Matteo (u/s Sally Simpson), Christina Sajous (The Acid Queen), Aliah James (Nurse), Jenna Nicole Schoen (Nurse/Mrs. Simpson), Nathan Lucrezio (Lover/Mr. Simpson), Sheldon Henry (Hawker/Judge/Specialist), Daniel Quadrino (Harmonica Player), Ronnie S Bowman Jr. (Minister), Tyler Eisenreich (DJ/Commanding Officer/News Vendor), Dee Tomasetta (s/w Head Nurse), Lily Kren (Psychiatrist), Mark Mitrano (First Pinball Lad), Jeremiah Alsop (Second Pinball Lad), Tassy Kirbas (Ensemble), Reagan Pender (Ensemble), Andrew Tufano (Ensemble)","Excellent 4K capture of this brilliant new revival! Minor head obstruction on the bottom which blocks off very little. Some moments of wandering and unfocusing. Some washout on the wider shots. Includes curtain call, audio fed from external source.",,2024-12-02,,,"Never Gift",Unrestricted,Bootleg,"MP4 (4K) - 8.26 GB","MP4 - 8.25 GB",,"Full Show","Nederlander Theatre","New York, NY",2026-07-13,https://encora.it/recordings/2005673/
Audio,"The Who's Tommy","Bay Street Theater",2006-06-24,Evening,Unknown,"Euan Morton (Tommy), Noah Galvin (Tommy Age 10), Liz Pearce (Mrs. Walker), Mike McGowan (Captain Walker), Paul Binotto (Uncle Ernie), Josh Walden (Cousin Kevin), Laura Woyasz (Sally Simpson)",,,,,,"Gift at your Discretion",Unrestricted,Bootleg,,"MP3 - 131 MB (tracked)",,"Full Show","Bay Street Theater","Sag Harbor, NY",2026-08-17,https://encora.it/recordings/23065/
Video,Wicked,Broadway,2023-02-19,Evening,Unknown,"Mary Kate Morrissey (s/b Elphaba), McKenzie Kurtz (Glinda), James D. Gish (Fiyero), Cleavant Derricks (The Wizard), Michele Pawk (Madame Morrible), Mikayla Renfrow (Nessarose), Michael Wartella (Boq), Clifton Davis (Doctor Dillamond), Lisa Finegold (s/w Witch's Mother)",,"Highlights of Mary Kate Morrissey debut as Elphaba on Broadway!",,,,"Gift at your Discretion",Unrestricted,Bootleg,,"MP4 - 487 MB",,Highlights,"Gershwin Theatre","New York, NY",2026-08-03,https://encora.it/recordings/1138655/
Video,Wicked,Broadway,2005-08-17,Evening,jstarz,"Shoshana Bean (Elphaba), Megan Hilty (Glinda), David Ayers (Fiyero), Ben Vereen (The Wizard), Adinah Alexander (u/s Madame Morrible), Megan Sikora (u/s Nessarose), Jeffrey Kuhn (Boq), Sean McCourt (Doctor Dillamond)",,"About five minutes worth of cover-ups at the beginning (you see Glinda's entrance) because of latecomers and a few more random ones during the first Act. The first few minutes of the second Act are similar to those of Act One. No obstructions, and incredible close-ups. There are 1-disk and 2-disk versions of this video, so check before trading.",,,,"Gift at your Discretion",Unrestricted,Bootleg,,"VOB + smalls - 6.02 GB",,"Full Show","Gershwin Theatre","New York, NY",2026-07-12,https://encora.it/recordings/137/
Video,Wicked,Broadway,2004-07-18,Matinee,Pigerty,"Idina Menzel (Elphaba), Kristin Chenoweth (Glinda), Norbert Leo Butz (Fiyero), Sean McCourt (u/s The Wizard), Carole Shelley (Madame Morrible), Michelle Federer (Nessarose), Randy Harrison (t/r Boq), William Youmans (Doctor Dillamond)",,"This is Kristin and Norbert's last show. It was also supposed to be Joel Grey's last show, but he was ill. Video is sound only for the first 4 minutes and for the last 30 seconds of Defying Gravity. This is a great video with excellent sound. Includes the speech by Idina. This bootleg is a treasure.
Multiple copies are circulating. The best is the 7.8 GB file, which has higher video resolution, working menus, and the playbill. The 7.63 GB file has the same video quality but no playbill, skips 1 minute in late Act 1 (A Sentimental Man (Reprise)), skips the first 1.5 minutes of Act 2, and the smalls may glitch such that the last section of Act 1 doesn't play at all. The 4.07 GB file has worse video quality but does have a working menu, and includes the playbill and various extras (TV spots, Macy's special, Seth's Broadway Chatterbox).",,,,"Gift at your Discretion",Unrestricted,Bootleg,"VOB + smalls, 7.8 GB","VOB + smalls - 7.80 GB",,"Full Show","Gershwin Theatre","New York, NY",2026-07-13,https://encora.it/recordings/14/
Video,Wicked,Broadway,2013-05-12,Evening,Lanelle,"Willemijn Verkaik (Elphaba), Katie Rose Clarke (Glinda), Kyle Dean Massey (Fiyero), Adam Grupper (The Wizard), Randy Danson (Madame Morrible), Catherine Charlebois (Nessarose), F. Michael Haynie (Boq), John Schiappa (Doctor Dillamond)",,"Filmed from the right orchestra, at a slight angle, but excellent quality. The taper originally released this as a blu-ray, 2-disc DVDs or 1-disc DVD, so make sure to get the version that best suits your needs.",,,,"Gift at your Discretion",Unrestricted,Bootleg,"VOB (with smalls) - 4.27 GB; VOB (with smalls) - 7.45 GB; M2TS - 24.02 GB","M2TS - 24.0 GB",,"Full Show","Gershwin Theatre","New York, NY",2026-07-13,https://encora.it/recordings/278/
Video,Wicked,Broadway,2007-07-02,Evening,SunsetBlvd79,"Caissie Levy (u/s Elphaba), Kendra Kassebaum (Glinda), Sebastian Arcelus (Fiyero), David Garrison (The Wizard), Jayne Houdyshell (Madame Morrible), Cristy Candler (Nessarose), Logan Lipton (Boq), Steven Skybell (Doctor Dillamond)",,"Caissie's first as Elphaba, and she tore it up and put it on a silver platter. Beautiful capture and vocals. Kendra is hilarious at this performance. A",,,,"Gift at your Discretion",Unrestricted,Bootleg,,"VOB + Smalls - 3.63 GB",,"Full Show","Gershwin Theatre","New York, NY",2026-07-13,https://encora.it/recordings/389/
Video,Wicked,"Los Angeles",2008-01-18,Evening,juniper47,"Caissie Levy (Elphaba), Megan Hilty (Glinda), Kristoffer Cusick (Fiyero), John Rubinstein (The Wizard), JoAnne Worley (Madame Morrible), Marcie Dodd (Nessarose), Michael Drolet (Boq), Timothy Britten Parker (Doctor Dillamond), Peter John Chursin (Chistery), Linda Kerns (Midwife), Gina Starbuck (Witch's Mother), Matthew Stocke (Witch's Father/Ozian Official), Dioni Michelle Collins (Ensemble), Courtney Corey (Ensemble), Natalie Daradich (Ensemble), Melissa Fahn (Ensemble), DJ Gregory (Ensemble), Zach Hensler (Ensemble), Lindsay Janisse (Ensemble), Jeremy Kocal (Ensemble), Adam Lambert (Ensemble), Alexander Selma (Ensemble), Terrance Spencer (Ensemble), Brooke Wendle (Ensemble)",,"Skips from the end of I'm Not That Girl/scene with Morrible straight into the beginning of Defying Gravity",,,NFS,"Gift at your Discretion",Unrestricted,Bootleg,,"VOB - 4.19 GB",,"Full Show","Pantages Theatre","Los Angeles, CA",2026-07-14,https://encora.it/recordings/391/
Video,Wicked,Broadway,2006-01-08,Evening,Pigerty,"Shoshana Bean (Elphaba), Megan Hilty (Glinda), David Ayers (Fiyero), Ben Vereen (The Wizard), Rue McClanahan (Madame Morrible), Michelle Federer (Nessarose), Robb Sapp (Boq), Sean McCourt (Doctor Dillamond)",,"Shoshana, David, Rue and Michelle's last performance. The whole cast was really having fun, very high audience energy throughout. Megan and Shoshana have a really funny bit during Popular, and the crowd went wild. Camera wanders quite a bit and is shaky at points due to the blind filming, plus some spotlight washout. Still, this recording is an absolute gem. Includes Playbill scans and Megan's post-show speech.",,,,"Gift at your Discretion",Unrestricted,Bootleg,,"VOB + smalls 2.48 GB and MP4 4.00 GB - 8.29 GB total",,"Full Show","Gershwin Theatre","New York, NY",2026-07-16,https://encora.it/recordings/1675/
Video,Wicked,Broadway,2006-05-28,Evening,secretlydefying,"Eden Espinosa (Elphaba), Megan Hilty (Glinda), Derrick Williams (Fiyero), David Garrison (The Wizard), Carol Kane (Madame Morrible), Jenna Leigh Green (Nessarose), Robb Sapp (Boq), Sean McCourt (Doctor Dillamond)",,"Megan Hilty's last show in the Broadway run (she will reprise the role of Glinda in the Los Angeles run).
A very Megan-centric recording, good close-ups and follows the action very well. Includes detailed scene selection, playbill scans at the start (DVD 1) and stage door recordings (DVD 2). One of, if not the best performance of Megan.",,,,"Gift at your Discretion",Unrestricted,Bootleg,,"VOB - 7.58 GB",,"Full Show","Gershwin Theatre","New York, NY",2026-07-16,https://encora.it/recordings/2092/
Video,Wicked,Broadway,2007-07-03,Evening,Unknown,"Caissie Levy (u/s Elphaba), Kendra Kassebaum (Glinda), Sebastian Arcelus (Fiyero), David Garrison (The Wizard), Jayne Houdyshell (Madame Morrible), Cristy Candler (Nessarose), Logan Lipton (Boq), Steven Skybell (Doctor Dillamond)",,,,,,"Gift at your Discretion",Unrestricted,Bootleg,,"VOB + smalls - 5.06 GB",,"Full Show","Gershwin Theatre","New York, NY",2026-08-05,https://encora.it/recordings/2323/
Video,Wicked,"Los Angeles",2008-08-09,Evening,SunsetBlvd79,"Teal Wicks (Elphaba), Erin Mackey (Glinda), Adam Lambert (u/s Fiyero), John Rubinstein (The Wizard), JoAnne Worley (Madame Morrible), Briana Yacavone (Nessarose), Michael Drolet (Boq), David DeVries (Doctor Dillamond)",,"Beautiful capture and nice performances from the cast. Adam was a great Fiyero and has a beautiful voice with very nice vocal variations. Briana's Nessa is very nice here as well, a nice transition in her character. A",,,,"Gift at your Discretion",Unrestricted,Bootleg,,"VOB + smalls - 4.19 GB",,"Full Show","Pantages Theatre","Los Angeles, CA",2026-08-22,https://encora.it/recordings/6208/
Video,Wicked,Broadway,2006-01-29,Matinee,Unknown,"Eden Espinosa (Elphaba), Megan Hilty (Glinda), Derrick Williams (Fiyero), George Hearn (t/r The Wizard), Carol Kane (Madame Morrible), Cristy Candler (Nessarose), Robb Sapp (Boq), Sean McCourt (Doctor Dillamond)",,"Quite a lot of spotlight washout, some head obstruction and shakiness.
(Not Masters notes) The one where Megan hits BOTH optional high notes at the end of No One Mourns the Wicked and Thank Goodness.",,,,"Gift at your Discretion",Unrestricted,Bootleg,,"VOB + smalls - 3.46 GB",,"Full Show","Gershwin Theatre","New York, NY",2026-08-10,https://encora.it/recordings/7447/
Video,Wicked,Broadway,2023-02-20,Matinee,onehandonmycamera,"Mary Kate Morrissey (s/b Elphaba), McKenzie Kurtz (Glinda), James D. Gish (Fiyero), Cleavant Derricks (The Wizard), Michele Pawk (Madame Morrible), Mikayla Renfrow (Nessarose), Michael Wartella (Boq), Clifton Davis (Doctor Dillamond)",,"MKs second performance as Elphaba s/b on Broadway",2023-08-01,,,"Gift at your Discretion",Unrestricted,Bootleg,,"7 MP4s - 22.5 GB",,"Full Show","Gershwin Theatre","New York, NY",2026-07-30,https://encora.it/recordings/1138640/
Video,Wicked,Broadway,2023-03-05,Evening,juniper47,"Talia Suskauer (Elphaba), McKenzie Kurtz (Glinda), James D. Gish (Fiyero), Cleavant Derricks (The Wizard), Michele Pawk (Madame Morrible), Mikayla Renfrow (Nessarose), Michael Wartella (Boq), Clifton Davis (Doctor Dillamond), Chase Madigan (Chistery), Christianne Tisdale (Midwife), Kristina Doucette (Witch's Mother), Michael Thatcher (Witch's Father/Ozian Official)",,"Filmed in 4K, released as 1080p and 4K. Filmed very well from mezzanine, drop-outs only for applause, No obstruction. Camera goes out of focus briefly a few times. Final show for Talia Suskauer, Mikayla Renfrow, and Cleavant Derricks—Talia was very emotional especially during For Good. Includes curtain call.",2024-10-28,,NFS,"Gift at your Discretion",Unrestricted,Bootleg,"MP4 (HD & 4K)","MP4 - 19.9 GB",,"Full Show","Gershwin Theatre","New York, NY",2026-07-13,https://encora.it/recordings/1155583/
Video,Wicked,Broadway,2023-05-30,Evening,bikinibottomday,"Alyssa Fox (Elphaba), McKenzie Kurtz (Glinda), Jordan Litz (Fiyero), John Dossett (The Wizard), Michele Pawk (Madame Morrible), Kimber Elayne Sprawl (Nessarose), Michael Wartella (Boq), William Youmans (Doctor Dillamond), Chase Madigan (Chistery), Christianne Tisdale (Midwife), Lisa Finegold (s/w Witch's Mother), Michael Thatcher (Witch's Father/Ozian Official)","Excellent 4K capture of (almost) the full anniversary cast! Very slight obstruction on the bottom right that only blocks a moment or two. Some wandering and unfocusing throughout. Some washout on the wider shots. Includes curtain call, audio is fed from external source.",,2023-10-17,,,"Never Gift",Unrestricted,Bootleg,"MP4 (4K) - 10.7 GB","MP4 - 10.7 GB",,"Full Show","Gershwin Theatre","New York, NY",2026-07-16,https://encora.it/recordings/1143702/
Video,Wicked,Broadway,2024-01-××,Evening,"The Riddle","Mary Kate Morrissey (s/b Elphaba), McKenzie Kurtz (Glinda), Jordan Litz (Fiyero), Michael Thatcher (u/s The Wizard), Christianne Tisdale (u/s Madame Morrible), Kimber Elayne Sprawl (Nessarose), Jake Pedersen (Boq), William Youmans (Doctor Dillamond), Chase Madigan (Chistery), Allsun O'Malley (s/w Midwife), Alison Jantzie (Witch's Mother), David Scott Purdy (s/w Witch's Father/s/w Ozian Official), Matt Farcher (s/w Ensemble), Kelsey Kaufman (s/w Ensemble), Dashi Mitchell (s/w Ensemble), Colby Q. Lindeman (s/w Ensemble)","<p>Great 4k capture of this superb cast with the phenomenal Mary Kate Morrissey. Moderate to severe lighting washout throughout, but follows all the action near perfectly. Shot with a mix of mediums, wides, and zooms. Occasional slight obstruction from the person in front of me fixing their updo.</p>",,2024-11-22,,,"Gift at your Discretion",Unrestricted,Bootleg,,"MP4 - 11.0 GB",,"Full Show","Gershwin Theatre","New York, NY",2026-07-21,https://encora.it/recordings/2000154/
Video,Wicked,Broadway,2023-12-03,Matinee,shesmydoctor,"Mary Kate Morrissey (s/b Elphaba), McKenzie Kurtz (Glinda), Jordan Litz (Fiyero), John Dossett (The Wizard), Michele Pawk (Madame Morrible), Kimber Elayne Sprawl (Nessarose), Jake Pedersen (Boq), William Youmans (Doctor Dillamond), Chase Madigan (Chistery), Christianne Tisdale (Midwife), Alison Jantzie (Witch's Mother), Michael Thatcher (Witch's Father/Ozian Official)",,"Fantastic capture of MK and McKenzie, who are wonderful together. Unobstructed, with a mix of close-ups on the actors and wide shots of the staging. Occasional minor shaking.",2024-06-08,,,"Gift at your Discretion",Unrestricted,Bootleg,"MP4 (HD) - 8.92 GB","MP4 - 8.93 GB",,"Full Show","Gershwin Theatre","New York, NY",2026-07-20,https://encora.it/recordings/1155521/
Video,Wicked,Broadway,2023-10-××,Unknown,StarCuffedJeans,"Alyssa Fox (Elphaba), McKenzie Kurtz (Glinda), Jordan Litz (Fiyero), John Dossett (The Wizard), Michele Pawk (Madame Morrible), Kimber Elayne Sprawl (Nessarose), Jake Pedersen (Boq), William Youmans (Doctor Dillamond), Chase Madigan (Chistery), Christianne Tisdale (Midwife), Alison Jantzie (Witch's Mother), Michael Thatcher (Witch's Father/Ozian Official), Alex Aquilino (Ensemble), Beka Burnham (Ensemble), Randy Castillo (Ensemble), Olivia Dei Cicchi (Ensemble), Meg Doherty (Ensemble), Hannah Florence (Ensemble), Dan Gleason (Ensemble), Josh Daniel Green (Ensemble), Jeff Heimbrock (Ensemble), Zachary Daniel Jones (Ensemble), Cajai Kennedy (Ensemble), Yando Lopez (Ensemble), Alicia Newcom (Ensemble), Emily Rogers (Ensemble), Gabriela M. Soto (Ensemble), Travis Taber (Ensemble), Jeremy Thompson (Ensemble), Michael Williams (Ensemble)",,"One of the celebratory 20th Anniversary performances! 

In Defying Gravity, Elphaba is out of frame from To those who'd ground me till the end.",2024-09-01,,,"Gift at your Discretion",Unrestricted,Bootleg,"MP4 (HD) - 6.62 GB (02:19:32)","MP4 - 6.62 GB",,"Full Show","Gershwin Theatre","New York, NY",2026-07-20,https://encora.it/recordings/1158026/
Video,Wicked,Broadway,2023-05-21,Matinee,bikinibottomday,"Mary Kate Morrissey (s/b Elphaba), McKenzie Kurtz (Glinda), Jordan Litz (Fiyero), John Dossett (The Wizard), Michele Pawk (Madame Morrible), Beka Burnham (u/s Nessarose), Michael Wartella (Boq), William Youmans (Doctor Dillamond), Alex Aquilino (u/s Chistery), Christianne Tisdale (Midwife), Lindsay Janisse (Witch's Mother), Michael Thatcher (Witch's Father/Ozian Official)",,"Excellent 4K capture of MK and McKenzie together! Only very brief obstruction when someone was walking past. Minimal wandering and unfocusing. Some washout on the wider shots. Includes curtain call, audio is fed from external source.",2024-10-02,,,"Never Gift",Unrestricted,Bootleg,"4K MP4 (10.62GB)","MP4 - 10.63 GB",,"Full Show","Gershwin Theatre","New York, NY",2026-07-13,https://encora.it/recordings/1157107/
Video,"The Wild Party (LaChiusa)",Broadway,2000-06-08,Evening,Unknown,"Toni Collette (Queenie), Mandy Patinkin (Burrs), Tonya Pinkins (Kate), Yancey Arias (Black), Eartha Kitt (Dolores), Marc Kudisch (Jackie), Norm Lewis (Eddie Mackrel), Leah Hocking (Mae), Brooke Sunny Moriber (Nadine), Nathan Lee Graham (Phil D'Armano), Michael McElroy (Oscar D'Armano), Jane Summerhays (Miss Madelaine True), Sally Murphy (Sally), Adam Grupper (Gold), Stuart Zagnit (Goldberg)",,,,,,"Gift at your Discretion",Unrestricted,Bootleg,,"MKV - 3.93 GB",,"Full Show","Virginia Theatre","New York, NY",2026-08-19,https://encora.it/recordings/12063/
Video,"The Wild Party (Lippa)","Encores! Off-Center",2015-07-18,Evening,NYCG8R,"Sutton Foster (Queenie), Steven Pasquale (Burrs), Brandon Victor Dixon (Black), Joaquina Kalukango (Kate), Miriam Shor (Madeline True), Talene Monahon (Mae), Ryan Andes (Eddie), Clifton Oliver (Oscar d'Armano), Britton Smith (Phil d'Armano), Renée Albulario (Nadine), Charlie Pollock (Cop/Sam Himmelsteen), Rachel deBenedet (Dolores), Raymond J. Lee (Max), James Brown III (The Neighbor), Penelope Armstead-Williams (Ensemble), Kenita R. Miller (Ensemble), Sydney Morton (Ensemble), Ryan Steele (Ensemble), Samantha Sturm (Ensemble)",,"Fantastic video but since this is City Center, there are a couple heads at the bottom of the screen that are shot excellently around. Another very nice capture of the 2nd night of the show.",,,,"Gift at your Discretion",Unrestricted,Bootleg,,"VOB + smalls - 2.20 GB",,"Full Show","New York City Center - Mainstage","New York, NY",2026-08-19,https://encora.it/recordings/19690/
Video,"The Wild Party (Lippa)","Encores! Off-Center",2015-07-17,Evening,SunsetBlvd79,"Sutton Foster (Queenie), Steven Pasquale (Burrs), Brandon Victor Dixon (Black), Joaquina Kalukango (Kate), Miriam Shor (Madeline True), Talene Monahon (Mae), Ryan Andes (Eddie), Clifton Oliver (Oscar d'Armano), Britton Smith (Phil d'Armano), Renée Albulario (Nadine), Charlie Pollock (Cop/Sam Himmelsteen), Rachel deBenedet (Dolores), Raymond J. Lee (Max), James Brown III (The Neighbor), Penelope Armstead-Williams (Ensemble), Kenita R. Miller (Ensemble), Sydney Morton (Ensemble), Ryan Steele (Ensemble), Samantha Sturm (Ensemble)",,"Excellent HD capture from the Encores Summer Series! The cast was terrific and full of energy, giving everything they had. Great to see these songs performed again by this caliber of talent! A",,,,"Gift at your Discretion",Unrestricted,Bootleg,,"VOB + smalls - 6.22 GB",,"Full Show","New York City Center - Mainstage","New York, NY",2026-08-19,https://encora.it/recordings/518/
